id,spec,source,label,label_name,angle_deviation,avg_rate,final_torque,hold_fluctuation,rising_slope,torque_mean,torque_peak_angle,total_angle
B0046,M16,benchmark,0,合格,0.4896451980326635,-0.32065266179721635,-0.1428378398047604,-0.4929502124240929,-0.3902262673345005,-0.23735073733326947,0.1286388992302689,-0.38228500722335274
B1181,M12,benchmark,4,虚拧,0.6388879788267106,-1.9276512561156216,-1.1405072288254114,-0.6605252078389425,-1.1696516369753376,-1.2544199184536806,-0.8834843331519031,0.5289775148221028
B0709,M12,benchmark,1,欠拧,-0.49110334075305656,-0.5358024480260647,-0.855106493073893,-0.6302812437155706,-0.7237866008189279,-0.9683188944974248,-1.1331531431577866,-1.7411750765544947
E1349,M12,extended,3,滑牙,-0.016249745722985983,-0.23781125486035268,-1.0336456501897864,-0.46879245363975475,-0.6823540306818162,-0.9406072827580483,-1.0586318486035715,-1.4009866942045723
B0882,M16,benchmark,2,过拧,0.9467146870220381,0.019236386372155346,0.026828925212403,-0.25300514372313004,-0.18220436206674573,-0.08325805464584134,0.24727967673648552,-0.14315114793499073
E0277,M12,extended,0,合格,0.6329958709667626,-0.6830956836069731,-0.7110638075743407,-0.6579850773976673,-0.852378138556037,-0.787897326758199,-0.724805214759743,-0.9463635345304033
E0194,M16,extended,0,合格,0.4237182594777582,0.0575184816767483,-0.16445133617811158,-0.47160971404731944,-0.35887317563580795,-0.21648071686285633,-0.13997935455369484,-0.38286542921191685
E1526,M16,extended,4,虚拧,-0.6805849069321133,-1.9280335313267227,-1.141418476968393,-0.6494081445392446,-1.2090555415736515,-1.254120492388591,-0.8221413519651765,0.6289933880093914
B0332,M24,benchmark,0,合格,0.7911845960115834,0.9757373109574469,1.6732960788844586,0.10827302453374564,0.741902043750768,1.5912601469452714,1.530717952814113,1.4179701616221287
B0958,M16,benchmark,3,滑牙,-0.084080841086289,0.05661094903061699,-0.8944320341904652,1.5076758545601736,-0.6416853229826213,-0.47418114171034387,-0.3643522751897882,-0.7379614921102192
E1267,M20,extended,3,滑牙,-0.32572911831805523,0.47573596183384936,-0.27318997685676444,1.715146954369214,-0.06145936093422996,0.16013189638477965,0.2749846984272082,-0.12298912096382085
E0440,M24,extended,0,合格,0.2858285645601969,0.9384554959224446,1.6219988106678778,0.007989433636633037,1.635235143723224,1.6656503909375933,1.5264390461545465,1.0759794162550866
E0724,M24,extended,1,欠拧,-1.8143845401286762,0.8767688449809375,0.7080987718930458,0.27521496074158064,0.307393815803768,0.5299973315336035,0.5038522689157872,-0.2552336887792678
B0979,M20,benchmark,3,滑牙,-0.329178157065342,0.5092149015544719,-0.34148447839901763,1.7524976857929624,0.11702469057999716,0.12275574016880737,0.2632446730125148,-0.12179772846097937
E0016,M24,extended,0,合格,0.6453189989909215,1.0271452360338986,1.6465806842255526,0.2820404212569218,1.2507632633096755,1.5911063070795535,1.5242636356259431,1.2921407842065997
E1709,M12,extended,4,虚拧,0.6124094209438955,-1.9284386511302207,-1.1431318417402263,-0.6586905736168341,-1.2204822590799773,-1.256389239478931,-1.4819559503100983,0.5064632513709627
E0769,M12,extended,1,欠拧,-0.24424557791340967,-0.47674924191506624,-0.8062755970766398,-0.5623687249060507,-0.8105486362865125,-0.9191496076177545,-0.9941426125201046,-1.663337433035493
B0616,M24,benchmark,0,合格,0.26427207238965594,0.9994520845885838,1.5792792794618777,0.07954944081041912,1.0842677220295942,1.6333722908193107,1.4856995398916144,1.0925061686663033
E0029,M12,extended,0,合格,0.16223800944909436,-0.6799211585919385,-0.6990320581415613,-0.5885704060885479,-0.7139219983590115,-0.8000213727341265,-0.75434405359028,-1.2923866852916797
B0108,M24,benchmark,0,合格,0.8183457761464652,0.8900795483117948,1.7444225432183726,-0.13185353524824664,0.5761173991009425,1.6726352571554681,1.6034953232255633,1.4374906695533072
E0667,M20,extended,1,欠拧,-1.3374112233685025,0.509127605340002,0.042254664734610675,-0.07405966624475793,-0.09553289136890909,-0.11972138383038776,-0.06650081876525647,-0.8438426822345755
E0031,M20,extended,0,合格,0.940499231779532,0.16036319107886782,0.6066064637525929,-0.2847501369878725,0.3861485158974605,0.5274836234932113,0.928758487370389,0.622119969723765
E0152,M24,extended,0,合格,0.4935972215972632,1.1297663641629858,1.5849050090152543,0.18899250177381718,0.9518946218194154,1.6602954907345278,1.4093264495981752,1.2708179132583024
B1160,M24,benchmark,4,虚拧,-3.3460092363325757,-1.9316948070153506,-1.1393013255942803,-0.6643677118401988,-1.2106279563709563,-1.2552490752134817,-0.8182759530920386,0.9592534995022982
E0421,M12,extended,0,合格,0.4035270118113519,-0.5241211323477537,-0.715412698412402,-0.6339113778608291,-0.5591157402454666,-0.7912998528663747,-0.8137273674413229,-1.1500611039906479
B0383,M20,benchmark,0,合格,0.3753598620418451,0.3108323620901599,0.589281835884532,-0.25079036714037145,0.36113246462966575,0.504258690047635,0.7581415789700263,0.2891410394423218
B0478,M16,benchmark,0,合格,0.4853338995985551,-0.07224724463985947,-0.18533910798250156,-0.49648318769237165,-0.45553852354564367,-0.23596717939940043,-0.04449501308748572,-0.3469098144466635
E1187,M20,extended,2,过拧,1.0482098376583355,0.6523556007192889,1.0897316768039742,0.31953097195975705,0.5418002996356849,0.9116575179209986,1.0721917534629168,0.6431373554149237
B1139,M20,benchmark,4,虚拧,-1.9625854238011466,-1.9324512747700813,-1.140398097311282,-0.6524077192210803,-1.2039940118698371,-1.2574607289887054,-1.4579005842995938,0.7608713735162712
B0451,M20,benchmark,0,合格,0.3734557052334474,0.633023852660047,0.6220103769719747,-0.3593625849909202,0.5207737049959462,0.5445188308080362,0.5377599074029402,0.3281209582532507
E1200,M24,extended,2,过拧,0.35847394317492126,1.6412239920789085,2.310274900555636,0.46749589458475616,2.382380410703356,2.2909469262587434,1.5489302740163853,1.1022205998433219
E1455,M20,extended,3,滑牙,-1.035332913085319,1.1763291037409707,-0.7408730806588188,2.100069779602728,0.1641548597427781,0.0036911658290423267,-0.19616247770976789,-0.5328281419414218
B0691,M20,benchmark,0,合格,0.24479937446226702,0.34440314205517225,0.5831704710932788,-0.3668497861332925,0.3552441463836638,0.5511090608098835,0.6991178371071819,0.2725531899796772
B0114,M16,benchmark,0,合格,0.5560391939179308,-0.31636659284685315,-0.1697769540676321,-0.4348144453841087,-0.02995455678215866,-0.25710031193709865,0.12880070662495863,-0.29803217330443305
E0699,M20,extended,1,欠拧,-1.7058835295369525,0.5851471828222471,-0.017189271011738432,-0.3734380288268066,0.1949415534064997,-0.12930286847797315,-0.2508893343136357,-1.0395670864834936
E1516,M24,extended,4,虚拧,-3.047775167153139,-1.9166235171086068,-1.1329880675018875,-0.6506079585875937,-1.1896491705985774,-1.2553177148271426,-1.4551858157886925,1.2128368114533314
E0250,M16,extended,0,合格,1.0064620978213883,-0.4457819841518476,-0.15508239569009244,-0.5643603486898242,-0.5375325178623532,-0.21047389749527817,0.3019525975421233,-0.006324301262459952
E1697,M12,extended,4,虚拧,1.0244976962707404,-1.8502636415655958,-1.1369877374947344,-0.658279357585694,-1.207408315437777,-1.2553702555780804,-2.168648554772885,0.8568548413093258
B0764,M24,benchmark,1,欠拧,-1.8577849443653656,0.8935418505721869,0.6017010021924709,-0.11379449045733257,0.4775351290077092,0.5081793585160252,0.42431494512619755,-0.24234221092800465
B0596,M24,benchmark,0,合格,0.09580808607687709,0.9639894236797105,1.7249589376733727,0.1816798418042243,0.9685143352198622,1.5815508611176912,1.4597384423436566,0.9589174657194455
E1641,M12,extended,4,虚拧,1.7932381345591883,-1.94018935412619,-1.1398797226191668,-0.664700650604706,-1.2182090193512283,-1.259805197954894,-0.19866150302775018,1.5105016460095133
E0379,M20,extended,0,合格,0.6714023545172763,0.13048372697366897,0.6424561661441401,-0.47113088998566016,-0.13740816610978968,0.5810419472804922,0.9387366100429072,0.4927469633254244
E1210,M16,extended,3,滑牙,0.20456058907725672,0.019651519629430462,-0.8737625254143344,1.5675913501395453,-0.23352512550124882,-0.3926203554101787,-0.20853175410380895,-0.5350581843185358
E1400,M24,extended,3,滑牙,-0.05257243503034766,1.3495791410836322,0.22788737026892267,3.764193369870039,2.5678853327583075,1.3149503008983259,1.0296543872589912,0.9237255640970401
B0544,M24,benchmark,0,合格,0.19748287414792895,1.0430742217436069,1.654301738850216,0.3026075235655947,1.1042160211667518,1.5643867936952012,1.4036272335852231,1.0324783156385016
E0708,M24,extended,1,欠拧,-2.1752761465504857,1.6331139857336694,0.9194865147619244,0.4440281023586711,2.684823977160796,0.7343433833161493,0.2979433698737056,-0.4700203730736556
E0820,M24,extended,1,欠拧,-1.0871044217815689,0.9235166505642505,0.8045492040807147,0.3795878455054202,0.5012268574758353,0.7099408518532971,0.775005505216553,0.1571103113068718
E1249,M12,extended,3,滑牙,-0.07685941620915794,-0.5169683866122067,-1.050642883515459,-0.28386120905728346,-0.8638301641210776,-0.9803822878692339,-1.0599622649599072,-1.4366062751869728
B0138,M16,benchmark,0,合格,0.4618373231326654,-0.2710816124801076,-0.19131951495679922,-0.5306379915204097,-0.41915423922082223,-0.22494809105006505,0.076177346152054,-0.34312179725814085
E1532,M24,extended,4,虚拧,-2.9116459190961717,-1.9362762341268098,-1.1390830625660213,-0.6593126350996745,-1.2066235474429132,-1.2591477060816498,-0.8712768641525515,1.3285851753832756
B1112,M24,benchmark,4,虚拧,-3.3727033591370956,-1.9299007160549482,-1.139263129564335,-0.6599162409519165,-1.1965557198071022,-1.2609719187897157,-0.8863249518586741,0.9365559448968752
E0017,M12,extended,0,合格,0.3742820374333175,-0.6654248077584255,-0.7100325147658166,-0.6379085071826465,-0.7636486177221045,-0.7803923613117598,-0.7519349212693476,-1.1142276833282505
E1091,M20,extended,2,过拧,1.4479031299871195,0.4994060300208021,1.022981386186654,0.13130485301401368,1.578218997152504,1.0281876749842347,1.262063741831329,0.8886558565774891
B1048,M24,benchmark,3,滑牙,-0.6465615767896096,1.0139049828705404,-0.0655781843767672,3.0874895607332866,0.7776531589547736,0.9532594118794424,0.8680807143618302,0.535973127210584
E1360,M24,extended,3,滑牙,0.16205837201434,0.7861023490669313,0.506565604750063,2.5869108629568442,0.48092386669711007,1.1659434872673513,1.2506473312060151,1.0481802578554433
E0283,M20,extended,0,合格,0.9002604463945216,0.15403283330018697,0.5628010739810041,-0.46097937457038995,0.5359963336151159,0.5638160703306834,0.9458741140086552,0.6510799721005363
B0914,M16,benchmark,2,过拧,1.0034801164044624,0.01968871683155689,0.03285844136805904,-0.4269254642026134,0.23772087579395226,-0.05714011430985962,0.23535986532769287,-0.10114692507838748
E1277,M12,extended,3,滑牙,0.1407174447655045,-0.4916600015828992,-1.0391022258962623,-0.6624210795798227,-0.5983507562672775,-0.9637365150910524,-1.0199239240739633,-1.276684743074738
E0502,M16,extended,0,合格,0.5105909229250393,-0.28370515196814716,-0.1758337531018205,-0.5215750361063388,-0.45124275337578373,-0.24378134846633553,0.1038284320445471,-0.3446797720695495
E0976,M24,extended,2,过拧,2.8210157537636404,0.8054848931683871,2.5542111175136437,1.0115792603583327,1.0683868856136653,2.3373344528706324,2.688054332630397,2.5547724490132633
E1684,M24,extended,4,虚拧,-3.4774679110859257,-1.916296076955557,-1.1449870774804283,-0.6647005809588735,-1.193459459717915,-1.2604930957301144,-1.542885423710396,0.8474764439151606
E1251,M20,extended,3,滑牙,-0.5905506246331536,1.4182670010406067,-0.5309258737764498,3.3374840104398253,0.8599510559876978,0.30059607033998115,0.06576773709369717,-0.3109236511556966
E1407,M20,extended,3,滑牙,-0.7400448978358565,1.1378115986038206,-0.6988410779918345,3.6806683092885617,0.8172573188066872,0.10204723534146698,-0.12636955480036788,-0.2634512421963054
E0159,M20,extended,0,合格,-0.1827017927665149,0.7611834648942823,0.5794327167343428,-0.07389969165554036,1.1564824445473025,0.5459604916251367,0.4586900271980094,-0.0692542642330819
E0275,M20,extended,0,合格,0.21415322809314738,0.736124909086308,0.5946511063797042,-0.2387320828901819,0.4270207756495596,0.591499442666389,0.48551409751764474,0.21814626568323198
E1437,M12,extended,3,滑牙,-0.2248806624468735,-0.15411170046574726,-1.038916702322242,0.08475708349902154,-0.5627286107280745,-0.9317171442084845,-1.0950744696075267,-1.573860801219498
B0758,M16,benchmark,1,欠拧,-1.0003754682820916,-0.10096351588764463,-0.505372729743023,-0.457089152003911,-0.5829851005798895,-0.6325434794997483,-0.6169875540983126,-1.333779937634006
E0649,M12,extended,1,欠拧,-0.4570440831236018,-0.5782600175572924,-0.8630567238782284,-0.5616340134092005,-0.7759559152950688,-0.9879484337206913,-1.0960093567768436,-1.7291084088975068
E0903,M20,extended,2,过拧,1.0266892729747457,0.9653355614996615,1.2050127517546918,0.5854712676458379,1.4874476354667698,1.1309843279820744,1.060451728048224,0.6153076484895668
E1715,M20,extended,4,虚拧,-0.8343904785689251,-1.9318980760747613,-1.1442558963357605,-0.6559692185760062,-1.1853905176774242,-1.2556683852915762,-0.12327723570185767,1.7201561779839671
E0019,M20,extended,0,合格,0.9335292993110574,0.029332310278952896,0.6317176251537954,-0.20927140500446648,0.09089253069891834,0.5349048978121904,1.0699084713378544,0.6111225004667638
B0171,M20,benchmark,0,合格,0.6197027007949287,0.3021481235511412,0.5634176670358358,-0.37961227207414405,-0.17484030823868454,0.5178971618487379,0.7785832464991319,0.5008423226396063
E1522,M16,extended,4,虚拧,-0.8260193741093643,-1.9209316548225006,-1.1444305067583678,-0.6692175134440248,-1.2230743990303286,-1.2590324817120084,-1.4698923101060262,0.5053329559195489
E1461,M12,extended,3,滑牙,-0.18471373203576533,-0.039572412579277065,-1.047810920723798,-0.6595596391631047,-0.6739974720749352,-1.0005511580972535,-1.2363323251714518,-1.4639777542266217
E0373,M12,extended,0,合格,0.6944318736528046,-0.48629450726426343,-0.7179500061159133,-0.5807913117562093,-0.8250372219343189,-0.7700090268027094,-0.7913979469741731,-0.9634707089301842
B0205,M12,benchmark,0,合格,0.39871272855993106,-0.5552389101793822,-0.7118113584461279,-0.6442942401727418,-0.74527163889232,-0.7924280663590997,-0.817466916118591,-1.1047881888826572
E1767,M20,extended,4,虚拧,-0.8577074176000594,-1.9353028606117222,-1.1406927523994317,-0.6555376568876892,-1.1800766893678734,-1.2552641003316223,-0.793411550108087,1.700330184795651
B0645,M12,benchmark,0,合格,0.4157782848616093,-0.814508614088839,-0.7034027752824484,-0.6124442485537086,-0.7361947680704359,-0.8021826214544576,-0.6274690775543096,-1.163044227419053
B0432,M24,benchmark,0,合格,0.7038808027208915,1.1127267478551999,1.6558568629265613,0.33249238490971295,1.0663267623183683,1.6071594806202707,1.5124876530124303,1.3288601121147001
B0879,M20,benchmark,2,过拧,0.9630257660977478,0.5092825877216088,1.0314936442887563,0.3327088366698945,0.5156551810007145,0.8422774162412477,1.0846689014534179,0.568354564467312
E0830,M16,extended,1,欠拧,-1.3460697477236698,0.2608569698139685,-0.5312969209244902,-0.3007189169615717,-0.2665489218058084,-0.6810433859284032,-0.7899776376207878,-1.56179413356251
B1027,M20,benchmark,3,滑牙,0.023953112175073257,0.725004824674633,-0.6500974872058848,3.375600965315584,0.343637075179113,0.33097865010587685,0.3288665608588082,0.0775924988736066
E1550,M16,extended,4,虚拧,0.44326281237904924,-1.9284754802274195,-1.1397760476807437,-0.6594617000653777,-1.2069901231619082,-1.2559203155507632,-0.7817614176904435,1.5845818208657063
B0025,M12,benchmark,0,合格,0.615247692413017,-0.8742375735446055,-0.7107091301534197,-0.6141008286080157,-0.7416576051464718,-0.7814065871897616,-0.5828461938188301,-1.0234680134322716
E0246,M16,extended,0,合格,0.07629946066253712,0.2527941989507962,-0.15809442548006714,-0.530236937986683,-0.0954740449623955,-0.22243511926255288,-0.25175230708531304,-0.6157062922032157
E0433,M12,extended,0,合格,0.46593305664506834,-0.6488297711351306,-0.7088975470188698,-0.6421858989279838,-0.781016942097861,-0.8051612332725746,-0.7451749678912087,-1.098250804379884
B0622,M16,benchmark,0,合格,0.5879068748433808,-0.09793227013842817,-0.18237073079817873,-0.5024354497562235,-0.615225840829764,-0.213515733055579,-0.012834699526575516,-0.2625958834763158
E0659,M20,extended,1,欠拧,-1.2812206337772916,0.6105078415942313,0.08784981133792374,-0.1592831274128499,0.22160895258560967,-0.014540557144296733,-0.07099546861774232,-0.8110335656178536
B0667,M20,benchmark,0,合格,0.29491821875877555,0.7482441831235717,0.5853367316487498,-0.49470334721723247,0.0687926630248114,0.5361734604069975,0.44935913410424866,0.2946092255451089
E1078,M16,extended,2,过拧,1.4732320082875057,-0.24944666530987059,0.08516517609033748,-0.34678251757444667,-0.18136700163961986,-0.005096079141819648,0.5442861389887497,0.19001107350073593
E0709,M12,extended,1,欠拧,-0.31103477615513664,-0.417431232214062,-0.8163702621336202,-0.601811010641885,-0.8258471649672515,-0.9247211148403638,-1.0836041231839828,-1.6382876419501005
E0217,M12,extended,0,合格,0.564661790786147,-0.7357086790196852,-0.7106545643963551,-0.6399646421434059,-0.7344135095270824,-0.7963044035723253,-0.6853062318560974,-1.0288140054322028
B0603,M20,benchmark,0,合格,0.4667234613579879,0.4226645820242046,0.6163519079643589,-0.41653679980254893,0.10420412631823178,0.5787187876901267,0.6901644946010304,0.366917585909895
B0341,M12,benchmark,0,合格,0.4205207131391285,-0.7260823895418729,-0.7151071301728393,-0.6252197507622475,-0.653692282685927,-0.7907097837095862,-0.7052984343999543,-1.1112950248597164
E1052,M24,extended,2,过拧,1.1153942382565223,1.326418479283275,2.423640717433381,0.5350785141581005,1.480303411425642,2.3681225331730427,1.9085921552123029,1.4272263649134385
B0071,M20,benchmark,0,合格,0.33091756068357864,0.2818056767410608,0.6297805407779963,-0.1057627807645116,-0.05056960953360355,0.5386603426091714,0.7683534234348739,0.2465869431228671
E0715,M20,extended,1,欠拧,-0.6295319479748814,0.3839372141973014,0.19248510708530664,-0.06695093761422703,-0.28112807903119125,0.07239414199283144,0.2460751105760192,-0.3713180864920641
B0777,M12,benchmark,1,欠拧,-0.46961870355641727,-0.35121198658690883,-0.8313158229936579,-0.5845021856690771,-0.8031461150548213,-0.9482504913514497,-1.1322542131872895,-1.7428857939944729
E0337,M12,extended,0,合格,0.5997629455371783,-0.5860238813025636,-0.707582512273609,-0.6189921303937751,-0.828872134826946,-0.7843614354575682,-0.7694460770946322,-0.9925529054098109
E1612,M24,extended,4,虚拧,-2.5150423906451658,-1.9371013481711232,-1.1410910824260043,-0.664796406210316,-1.188422304875641,-1.2605691073662673,-0.13093611905049332,1.66581035073895
B0028,M24,benchmark,0,合格,0.3484861018025698,1.2312822177213132,1.6854533295584868,0.29487343870242955,1.8751483539692395,1.5873001610057684,1.3791224025894702,1.1016707263804713
E0729,M12,extended,1,欠拧,-0.601328870718424,-0.2617841225974845,-0.8572454707508316,-0.5967181146222886,-0.6097080016120248,-0.9532969351742441,-1.1828459919268703,-1.8132695972392847
E1206,M16,extended,3,滑牙,-0.6186099919418077,0.43721961661645214,-0.9269041162197036,0.8783917092709749,-0.2721723187589781,-0.5828256642200411,-0.710206592038869,-1.0266756086322304
E0883,M20,extended,1,欠拧,-0.9313228383624577,0.4079957301830963,0.10292633001491686,-0.18973050587478316,0.4993424587012489,0.009203556553624639,0.08031242401634131,-0.5385101677242058
B0868,M24,benchmark,2,过拧,2.1160466048130426,0.9693893486600722,2.7167515946581497,0.924900339920342,2.837202130591281,2.4883772255912424,2.4706930657641824,2.1975379893149873
E0505,M12,extended,0,合格,0.6308402217497083,-0.9063947294784729,-0.7104363013680959,-0.6292403076289441,-0.7011458925600323,-0.7855316275647354,-0.555302979522797,-0.9871763648841655
B0405,M12,benchmark,0,合格,0.27882270460477127,-0.5799519815377067,-0.7147851922061573,-0.621105061401272,-0.599166056188829,-0.8013390880573661,-0.7903012524101667,-1.261471577269219
B0415,M20,benchmark,0,合格,0.6401454408699915,0.29986555464893383,0.5725792576470088,-0.2933871237307546,0.3970225896123052,0.5155846022068521,0.7816935441970522,0.4679415604457422
B0995,M20,benchmark,3,滑牙,-0.6025504052747549,0.6895136628577015,-0.5221517000404365,2.3266742308333703,0.3022791962576832,0.14604091962771443,0.14595229046204425,-0.328153019658333
E1252,M24,extended,3,滑牙,0.051689132101169225,0.9104064335999007,-0.32628791505648214,5.008039608407733,0.20592254568998772,1.0988183873738993,1.169042468484282,1.007947849490245
E0113,M12,extended,0,合格,0.47980106660811633,-0.26664187395413186,-0.7150143683858292,-0.6270644430406763,-0.6412355006670237,-0.7645161350146676,-0.9271903083174754,-1.0675495360374208
B0298,M16,benchmark,0,合格,0.4518135542733639,-0.011486627079138346,-0.15544252968671987,-0.5566546956822958,-0.3710288544155035,-0.24193504828816137,-0.06186234011749091,-0.37684736964627924
E0263,M20,extended,0,合格,0.22608115376084761,0.6840426510994545,0.6112063570731522,-0.380022873243376,0.6851948114326362,0.5174289646001476,0.5051826852721232,0.21157833265474513
E0342,M16,extended,0,合格,-0.19017471005230246,0.3242400953053825,-0.14981680013334311,-0.3516065647634569,0.11743966718507463,-0.23867773374263787,-0.30164292044790575,-0.7969812437894623
E0457,M12,extended,0,合格,0.7279881464649469,-0.8904435741204059,-0.7252236215326457,-0.6107136959445132,-0.7485949016092653,-0.7824276536637819,-0.5784594155628039,-0.8596362700286587
E0523,M20,extended,0,合格,0.7070424215725717,0.35976604418264313,0.6398861189863899,-0.20179496677037892,-0.1551774748995748,0.5639482442061471,0.7903951863114644,0.47832805918846666
B0083,M20,benchmark,0,合格,0.37877297330218074,0.2734790110356337,0.6590768957460659,-0.3281820068565154,0.5721845261448794,0.5490662077734797,0.7923009178489188,0.352193196515799
B0585,M12,benchmark,0,合格,0.33515700414378535,-0.5054539136371061,-0.7205909887578477,-0.6154587175647059,-0.7823855135477283,-0.7851539429645014,-0.8251617566660467,-1.24445604844658
E0738,M16,extended,1,欠拧,-1.0949006864499145,0.3940345604248072,-0.4975752830584689,-0.549546410463778,-0.0883129553594181,-0.5862397403124762,-0.7795320713636106,-1.3410504867539128
B0650,M16,benchmark,0,合格,0.39508405237788946,-0.1540356355201783,-0.17349288212374228,-0.4926837649858125,-0.18251504836677584,-0.20297239844102744,-0.03253924447987326,-0.431773618879861
E0869,M12,extended,1,欠拧,-0.4208291762770928,-0.3353467370600612,-0.8097350660745454,-0.49867895142206986,-0.6995648536350599,-0.9290914886745768,-1.0767362982093842,-1.7401669752059366
B0545,M12,benchmark,0,合格,0.3768328890068315,-0.6379016948769364,-0.7153144800496855,-0.623948812999333,-0.687259866481343,-0.8000789506271392,-0.7484290943844084,-1.212655033178417
E0336,M24,extended,0,合格,-0.2443533603742629,1.6568315010595749,1.6022951157917933,0.080827073839934,2.7856766094500336,1.7151398008997514,1.0097700563115939,0.8179665680755385
B0445,M12,benchmark,0,合格,0.3107622405041229,-0.7522123295533717,-0.7234556910037476,-0.641368243486583,-0.7326932318103592,-0.7936031720976434,-0.707599695124427,-1.2161986621612284
E1183,M20,extended,2,过拧,1.6489533469643667,0.492979358796763,0.9738503785255446,-0.09611821401245033,0.19738140311032498,0.9333417160965797,1.2154452335613461,1.02948456011854
B0327,M20,benchmark,0,合格,0.7402753470021554,0.3557520021793683,0.5860351733391785,-0.32954352921051666,0.07981585163837795,0.5664758321375579,0.7823947095740397,0.5689044379301618
E1024,M24,extended,2,过拧,2.116262169734747,0.9399791841827035,2.4348867199644273,1.2162721192917254,1.7476409896648488,2.261957832771863,2.4039924619532926,2.1308505576815566
B0355,M20,benchmark,0,合格,0.6494865874772267,0.27654618415772275,0.5979195952278832,-0.5253096693873408,-0.004641078018013631,0.5640028704090299,0.7573864777948086,0.5506975166046812
B1042,M16,benchmark,3,滑牙,-0.052464652569495465,-0.04708584664016732,-0.9026168977501792,1.5167168062555074,-0.5270091055256878,-0.4844914069080537,-0.3165831365575687,-0.7202738957218748
E0860,M24,extended,1,欠拧,-1.9763815787902925,1.3032744471123752,0.6607848039421927,-0.051995126345270065,0.7885012481861106,0.6072847342633544,0.29334084842476016,-0.2743570658761651
E1742,M16,extended,4,虚拧,-0.18830648073085532,-1.9362849378313707,-1.134712345425134,-0.6624956310700095,-1.2206792626564127,-1.2553693632163243,-0.818096167097939,1.0475692873411657
E1228,M24,extended,3,滑牙,-0.07085952588835727,0.8460619541185426,0.6197295283266677,1.5823939218340628,1.1646894407704138,1.0877703208178953,1.166183871178101,0.8982786421773656
E0620,M24,extended,1,欠拧,-1.5017435486819277,1.3402281286206095,1.0206023191786304,0.3062313926935541,2.2838365941905923,0.8567681474870281,0.5731238124422992,-0.03479552722780957
E1666,M16,extended,4,虚拧,0.5867212677740005,-1.9387305726175927,-1.1471205985816604,-0.6658108389905198,-1.1978539990996124,-1.2619046822038604,-0.13280589338912768,1.7065620840412845
E0170,M16,extended,0,合格,0.31209155752130596,-0.2242597933856082,-0.1859993536429852,-0.4559580586503509,0.145711840881542,-0.20784338225359583,0.013557884407221674,-0.4496445064224887
E1600,M24,extended,4,虚拧,-2.8310964933522498,-1.9411105737793848,-1.1413529980599153,-0.6621313563442411,-1.2375051170037932,-1.2590839482195706,-0.1554769072450662,1.3970749700338254
E0093,M12,extended,0,合格,0.34532448295089063,-0.8583890377536642,-0.691703876967764,-0.49871516041919123,-0.666121019552191,-0.7666487838139612,-0.6627251109972084,-1.139674605247924
E1662,M16,extended,4,虚拧,-0.35784829165216175,-1.8069741713280338,-1.138908452143414,-0.6658644443694913,-1.1813692508714628,-1.2614604384306862,-2.175983823332142,0.9034107944973001
B0666,M16,benchmark,0,合格,0.5667815125162496,-0.13434420526933735,-0.184127748175664,-0.5227767181342622,-0.34065866472449274,-0.23579675890183957,-0.006326446540176109,-0.31391740667565815
E1069,M12,extended,2,过拧,0.8868235662748846,-0.8394083545183921,-0.626792452363526,-0.5826414259215549,-0.6088441962821948,-0.7171999087123305,-0.3917516606905419,-0.8749410814113193
E0301,M12,extended,0,合格,0.6832224977241232,-0.6661064110558186,-0.7270297480914892,-0.593637639443092,-0.636027837917765,-0.7791190171607552,-0.7029612164766618,-0.9489907077417984
E1036,M24,extended,2,过拧,2.796944337506536,0.8553851857839785,2.5428232440142287,0.7917433809494696,2.2479150750908405,2.3633779636324865,2.5996355807322966,2.62127658949241
B0440,M24,benchmark,0,合格,0.39907200342944027,0.8643068938004069,1.7463214315642266,-0.2550659372393325,1.2484319819076173,1.6803525534738597,1.557272344142599,1.2256977407788812
E1672,M24,extended,4,虚拧,-2.6280343371057517,-1.8807040083444364,-1.1451344050245031,-0.6619877465578647,-1.2364022640022918,-1.2599537682720265,-2.148997945617817,1.5697352373687543
E1581,M12,extended,4,虚拧,0.6485524728165029,-1.9283069921314606,-1.143377387647018,-0.6565665787993102,-1.2011159380308156,-1.256863104265838,-1.4797086253838554,0.53719506823914
E0356,M24,extended,0,合格,-0.011974374775828663,1.1066380249744359,1.8099778437559748,0.37448152838078447,0.6570527128883198,1.6480996437160391,1.4058026441138263,0.8805910457890218
B0221,M12,benchmark,0,合格,0.22913499015167405,-0.46876256895414137,-0.7172733907283102,-0.6397802765922058,-0.6642561057954981,-0.798176344393846,-0.8582244009809327,-1.2709721687662399
E1118,M16,extended,2,过拧,0.8179146463030544,0.24775743459748367,0.11720073206305788,-0.3297190131211,-0.15455192999531328,-0.00018931035362506848,0.12513307234533005,-0.20577562564847357
B0434,M16,benchmark,0,合格,0.6683844456134004,-0.24239188114780533,-0.17713787469566827,-0.5043797105738269,-0.44309787286097785,-0.2034099147147475,0.0919985136328046,-0.20883047821986322
E1643,M20,extended,4,虚拧,-0.7759364572998073,-1.9224136340146452,-1.1448997722691248,-0.6588945617478481,-1.234978348790875,-1.2580355624596262,-1.456929739931457,1.7698586293204728
E0630,M16,extended,1,欠拧,-0.9650587486093548,0.5418299600021207,-0.402423515888941,-0.35853089238361746,-0.05953572609073496,-0.5077853129789506,-0.6493130758373908,-1.3455411200338552
E0924,M24,extended,2,过拧,0.8620695277657133,1.768331181350749,2.551782941324262,1.1242248952200853,3.2746442585732494,2.501472398041211,1.7975203680576723,1.3404685518859807
B0420,M24,benchmark,0,合格,0.2721761195188543,1.228737354319974,1.7233219649614302,0.03791507303897916,0.6357234599351854,1.6378361192588204,1.3288362600398587,1.0984936797062264
E0271,M20,extended,0,合格,0.6783004320118498,0.19370653289257025,0.5804694661185732,-0.24812031581256042,0.22944318065116834,0.5268653428157984,0.8735462085824525,0.4953435880111056
B0840,M24,benchmark,2,过拧,0.9134817615924534,1.0942805996376497,2.2288737041664275,0.7052686872611246,1.0757766910273059,2.0229112865888306,1.8689133863145575,1.4004658563880683
E0279,M20,extended,0,合格,-0.2215034786734884,0.9255536712881649,0.5940727093548177,-0.004685948305648065,1.650985019158287,0.526600483987765,0.34898461359853483,-0.0708122390444901
B0595,M20,benchmark,0,合格,0.5563625413004883,0.5687123327270047,0.6056351932768401,-0.31721248169736177,-0.051778694421632465,0.5544084268425318,0.6437976867227863,0.44060062993180726
E0044,M24,extended,0,合格,0.4133711432358991,1.176702517420698,1.7816145632337128,0.1377904974567694,0.7720356442199718,1.6367503358236173,1.3923007159569587,1.1927358815335893
B0807,M20,benchmark,1,欠拧,-1.4875521913363217,0.515594511559215,0.00020083576480035262,-0.10100257479544114,-0.029783332663725542,-0.19404747753903032,-0.14163338569940986,-0.8771405752627199
B0069,M12,benchmark,0,合格,0.43194565398951523,-0.7608099663197601,-0.7174861971808628,-0.6389194752873028,-0.7594635336326672,-0.7942277142539713,-0.682555506146376,-1.148258740973528
B0778,M16,benchmark,1,欠拧,-0.5380605661978854,0.01991207841111735,-0.41266005191428995,-0.5473760453822637,-0.5184950795245886,-0.5007354835915315,-0.4860853717945148,-1.0139674219352506
B0109,M12,benchmark,0,合格,0.35732426359249203,-0.5240275068903698,-0.7075443162436638,-0.6721660502136027,-0.7264875236759304,-0.7892679001058769,-0.8351758365373853,-1.1797542709845528
E1553,M12,extended,4,虚拧,0.8700454298688134,-1.9210938000142916,-1.1396450898637884,-0.6611694081242803,-1.2146852464326576,-1.2574655678059934,-1.4744768529555616,0.725526729265296
B0381,M12,benchmark,0,合格,0.5319318501738753,-0.40442557606909446,-0.7188721674103077,-0.6269176489921771,-0.757871553925004,-0.7772701493141884,-0.8662428563177673,-1.0334879298664288
E0568,M24,extended,0,合格,0.9936000574929653,0.8407493297982381,1.6683196818401524,-0.02009898919190449,0.46461329067710333,1.6242669372887644,1.6619437499072893,1.5898667158142101
B1170,M16,benchmark,4,虚拧,-0.05131497298706622,-1.801050846455993,-1.1358309434449616,-0.6587091489322807,-1.2329250259875302,-1.2571049700909447,-2.1471281712791828,1.1640508158882432
B0675,M20,benchmark,0,合格,0.4187961937654846,0.526319495887711,0.5898547763337117,-0.22937693189458078,0.3520468878695035,0.5480763948935837,0.6516003988667016,0.3221334472133267
B0552,M24,benchmark,0,合格,0.6141698678044899,0.9260809695998251,1.727709051829437,0.36561788055842454,1.1216543723636418,1.579504714732087,1.5698214065307396,1.2667244108126403
E0521,M12,extended,0,合格,0.2741521313011542,-0.621071785449036,-0.7090557877143575,-0.6172775609049505,-0.5958123398655156,-0.7838697443517265,-0.75425416059323,-1.2554840662292956
B0954,M16,benchmark,3,滑牙,-0.3170346664759368,0.09548935024431071,-0.9144031012761672,1.6099272478427231,-0.6011890813588459,-0.5257598689108255,-0.4598725738548174,-0.8475696023716703
E0190,M16,extended,0,合格,0.8712669644251443,-0.32293456240652196,-0.18306371591290108,-0.5280005104375229,-0.4437570415073059,-0.22099800632556466,0.1674007595581069,-0.07368380046159595
E0419,M20,extended,0,合格,0.17420186260374465,0.565197212819264,0.5680721261134599,-0.27108574199648444,0.8790952259593823,0.554716680945619,0.5371486350230024,0.23057951564878668
E0862,M16,extended,1,欠拧,-0.7336857326455466,-0.10073036107237664,-0.48382471227814944,-0.54279238805464,-0.6424533446632159,-0.5934689702860059,-0.5599234795711522,-1.1483809350763838
E0435,M20,extended,0,合格,0.09444284157274242,1.1418874803507304,0.5806931857225387,-0.3337250654556438,0.9548432810215081,0.5842729986726248,0.2623996788402475,0.14464651281560306
E0716,M24,extended,1,欠拧,-1.2920707348364637,1.292270570959307,1.0251476467421248,0.2444063294321953,0.8392247855135736,0.9163587978567924,0.6578569514613621,0.0931416984619786
B0751,M20,benchmark,1,欠拧,-1.5967717516670632,0.6495662224927602,-0.06662584691241062,-0.121308003447125,0.11114636135170794,-0.2126325712720515,-0.25060167672307654,-0.9389402427819272
E0613,M12,extended,1,欠拧,-0.2835502486376967,-0.4424052535190945,-0.820162582249621,-0.6142863233973322,-0.8489381617117653,-0.9257155898159825,-1.0582542980159626,-1.6425338870243318
E1645,M12,extended,4,虚拧,1.3029357201402303,-1.934771865505105,-1.1372060005229936,-0.6618183752885531,-1.1834369929381046,-1.2607351950039223,-0.8917365102810672,1.0936059155920035
E0973,M12,extended,2,过拧,0.7880948321338059,-0.5394637924011124,-0.5941675862145063,-0.5437551965119769,-0.7772499860021905,-0.6998532190950257,-0.523157243777818,-0.943919652473292
B0617,M12,benchmark,0,合格,0.5840985612265849,-0.4695968286774761,-0.7161493361327764,-0.6327343902003815,-0.7195166002336788,-0.7721763504525717,-0.846016931981581,-0.9835410903242123
B0452,M24,benchmark,0,合格,0.5211536040886048,0.9961486308601306,1.6312204236118224,0.326680416831832,0.35891539936467853,1.6452649231254666,1.5357519606488972,1.2105456720247894
B0938,M16,benchmark,2,过拧,1.3452582997683926,-0.11311137138932795,0.13810487359456722,-0.35206427227323295,-0.3803890808246604,0.04104662980885038,0.48332070838963187,0.12289596250731094
B0087,M20,benchmark,0,合格,0.4931660917538524,0.40111065602451906,0.5852330567103267,-0.25781430607547273,0.34354498261662864,0.5385018307830726,0.7332771759860744,0.4111213026179
E0608,M24,extended,1,欠拧,-2.516371707662348,1.3278367633454542,0.5911698110789726,0.22184983592977744,0.5754422615807095,0.38594480994519803,0.15256841504490382,-0.6471712736885261
B0830,M16,benchmark,2,过拧,1.3816169165627055,-0.13899036890357427,0.08965048132106072,-0.4270785885832166,-0.3138339831306118,-0.003218558792394904,0.4609373521242523,0.16040955208397248
E1551,M20,extended,4,虚拧,-1.5970591715626703,-1.9285093017381678,-1.138242749907224,-0.6644059724833921,-1.2349600141073485,-1.2599866968046822,-0.7836311920290775,1.0716720741294279
E0836,M24,extended,1,欠拧,-1.7821935118206675,1.1649935087920416,0.9123111177079085,0.3970784714563836,0.681508443403073,0.7100982317099801,0.5199610939870967,-0.25611959602497014
B0696,M24,benchmark,0,合格,0.8312796714487904,0.9338378005155981,1.6752440764116705,-0.17331233722402145,0.8441894631891274,1.604565431184201,1.5431951008046136,1.5134037559523341
E0991,M20,extended,2,过拧,1.683623371871987,0.48921775937553347,1.1398012154865975,0.289721563801164,0.4647584128696101,0.9575583282988172,1.3368367367772833,0.9917265823361675
B1103,M20,benchmark,4,虚拧,-0.7901996696193151,-1.914321715952036,-1.1421442015373544,-0.6612702759449498,-1.1808592511687628,-1.2587806076107675,-1.5610977449126688,1.7577308646120573
E0566,M16,extended,0,合格,0.13978333010478067,-0.04333211470815892,-0.16125923938982326,-0.4600827039672721,-0.22156671971197592,-0.22865717228739807,-0.09550029961349513,-0.5947500035634847
B0178,M16,benchmark,0,合格,0.3310612706313829,0.017286987859488196,-0.16438585726963387,-0.5676265586527567,-0.418489321775277,-0.23549239773353242,-0.1434312456404041,-0.41652990454862765
B1111,M20,benchmark,4,虚拧,-1.5673112123673238,-1.7484147792037037,-1.1395414149253653,-0.6635534155787458,-1.2201299400497418,-1.259134629363852,-2.199463874161528,1.0969662534205318
B0232,M24,benchmark,0,合格,0.16162724217092916,1.0142444926182925,1.7661779105600928,0.2599221167300287,0.83293517307112,1.5726691929133387,1.4926752364626725,0.9456594055596156
B0278,M16,benchmark,0,合格,0.24117069828022597,-0.18770894633330362,-0.14726312270271244,-0.5747799235886586,-0.3098192411628654,-0.25574025296445246,0.004298905711100571,-0.5331030786728468
B0001,M12,benchmark,0,合格,0.25755363232983736,-0.5226579434353331,-0.7159583559830496,-0.6339704668003844,-0.8338097882360362,-0.804608355903839,-0.8307351224831293,-1.2369105625952483
B0463,M20,benchmark,0,合格,0.4623043804630273,0.35971710517765226,0.5786578829840232,-0.32201604677520484,-0.033858212776609886,0.5455764159839462,0.7231372459188665,0.37146931624126567
B0856,M24,benchmark,2,过拧,1.598187807902743,1.3438045940389045,2.585182641223601,0.927089254937561,2.811852747619772,2.3768990879431953,2.0278262264990468,1.887439904793251
B0441,M12,benchmark,0,合格,0.5461591350064325,-0.6987618481420705,-0.7158219415903878,-0.6101395881612557,-0.7299226491824076,-0.771785061410901,-0.725434465739091,-1.019618899192321
B0940,M24,benchmark,2,过拧,1.137310005296573,1.1844518049801251,2.2344557811141526,0.4705008797237097,1.0585157788447863,2.174629225453172,1.872563041994776,1.5515283160432733
E0540,M24,extended,0,合格,-0.4262182993197278,1.6969705429295625,1.6600365999177225,0.2912701239392422,1.69465831965995,1.5981036849306542,0.9696777796274199,0.6587476520547242
B0461,M12,benchmark,0,合格,0.6471513008254176,-0.5636986563889532,-0.7086410879606653,-0.6215154372499481,-0.6137228603202992,-0.7736115380245564,-0.7723945673978629,-0.9437363613190086
E0580,M24,extended,0,合格,0.8367765769522781,0.759365860739879,1.634308845461688,0.2878956187817376,0.4361263526431125,1.6123174531607363,1.7414091592992393,1.4459526111760554
E1329,M12,extended,3,滑牙,-0.15122931419752467,-0.30933703319287537,-1.0411375286347777,-0.6501942523051448,-0.6587518570631523,-0.9913785415940899,-1.1682653478054061,-1.4420744612897598
E0166,M16,extended,0,合格,0.6723364691780002,0.009736357495166794,-0.1610573460886836,-0.5490021193879618,-0.4288773828586984,-0.1973402858378596,-0.08757173727371005,-0.23039773737387198
B0081,M12,benchmark,0,合格,0.6266367057764527,-0.4949824841830339,-0.7162475544954928,-0.6011947423940772,-0.6848687961073874,-0.7696658299262815,-0.8048099821339908,-0.9530536616617463
B0973,M12,benchmark,3,滑牙,0.25543391059973425,-0.42678338607869876,-1.0249151290594247,-0.34067887914546313,-0.8229027579339646,-0.9132570351140912,-0.9576820129167393,-1.2088670159898938
B0160,M24,benchmark,0,合格,0.5052377273693549,0.9674813983557184,1.744962744213314,0.05952979573705479,0.269303569760432,1.6339210887242148,1.5270143613356644,1.2447600208243503
E0009,M12,extended,0,合格,0.1493041141467697,-0.1979862387274958,-0.7150416512643616,-0.6133503331272183,-0.469268047486714,-0.7791627889720099,-0.9634891005261511,-1.3101048302057383
B0134,M16,benchmark,0,合格,0.41099992909713945,-0.22582365879157343,-0.1565393014037215,-0.5196964112296738,-0.38445993262588074,-0.23765989094593684,0.01343203421135198,-0.3920299869260845
E1373,M12,extended,3,滑牙,-0.05799748555993423,-0.2437244847026902,-1.0405809579127174,-0.27809173733398507,-0.7380943012967234,-0.9461373899423748,-1.0898426971792332,-1.4352926885812753
B0062,M16,benchmark,0,合格,0.5019323985698725,-0.011667883738300681,-0.17016982751849838,-0.4891620458026237,-0.27386543648389733,-0.2545535906795717,-0.03911941186391253,-0.3868978346061501
B1114,M16,benchmark,4,虚拧,-0.23867681743601984,-1.832589005782156,-1.1390721494146083,-0.6662016988462459,-1.237741239355583,-1.260542724632168,-2.2222427596139265,1.0047402542902863
E1067,M20,extended,2,过拧,0.8448602615162308,0.6014589289151383,0.7641050649443151,0.06406770528834402,0.9312758349668249,0.7841306893066207,0.9393119252240256,0.5380504269591287
E0244,M24,extended,0,合格,0.6195949183340764,0.8625537491700113,1.706603016996788,-0.016261901755707627,0.6879140766792166,1.630139114847647,1.60460999638898,1.2709706558868719
E0328,M24,extended,0,合格,1.1870336472366207,0.6619104801068507,1.6895730442168762,0.01051744993698411,0.7473995028652359,1.6490811607421727,1.8316976855359748,1.659364611813318
E0843,M20,extended,1,欠拧,-1.5308448131121584,1.054185520704648,0.2194624173781239,0.5511490116615175,1.3877328750768751,0.00673780635637484,-0.1632975979883916,-0.9513429442217683
B0290,M16,benchmark,0,合格,0.40014982803796734,-0.22908955423298616,-0.18771271841481862,-0.572209822715567,-0.17167450479764484,-0.2602145746182113,0.042323643463130965,-0.4146053474286518
B0943,M20,benchmark,2,过拧,0.8867157838140313,0.3989299618603559,0.9132714750322483,-0.05009761474819203,0.19788176114945463,0.7871776522178362,1.0464823563066978,0.5723564213358318
B0785,M12,benchmark,1,欠拧,-0.45851711008858864,-0.40978735652650106,-0.8097896318316101,-0.49526873135135213,-0.7579733496930624,-0.9323362678016935,-1.0649782941952814,-1.8055408202336694
E1160,M24,extended,2,过拧,0.5863619929044918,1.2230761524893352,2.2169783691263105,0.40055876831718673,2.1291294582199014,1.998153587352442,1.7052182386870232,1.2182133519789768
E0928,M24,extended,2,过拧,1.9654385795148617,0.7751629332215295,2.1644861108300115,0.9117604022226605,1.8357181886261789,1.9963148666304376,2.2717778418925683,2.0760770510765454
E1364,M24,extended,3,滑牙,-1.0360873903112875,1.4442467005587314,0.1491380696730617,2.897156651485004,0.7917381150089977,1.0419302316860553,0.6797369069432629,0.24521225946574227
B0762,M16,benchmark,1,欠拧,-0.6756628412198397,0.04216702477937073,-0.4060957913393993,-0.5032005395508452,-0.34408037913128753,-0.5015846559773578,-0.49449935631836833,-1.0974565427113225
E0909,M12,extended,2,过拧,0.35484526699287966,-0.19265159799149079,-0.6276491347494427,-0.5154997049903827,-0.4343970224236282,-0.6954586285420828,-0.8189950970684361,-1.2213613630068763
B0304,M24,benchmark,0,合格,0.24454788205361053,1.004102705711626,1.679718468490981,0.3404761305928332,1.6199877027924021,1.5689210064302188,1.4684580630574788,1.0578946890324616
B0034,M16,benchmark,0,合格,0.6554146228241252,-0.2618497164221465,-0.15582994656187965,-0.6099993211809148,-0.21888058188566764,-0.21283583025700925,0.06614528768130573,-0.19685545614001648
E1011,M20,extended,2,过拧,0.152286095563695,1.4492350083680325,0.8521032613626529,0.22826450341517202,2.97290621897367,0.8728277923003663,0.4694052724463357,0.12387351533015588
E0094,M16,extended,0,合格,0.8158667795468534,-0.2509093645914334,-0.17585012282893983,-0.5349280881470879,-0.5511316318358539,-0.21957452951960532,0.08561611084227437,-0.09974169289554771
B0024,M24,benchmark,0,合格,0.38189866466690886,0.9757827206259184,1.720260825990097,0.37374521384800896,1.0839789546224596,1.5806280372887063,1.5016825147670543,1.1501817852141352
E1771,M20,extended,4,虚拧,-1.7169851230047812,-1.812809362892462,-1.1384446432083635,-0.6630186327608233,-1.2377122631431443,-1.2584296549426386,-2.242073154763094,0.9697010952964499
B0524,M24,benchmark,0,合格,0.11740050573436911,1.1216750922574823,1.6742564362087986,0.04706117176499918,1.2723841342714022,1.6133107246201417,1.3827001438720492,1.0257576399814454
B0797,M12,benchmark,1,欠拧,-0.37466235554518346,-0.5914023309355907,-0.8071650189167953,-0.6109559813364727,-0.8054051623870454,-0.9219486439047603,-1.0230162431724734,-1.6734184465210782
E0933,M12,extended,2,过拧,0.3696114641297004,-0.3016798591787429,-0.6250245218346278,-0.5243571065141672,-0.6360792855333404,-0.6912842701425683,-0.8264022800253329,-1.1694594178189706
E1639,M20,extended,4,虚拧,-0.9373227286832584,-1.8508312694941214,-1.1453417549013492,-0.669969049241788,-1.2210992141554813,-1.2623066878456297,-2.1511194203481905,1.6326346518136616
E1053,M12,extended,2,过拧,0.2934451917937882,0.053781325215176326,-0.5546728912510333,-0.4854702800507141,-0.31445451504924443,-0.6653597092240617,-0.8242628266955496,-1.2765320004461689
B1166,M16,benchmark,4,虚拧,-0.7866787758981267,-1.9347284410225145,-1.143355561344192,-0.649269946027742,-1.200027594616701,-1.2546125142631177,-0.8462146965750906,0.5387835915762627
E0734,M16,extended,1,欠拧,-1.1310437383225218,0.0835448760539237,-0.5191123873719294,-0.489647048466529,-0.47192333399935776,-0.641234789417763,-0.7203824793048967,-1.3699799406049704
B0077,M12,benchmark,0,合格,0.4304366995375773,-0.3963052097365492,-0.7072551177312204,-0.6272908408356062,-0.5778121157747665,-0.7930303518054728,-0.8515902977986635,-1.1304184019566141
E1682,M16,extended,4,虚拧,-0.5104323287326422,-1.9302516636485663,-1.1413584546356217,-0.6497255487903216,-1.1916066624402253,-1.2546009848343356,-1.5551468285079777,0.7736712057903926
E1556,M24,extended,4,虚拧,-3.1584677544488677,-1.8970732976696951,-1.1352088938144234,-0.6573407753427367,-1.2415694281229415,-1.256586485905742,-2.150939634354091,1.1187168037288244
B1045,M12,benchmark,3,滑牙,0.0561441404830814,-0.4228926855573396,-1.039958908282179,-0.24329752165848037,-0.8011962794137196,-0.9556776082648082,-1.025371439695176,-1.368574708422131
E0727,M20,extended,1,欠拧,-1.3212438542405964,0.4335163670412825,-0.05084542996928217,-0.1930253094553547,-0.09488320491119075,-0.15876955060827097,-0.10459747091492648,-0.7620642788984814
B0148,M24,benchmark,0,合格,0.5434286459981642,0.8934414290322756,1.7010482229275954,0.6350611016650511,0.23311184975070043,1.5648922968544174,1.5886450001129502,1.2178773181961242
B0848,M24,benchmark,2,过拧,1.7504125701137132,1.182360089826719,2.4199357025286834,0.8079920799754232,1.392443562544833,2.297062343363112,2.174513619084775,1.8428085087252508
E0512,M24,extended,0,合格,0.3877907725268563,1.103504346194091,1.6354765526628736,0.07453359401315648,1.353049931653559,1.6919958656130878,1.4193585080689235,1.155588874265494
B1092,M24,benchmark,4,虚拧,-3.350104969844979,-1.9269889992893214,-1.1416094571181197,-0.6677062852575001,-1.2131269292073465,-1.2612898725935675,-1.4882125029047584,0.9557709675709142
E0899,M20,extended,1,欠拧,-1.787295214967696,0.7769193732455117,0.0086748978369575,0.0500476891876886,0.1986629054925142,-0.17750706944695943,-0.29162884057656724,-1.0622646410889167
B0060,M24,benchmark,0,合格,0.8261061133278603,0.8270352498637626,1.6381229918805145,0.01526932498100922,0.5856415519084859,1.667806793793604,1.6968581899613995,1.4321141290276624
E1671,M20,extended,4,虚拧,-0.8477914312016112,-1.9355937951632949,-1.1428153603492508,-0.6590324948509252,-1.2000933164735805,-1.2589443847730544,-0.8188512682731567,1.708761577892685
E0056,M24,extended,0,合格,0.36242596673951993,1.142080328815303,1.5785099022872648,0.5947437010547184,2.587038959528191,1.6406552016658649,1.475307909432667,1.1182585758431158
B1012,M24,benchmark,3,滑牙,0.04888678811899877,1.016859841204703,0.45418793454359996,2.94564673515038,0.6195283567942494,1.2607238982451263,1.1795060133408688,0.9880607592505001
B0618,M16,benchmark,0,合格,0.48889072080669504,0.010243726746829027,-0.17957150746075654,-0.5247730622255623,-0.09744920088751181,-0.21272256542926668,-0.11725440489952649,-0.36261175666360446
E0224,M24,extended,0,合格,-0.06618895258474018,1.3669999882256978,1.7233055952343106,0.3122655454123768,2.2219573596343816,1.6771314945046303,1.2478067124992438,0.9313626955255128
E1286,M16,extended,3,滑牙,-0.06726677719326676,0.09166213615465583,-0.9045430689745652,1.0712964824435212,-0.2178027620735694,-0.5339543448424823,-0.4542992080377349,-0.6468352399056736
E1166,M16,extended,2,过拧,0.8631114248872894,0.1577084811404445,0.05010122060052304,-0.07957165872847892,0.273473324045712,-0.035962665706278346,0.20434678134554066,-0.23326929879097782
E1511,M20,extended,4,虚拧,-1.8945746910030892,-1.796894178480135,-1.1398578963163408,-0.6617242996713838,-1.2097243418530357,-1.2593576983083792,-2.24649589021794,0.8186997326926724
B0443,M20,benchmark,0,合格,0.6024575070584961,0.3401336472668812,0.6157789675151791,-0.39294954326256354,0.07922245329299321,0.5563526446401632,0.7249530844592708,0.4305196164462228
E0773,M12,extended,1,欠拧,-0.4639780881051258,-0.27831603921613257,-0.861894473252749,-0.6424493375809307,-0.6247367371220703,-0.9551161584155511,-1.1908824258631148,-1.7012176049207217
B0369,M12,benchmark,0,合格,0.3815753172843507,-0.587713293440947,-0.7167986686418468,-0.6078904984773196,-0.80341059384914,-0.795692261788252,-0.792764320529329,-1.1474339307792532
E0878,M16,extended,1,欠拧,-1.2431734250962867,0.20378595637626673,-0.5538380351679424,-0.41070360152629043,-0.46317710259676803,-0.6652221908825758,-0.7957487680313795,-1.4744864470722012
E0478,M16,extended,0,合格,0.6489117476860116,-0.155314926445574,-0.1744805223266145,-0.5739518912749022,-0.3048614983479699,-0.23969214032819952,0.0045146489040199,-0.22547942473393545
E0731,M20,extended,1,欠拧,-1.308561451346928,0.7434870970511293,0.17006403750739688,0.14148244565601353,0.8605210449865396,-0.027453989402013428,-0.052064003439071735,-0.8056875736179218
E0765,M12,extended,1,欠拧,-0.7264643077684153,-0.20817690902860783,-0.8631167462109997,-0.5770239946900143,-0.7566584345955275,-0.9766681364445082,-1.241348354406826,-1.9083977063123503
B0042,M16,benchmark,0,合格,0.3386778978649737,0.16312109877501277,-0.16877294413764055,-0.5496429792435428,-0.2468040432967052,-0.22784859243218722,-0.1565736018090726,-0.4679125247993972
E1034,M16,extended,2,过拧,0.86393775708716,0.16773440716144236,0.14874519622219542,-0.20888595840908653,0.4789008357130416,0.027391674176044874,0.21989826983514132,-0.18888229092869033
E0856,M24,extended,1,欠拧,-1.2399040237837542,0.8219441613414438,0.7396923452335417,0.22352189559607394,0.41853503572875883,0.6334185840687466,0.7439025282373511,0.08944532685059758
B0361,M12,benchmark,0,合格,0.26481098469391945,-0.3603013800102588,-0.7171151500328224,-0.648401613153247,-0.663961970408184,-0.7920864859814026,-0.9088341583199232,-1.2219112364697264
B0689,M12,benchmark,0,合格,0.46582527418421565,-0.2774580366819354,-0.7098306214646771,-0.6308511639707581,-0.5937587680861848,-0.7712070753333089,-0.9166728276626586,-1.0876504659571629
B0072,M24,benchmark,0,合格,0.24666760378371366,1.0300831568105728,1.6630977388890549,0.21117461084928088,1.2323549644614487,1.6276229687646695,1.4626150182492474,1.0530069249182383
E1753,M12,extended,4,虚拧,0.46115470088059857,-1.934000447863559,-1.1410474298203526,-0.6677470893689216,-1.213145274988591,-1.256788187580122,-0.8782345821241996,0.37785395811546957
E0314,M16,extended,0,合格,0.6355467225402766,-0.2961984888367302,-0.17401671339156402,-0.5069895310930047,-0.22147011644270037,-0.2095972930306031,0.08915789492603327,-0.20272077307708436
E1488,M24,extended,3,滑牙,-1.4435410198214664,1.9442567218481652,-0.2058121800331994,4.2282754496080255,2.6245909327315213,1.0619689244026516,0.45173230922636126,0.04065933128550877
B0816,M24,benchmark,1,欠拧,-2.2030480939635337,1.244751244089981,0.5218603864553151,-0.11074449477737434,0.08390284265474407,0.45520879487730936,0.15846539565136478,-0.4528215530967341
E0084,M24,extended,0,合格,-0.6273762987578282,1.7674484353920001,1.7871475310000795,0.4332256996280118,1.1325972647316347,1.6268741600845555,0.9968254647364342,0.49164721639972375
B0549,M12,benchmark,0,合格,0.6493428775294229,-0.9687502919140893,-0.7023332864439791,-0.630684995706171,-0.7593148136365208,-0.7805264007485706,-0.5105902027902676,-0.9239409166564051
E0682,M16,extended,1,欠拧,-0.4511160477767028,-0.33231063620580786,-0.4370945979278893,-0.486423102923777,-0.5094465981894274,-0.5559055036388276,-0.34213072631909813,-0.9749264060728939
E1681,M12,extended,4,虚拧,1.4386338383537869,-1.919133440870468,-1.136169251138763,-0.6560440845150962,-1.2178553773294811,-1.2572886679626203,-1.4432839829793098,1.2089876972133808
B0030,M16,benchmark,0,合格,0.4269876607902906,-0.28849713127498755,-0.15807259917724129,-0.4842392716819503,-0.5760597920413334,-0.2528781184116293,0.09728422185932764,-0.480620711496377
B0569,M12,benchmark,0,合格,0.5470213946932542,-0.7157728405599945,-0.7109437629087982,-0.628797754310966,-0.6717034476222631,-0.7825554033556021,-0.7085345822937442,-1.0291805877407696
E1161,M12,extended,2,过拧,0.4039581416547628,-0.3871546398139754,-0.5570628714104697,-0.44209632053108794,-0.41375992636015885,-0.6405662629368087,-0.6333840367601808,-1.2618381595777857
B1039,M20,benchmark,3,滑牙,-0.5762514848266947,0.7291933467953658,-0.7222006785912581,2.8390540300221185,-0.04423433725304681,0.08727222226368977,0.0708556807267109,-0.24081478464231004
E0550,M16,extended,0,合格,0.5134651218811119,-0.32588761647227743,-0.15470589196634552,-0.49756023522020126,-0.18114388531785047,-0.2627517800326531,0.14055871063906153,-0.3486510804123551
E0173,M12,extended,0,合格,0.34507299054223417,-0.3046932098659695,-0.7266641575191554,-0.5801617500883356,-0.6228170889448394,-0.7761854236122676,-0.8951164869701366,-1.193317816401522
B0309,M12,benchmark,0,合格,0.5080759988384764,-0.807058703487332,-0.7063384130125326,-0.628527764239133,-0.8015971621524542,-0.7875779327258708,-0.6412047275035062,-1.091621774299969
E1244,M24,extended,3,滑牙,-0.6054246042308264,1.5220439024127972,0.3511732417810406,2.487933502995517,3.042329782648154,1.337452995905554,0.9516272658198369,0.553966208856068
E1147,M20,extended,2,过拧,2.146081983903997,0.4001741735572177,1.1254886174085112,0.05764292185731137,0.4362623168584934,1.0471472108573043,1.4608890727058927,1.309583992389234
B0124,M24,benchmark,0,合格,0.29279849702867244,0.8700624270092319,1.673956324544942,0.15561284837740136,0.7891145039998936,1.5607306687147136,1.50614120742072,1.092658911294873
E1623,M20,extended,4,虚拧,-1.4018292074714693,-1.7626822573262912,-1.1369113454348438,-0.6564860491475072,-1.1910849967075285,-1.2559935813732843,-2.226539644872903,1.2376727628587274
B1101,M12,benchmark,4,虚拧,0.9110746199667432,-1.834986487998513,-1.1430718194074552,-0.6610972633367335,-1.2372421846729063,-1.258005189410063,-2.188083420735034,0.7604131456305628
E0508,M24,extended,0,合格,0.8030765941923326,0.934963983583619,1.6906534462067588,0.04153738606916438,0.46457461360292535,1.6249672960520045,1.5607062566298981,1.3836336187197131
B0145,M12,benchmark,0,合格,0.48231599069467973,-0.7829913487744433,-0.7182501177797695,-0.6101101742712773,-0.6147770040466947,-0.7767105991689481,-0.6799665878313442,-1.0595458223003804
E0587,M20,extended,0,合格,0.023306417409956995,0.4658605149761808,0.6152551362473574,-0.23720007010490723,0.8628610133001303,0.509542497218661,0.614420655286939,0.07041359533084154
E1213,M12,extended,3,滑牙,0.35017469368926263,-0.4564908452638625,-1.0280963126963003,-0.2746921230510333,-0.7599332614853995,-0.9089593104884739,-0.897759341083398,-1.1785628784817108
E1019,M20,extended,2,过拧,1.3753655338332482,0.6248492061033074,1.0270356219365655,-0.05367961710860414,1.7577871549397313,1.0092277491573265,1.1889987138293192,0.8631783861321015
B1179,M20,benchmark,4,虚拧,-1.5264975871910988,-1.9270764309104167,-1.1356126804167026,-0.6562605418923441,-1.1909818207614935,-1.257139445652669,-0.8763827863849755,1.1316693786315155
E1374,M16,extended,3,滑牙,-0.5740239806357385,0.5824612477312385,-0.9016947364557848,0.3379461030631402,-3.6459712947153704e-05,-0.5548375586352113,-0.6725773834738574,-0.9719937476043604
B1172,M24,benchmark,4,虚拧,-3.345721816436969,-1.927834623201919,-1.1369877374947344,-0.6600081239535465,-1.2178192232497693,-1.2567213486089184,-0.8351398793385655,0.9594978877080093
B0987,M20,benchmark,3,滑牙,-0.020884391539653015,0.47224188068550277,-0.3474430590704893,2.138061084567608,-0.17830585768866267,0.27643646115431963,0.36710704180375797,0.0898730062105911
E0746,M16,extended,1,欠拧,-0.932005460614525,0.16056957576387634,-0.4904162557315724,-0.40324560193735226,-0.41468290772419597,-0.5949176242443314,-0.6725054690762177,-1.287101790343176
E0788,M24,extended,1,欠拧,-2.1461030271463537,1.3435643692399923,0.7357636107248788,0.39451175677161077,0.7432187424622473,0.5617767230353836,0.3022042979338621,-0.3931297338517852
E1560,M24,extended,4,虚拧,-2.300339728626576,-1.8745023785993342,-1.1442449831843475,-0.6638713986117261,-1.1947129773202638,-1.2611391941859436,-2.1680013251941275,1.8483683404051798
E1583,M20,extended,4,虚拧,-1.4629418627749537,-1.6999848547496794,-1.1388920824162947,-0.6620884242258317,-1.1497925606141135,-1.2590807205507681,-2.232958004862253,1.1857097206193936
B0075,M20,benchmark,0,合格,0.37151562093809865,0.6197531124186362,0.5885124587099188,-0.20024643741711007,-0.13091464383314808,0.5432349594654237,0.6046582758073397,0.27756314819675626
E0121,M12,extended,0,合格,0.6222176248814921,-0.7151559494872174,-0.7088920904431633,-0.6364791275466019,-0.7674217056752837,-0.7848135935070844,-0.6839218797015317,-1.0252398279236772
E1460,M24,extended,3,滑牙,-1.0924935448242044,1.4769401857598232,-0.2373784704951628,3.806212116289821,1.8453341078872298,0.9460994777109566,0.6581446090519211,0.26390795720264476
B0186,M16,benchmark,0,合格,0.5834518664614692,-0.23913727397502363,-0.16141202350960454,-0.49053720278435503,-0.46028831481569105,-0.20300139791799116,0.06770942582997112,-0.28385765737318586
E0712,M24,extended,1,欠拧,-1.1489356268240711,0.9371503667507717,0.9952019592649847,0.31769882244362113,0.5289224309678884,0.8008222468799739,0.8132999219597322,0.1553384968154662
E0428,M24,extended,0,合格,-0.056955588438358205,1.1336021931156048,1.7771947369114676,0.2959514671036595,2.1928929041142684,1.6234295945363997,1.3832934376525772,0.8453991441666155
B0283,M20,benchmark,0,合格,0.6797734589768366,0.40019813857922365,0.6107807441680472,-0.42343770266131286,0.30349845352908805,0.5550721212443124,0.7384190554173182,0.4660781003771949
E1180,M24,extended,2,过拧,2.4622438690719344,0.8387910669525999,2.6750087905036084,1.0199687881277617,3.0166755141321815,2.3952323823471766,2.6439348496783968,2.3483255122387687
E1309,M12,extended,3,滑牙,0.045545531832565274,-0.45893898262456306,-1.046173948011855,-0.33877721823434026,-0.6884422042698528,-0.9757167616344761,-1.0657513739699092,-1.3445330186852964
E1136,M24,extended,2,过拧,0.6773303898641758,1.3085631616001363,2.103116003859276,0.20562873964385117,1.5144252381381307,2.026572412589613,1.6522892420241502,1.268374031201191
E1322,M16,extended,3,滑牙,-0.2959452316357578,-0.06156872483795287,-0.8730749968753183,1.23126910333325,-0.1867525829231106,-0.513854248188936,-0.4327248887458028,-0.8228863935948443
E1031,M20,extended,2,过拧,1.2810558805871306,0.7361032970847761,1.0910194286707025,-0.06455456108652069,0.8800559457887065,1.0348050006625098,1.0906917322557486,0.8083132339499479
B0536,M24,benchmark,0,合格,0.4315145241461044,1.1077973920996926,1.635569314449884,0.02585187365100684,0.8017573824905548,1.6145834305707387,1.4150616228099469,1.2113093851676369
B0824,M24,benchmark,1,欠拧,-1.2236647996819465,1.1534952046401918,0.974385122944779,0.26916229696587546,0.7498920123683875,0.8671215870077692,0.7266430728038054,0.07939486189072625
B0589,M12,benchmark,0,合格,0.34377960101200217,-0.6619262472155188,-0.7089793956544669,-0.6238907132513135,-0.7626541261752319,-0.7894341605080951,-0.7556744699466157,-1.1681458312132729
B1003,M20,benchmark,3,滑牙,-0.03389014181587932,0.6224685638226934,-0.6228582612791568,3.1893239616584275,-0.005723553154422657,0.2315927170881594,0.34781600463688855,0.04918236995968462
E0596,M24,extended,0,合格,-0.18744422104403416,1.1646670323660069,1.7165230716311612,0.17505550356486904,0.8173520555280293,1.612736407890593,1.2669718994702435,0.8293917166925351
B0080,M24,benchmark,0,合格,0.16611817803979192,1.2514783455685086,1.680427823332823,0.4931612716725479,1.7037292414598937,1.5693261898082977,1.3021560185155026,1.0165014366901353
B1158,M16,benchmark,4,虚拧,-0.14346897701613007,-1.9291515695114256,-1.1362292734715345,-0.6535661848773144,-1.192056944121353,-1.2547876384981365,-1.471564319851151,1.085693847432105
B0718,M16,benchmark,1,欠拧,-0.3796562762313592,-0.12338533649302574,-0.3583125578777895,-0.4383912663080698,-0.32848846060357,-0.4571296379313396,-0.3321885608453995,-0.9201834479935964
E1327,M20,extended,3,滑牙,-0.4805765870764426,0.4222137040260353,-0.7504384578722713,2.8455006784524244,-0.300315424265557,0.020281868381156136,0.1755450650908113,-0.24753546029936666
E0754,M16,extended,1,欠拧,-0.48937882137941374,-0.1631144349684008,-0.4733971961030739,-0.5844970105718306,-0.6004726876635489,-0.5694605003387624,-0.47119909148308164,-0.9999456486325735
E1569,M12,extended,4,虚拧,1.482142025051329,-1.9349514595770314,-1.1365948640438681,-0.6557123240881989,-1.1939467011030231,-1.2597850573575902,-0.1785074930892035,1.2459819618529062
E0053,M12,extended,0,合格,0.29660681064546784,-0.34094688206910057,-0.7153308497768048,-0.6250168350983221,-0.7521279611607897,-0.7994886250851199,-0.8923837398598251,-1.2397515754866404
E0023,M20,extended,0,合格,0.037964832085924514,0.7899511505791882,0.624787774006571,-0.1980272360139275,1.3081789162761173,0.5630631802779679,0.48860641661615495,0.06570912237090155
B0268,M24,benchmark,0,合格,0.47541791320010685,0.8916311615901401,1.6842310566002365,-0.021830217996864902,0.5623544566354521,1.6320500445296402,1.6098417688172735,1.2256060952017394
B0454,M16,benchmark,0,合格,0.5177045653413181,0.11648520360591869,-0.17646671588377164,-0.4046625939013978,-0.31004100390817424,-0.23718390364748915,-0.10851680558629394,-0.3404335269953179
E1759,M20,extended,4,虚拧,-2.054847210291063,-1.9372428625921425,-1.1438684794606007,-0.650978689046699,-1.2194961327972813,-1.2563307999844464,-0.8385558132264547,0.6824227594829917
E0594,M16,extended,0,合格,0.018779554054143183,0.46131770789394944,-0.19111762165565957,-0.26644775777369534,0.15050437180815388,-0.21881204051941025,-0.30493300413992547,-0.6845321206366187
B1055,M20,benchmark,3,滑牙,-0.4922889478224364,0.7493875543578657,-0.7166295147949461,3.162935073941093,0.445308570684837,0.10637670412110743,0.07849658547593705,-0.1856441472030173
B0841,M12,benchmark,2,过拧,0.7330179946380732,-0.5471124506925692,-0.5855243702954483,-0.610330422368408,-0.705530977549199,-0.6712504814309048,-0.5506824794744414,-0.9740710473529054
B0019,M20,benchmark,0,合格,0.7630893012159787,0.19713780818135565,0.5515932674799022,-0.32511286679212564,0.01891506713310764,0.5586039056818106,0.9264032908476865,0.5619699225931086
E1020,M24,extended,2,过拧,1.1370585128879165,1.8907598969444133,2.713494018961383,1.757371254528842,4.581816465004232,2.4423937763069947,1.7785529456801823,1.4714911786728713
B1006,M16,benchmark,3,滑牙,0.059880599125975174,0.16335311988857065,-0.881565428674595,1.3569786137384392,-0.40877303358685707,-0.42143734558135987,-0.34536687421288803,-0.597835404660588
E0888,M24,extended,1,欠拧,-2.218640623300225,1.9269002157803667,0.9187007678601918,0.42231234702768455,1.3946877425312207,0.7733667054949341,0.23014607149880942,-0.4953451008904743
E0631,M20,extended,1,欠拧,-1.2832325730465421,0.5372036075720907,0.020624798634139834,0.021713796791135363,0.07576506088236104,-0.13244381413514114,-0.07714414961594293,-0.7703429293669466
B1057,M12,benchmark,3,滑牙,0.08129338134871233,-0.47110226917996667,-1.044580627905564,-0.672575795197706,-0.7945164644584528,-0.9694375291591083,-1.0431163173127904,-1.3200941981141816
E1489,M12,extended,3,滑牙,0.21684778961446563,-0.42006198574742387,-1.0433692680987265,-0.6734149103858759,-0.7683209458934931,-0.9660343871068284,-0.9902052992493271,-1.2638543622749026
B0913,M12,benchmark,2,过拧,0.6033916217192195,-0.6433330558584246,-0.6035092438239931,-0.5607802997430176,-0.5449221492746599,-0.7226258332635684,-0.5335848314355851,-1.06589991564887
E1646,M16,extended,4,虚拧,-0.3960392102809706,-1.9215173862112578,-1.142668032805176,-0.6668996037460241,-1.2172060555637976,-1.259868722010248,-1.4887698394864666,0.8709377116634308
B0292,M24,benchmark,0,合格,0.2656373168937906,0.9560152860333686,1.6834398531227976,-0.02487985935305799,1.2090890247450228,1.6679907228067987,1.5048107910643846,1.116608955454566
E1588,M24,extended,4,虚拧,-2.93388503351878,-1.9384425871239537,-1.1352198069658364,-0.657948204365615,-1.2206358499642351,-1.2586018775492476,-0.1499394986268035,1.3096756379663752
E0479,M20,extended,0,合格,0.5038724828652212,0.7581755885084417,0.6475689775811079,-0.3961078810617248,0.5532555010461756,0.5911709188697204,0.5220645901180598,0.3916313432124359
E0310,M16,extended,0,合格,0.589523611756171,-0.26621178580546717,-0.174682415627754,-0.5265952903815276,-0.3389623643203931,-0.22640681364320445,0.09705050006699828,-0.3255258464469377
B0249,M12,benchmark,0,合格,0.35527639683629053,-0.859853370966404,-0.7068458745532348,-0.620177742290857,-0.6914576112499208,-0.7870575831582246,-0.6577450389606542,-1.1628303877390556
E0784,M24,extended,1,欠拧,-1.3454589804455046,0.7799642439593286,0.8272594721710679,0.3969264902208602,0.15292582532939084,0.5804302465761858,0.7385089484143679,0.050282116885384844
E1179,M20,extended,2,过拧,0.2958164059325483,0.8816438327566484,0.9259471003983918,0.16130343744769352,1.6942482722699352,0.8215667074074586,0.6873238758942595,0.21112010476903711
E0873,M12,extended,1,欠拧,-0.6089454979520148,-0.2869117896531457,-0.8087037732660215,-0.5367816930715125,-0.5826819283217576,-0.9374523241768385,-1.1402546899247143,-1.8243892605991419
E1593,M12,extended,4,虚拧,1.3330429542050863,-1.8188561910863186,-1.1366548863766395,-0.6600515577768354,-1.1458741327579625,-1.259519704255177,-2.138947908547659,1.1192055801402467
B1081,M12,benchmark,4,虚拧,1.3704075406340241,-1.9311587798006347,-1.1346959756980146,-0.6557375353538658,-1.207118025362552,-1.2547634017255336,-0.8491991440771411,1.1509760468826962
B0010,M16,benchmark,0,合格,0.7632689386507331,-0.13706116941766552,-0.19099212041441066,-0.5407697248477527,-0.11880212853144335,-0.2133129975260255,0.019275079019583374,-0.14079891145502094
E1369,M12,extended,3,滑牙,0.3250973077975328,-0.5292236190510965,-1.0295914144398748,-0.13734375975148405,-0.7834541340063405,-0.9313491136985804,-0.9007977243836787,-1.1746832157160465
B0630,M16,benchmark,0,合格,0.4975133176749108,-0.24290271833038377,-0.14473672815061395,-0.5100848874947831,-0.0832210728863766,-0.2062222060544143,0.07581777416385546,-0.3052110768471985
B0479,M20,benchmark,0,合格,0.809004629539231,0.057503130966713625,0.6473889105827944,-0.41687529253237754,0.3790690066357754,0.5417051868376448,1.0075946457829905,0.6579839389118767
B0573,M12,benchmark,0,合格,0.46205288805437084,-0.6312733815384762,-0.7202526810640462,-0.6310067527767809,-0.8560849706277428,-0.795346886073025,-0.7606904991819898,-1.1093704677397416
E0908,M24,extended,2,过拧,1.6962698472787048,1.038845473530076,2.588216497316402,1.1807974956565612,1.5499549841853215,2.3589550501842247,2.260631110258404,1.9025614250216278
B0949,M12,benchmark,2,过拧,0.8782728243805699,-0.5261799976010432,-0.569034598510478,-0.508574249725682,-0.6985792220234434,-0.6742760291738127,-0.4798647763986743,-0.9134933208622534
B0720,M24,benchmark,1,欠拧,-2.142186931068705,1.1485139929119421,0.6608775657292029,0.10489710308681902,1.0092411511176773,0.4225185611570265,0.3398155278994639,-0.461863916708046
E0300,M24,extended,0,合格,-0.21880891715217118,1.2350601893352484,1.6891256050089452,0.14329144054560664,1.4257323385382468,1.7111087983091158,1.2237333678893296,0.8082521368985207
E0872,M24,extended,1,欠拧,-2.039901375719487,1.4691792658483458,0.7884577623223173,0.2749566731011816,0.9844891623504631,0.6786862422698481,0.36520131026630404,-0.37428129348631206
B0192,M24,benchmark,0,合格,0.7716400431102933,1.1139027687670742,1.7546263397894826,0.03910569457054824,1.4365699329913098,1.6750734198482748,1.4809711682467992,1.3637465284799677
E0536,M24,extended,0,合格,0.04597666167597611,1.2752545118053522,1.675887952345035,-0.0240316718633673,1.370543173131685,1.616782958398699,1.263699794377634,0.9470951862681686
E0799,M20,extended,1,欠拧,-1.319160059997444,0.3115448808515669,-0.061349338204248455,-0.30690522049106705,-0.060710083216695,-0.17063147572613743,-0.10488512850548541,-0.7560156708071302
B0436,M24,benchmark,0,合格,0.4542566233860257,1.1256072308265281,1.6556276867468898,0.21187209675811577,0.6677539451454314,1.6191354228995123,1.4141626928394502,1.173368116230981
E0993,M12,extended,2,过拧,0.4694180228793062,-0.5912049719266748,-0.6240587079345815,-0.5653303592608857,-0.46833676544328673,-0.7050088290418345,-0.639406867562512,-1.1155107214082338
E0288,M24,extended,0,合格,-0.587712353164032,2.024430119382399,1.754571774032418,1.163256713106641,3.3581618307686845,1.7093670941589083,0.9690125714492518,0.42306577617203267
B0426,M16,benchmark,0,合格,0.5394047674596634,-0.13621856871466745,-0.17637941067246807,-0.5341841316712447,-0.4378720195652662,-0.21851391281716517,0.012425232644394943,-0.3038974902415004
B0329,M12,benchmark,0,合格,0.5314288653565629,-0.8528643018893672,-0.7149325197502322,-0.6335589593613451,-0.7768725214170735,-0.7849308650406165,-0.6123131182517272,-1.0450658211119943
B0990,M16,benchmark,3,滑牙,-0.1934441113648343,0.11848255809344131,-0.9015201260331775,1.4699224486454092,-0.42301909554987155,-0.49262850240052247,-0.43356988291807036,-0.7670131400641321
B1174,M16,benchmark,4,虚拧,-0.5737365607401314,-1.9333736958577141,-1.1435683677967445,-0.6662776115206605,-1.1794500965917776,-1.2613049912407934,-1.5331230442307968,0.7198447034825116
B1073,M12,benchmark,3,滑牙,0.1696031442740292,-0.3492948751355128,-1.023163568257646,0.02408333318048686,-0.653236200426332,-0.9012078765325463,-0.9781057018464352,-1.2824584144346642
B1067,M20,benchmark,3,滑牙,0.046407791519386954,0.5584298079964792,-0.6021341867459611,3.1050953041862512,0.23342998197772744,0.2927640623958224,0.4067498535026828,0.09680752154764558
B0082,M16,benchmark,0,合格,0.2248955466914673,0.1007523191440479,-0.16976604091621925,-0.5663402811549048,-0.35470611051582585,-0.2557936539618631,-0.17453422261960622,-0.5255270442958014
E1493,M12,extended,3,滑牙,-0.0543328818909421,-0.15726727261547752,-1.046861476550871,-0.6703419884862817,-0.5353399533522515,-0.9724466184117665,-1.123552571072877,-1.4291829834384964
B0396,M24,benchmark,0,合格,0.584421908609143,0.9906702619757651,1.7209428979534065,0.20329344947210745,1.246888960100858,1.6431039926483968,1.5470245424789313,1.3088508277721
E0161,M12,extended,0,合格,0.43237678383292605,-0.7453611668567905,-0.7115821822664559,-0.6158158989089104,-0.7129019303103056,-0.7862828023687044,-0.6643971207423333,-1.1441957870535804
B0553,M12,benchmark,0,合格,0.4146645327661316,-0.6651374699518495,-0.7185447728679192,-0.5717217250494896,-0.7850501329699767,-0.7866446060738761,-0.7354665242098393,-1.1291048153509167
B0567,M20,benchmark,0,合格,0.3529411101844815,0.6982017591361579,0.6017664811009487,-0.3174976172063862,0.01921757207136598,0.5391935578748317,0.5136865627930262,0.3122051763563111
E1274,M16,extended,3,滑牙,-0.16728890086457793,0.2701402222448835,-0.8976950664629378,0.996531441283759,0.15858878536132665,-0.5034198473100555,-0.485078570227558,-0.7065576076763364
E0622,M16,extended,1,欠拧,-0.8859464223434689,-0.1675265459465645,-0.5566154322025386,-0.40841556970837684,-0.5093000829690084,-0.677198225601479,-0.6190191358316361,-1.2343444864352813
B1014,M16,benchmark,3,滑牙,-0.2625326687714188,0.022899929338223414,-0.9084336074532825,1.4516719918349932,-0.414643166990945,-0.5501482371506591,-0.4661471050488877,-0.7807294281096706
E0196,M24,extended,0,合格,0.49887856217904547,1.1166499021604106,1.7425618509024643,0.3318995397578528,0.9774085694501363,1.6072623590432968,1.472539205123536,1.1739485382195447
E0330,M16,extended,0,合格,0.2328714487945678,0.5526681851138463,-0.18635403106390613,-0.5310741667656701,0.21466810086944468,-0.1674427646642083,-0.33155930986605153,-0.5091224859874398
E0018,M16,extended,0,合格,0.06038358394328765,0.31005155251745853,-0.16810724190145054,-0.2953925569192714,0.01791567044752489,-0.20083182642144026,-0.29355255071343117,-0.5776122806379901
E1340,M24,extended,3,滑牙,-1.4668220313656508,1.605188143185955,-0.486640305342691,4.60181938733917,0.8801618831134558,0.7994036667875244,0.38483394082196193,0.10481123528468579
E0990,M16,extended,2,过拧,0.4353946927368019,-0.007310121885319487,0.03321311878897996,-0.37022781412394673,0.41825127003044665,-0.06647084392176095,0.10149121412125454,-0.46158897997662096
B0612,M24,benchmark,0,合格,0.35861765312272453,1.0596281813020192,1.6418498330880376,0.10676547421482321,0.6389583408004367,1.600625591073486,1.3990786479345076,1.1287672686886956
E1660,M24,extended,4,虚拧,-2.384841177935096,-1.932632369381038,-1.144916141996244,-0.6509336541397909,-1.218972848539962,-1.2551488479512316,-0.7547935185755283,1.7765182079261022
B0708,M24,benchmark,1,欠拧,-1.8068756953559375,1.1222192985801718,0.7337337645620697,0.24147537585528886,0.2269705328980344,0.5509606559320936,0.4286657661834042,-0.20076566743139493
E0564,M24,extended,0,合格,-0.5062288127593865,1.6628921447063787,1.6670210168220114,0.1614221475287134,2.2951677442403065,1.6636491621612373,1.02037742996346,0.598903090181206
B1053,M12,benchmark,3,滑牙,0.08258677087894485,-0.4289401220243127,-1.0286856228725998,0.4030213992836905,-0.826624969909726,-0.9052254464613972,-0.9744740247656266,-1.337476309245387
B0074,M16,benchmark,0,合格,0.3207141543895228,0.20692928022838855,-0.16862561659356576,-0.5375860083271885,-0.11928097210718788,-0.24287338857924737,-0.21696371722707256,-0.4300934499655966
E1149,M12,extended,2,过拧,0.4309396843548898,-0.33238021845124033,-0.5940529981246703,-0.530354082617511,-0.1490278642871764,-0.6629331827200917,-0.6931628797982425,-1.1665878564018648
E0148,M24,extended,0,合格,0.8661293337911653,0.8910021018717207,1.6917283916209347,0.1061577947815836,0.6378031734671303,1.6134693898393249,1.5981556792008103,1.4385293194275794
E0295,M20,extended,0,合格,0.6338222031666332,0.25960461107071264,0.563521341974259,-0.2984680019358928,-0.20143884242017332,0.5257858619100065,0.8316021361590547,0.4776254430970468
B0939,M20,benchmark,2,过拧,1.249367837096436,0.5099272616405477,1.1533007837844194,0.049909831976710874,0.23495157268759698,1.019497748959093,1.2279583387506665,0.7925807432072934
B0501,M12,benchmark,0,合格,0.4491549202389972,-0.7543891897182988,-0.7096287281635375,-0.6227630670928096,-0.7509937345232834,-0.7728973726179572,-0.7171822886099268,-1.0817851490200951
E0864,M24,extended,1,欠拧,-2.143767740494545,1.6112534641955925,0.9490065893339592,0.9294205303858103,1.5442472347873637,0.6517786942253603,0.3390244695254262,-0.4439013835882766
B0906,M16,benchmark,2,过拧,1.028916777165702,-0.131216581181266,0.06302784844916458,-0.38778845324240263,-0.06321481332547865,-0.04359271056446652,0.34269210380505477,-0.09693122852986909
B0468,M24,benchmark,0,合格,0.6071280803621132,0.8513048263622438,1.656402520497209,0.21164098745199678,0.6289881824127043,1.610265828301446,1.6817022306588174,1.2537107388585218
B0353,M12,benchmark,0,合格,0.5663144551858882,-0.48646093009048624,-0.7122533410783526,-0.6264325759032977,-0.8154639798227142,-0.7870585586473874,-0.8274809959899295,-1.0011675896611294
E1142,M16,extended,2,过拧,1.0485331850408943,0.12468704154050463,0.1574156950197857,-0.009437919260784243,0.12135034515865291,-0.0033344235708420563,0.27705223735935136,-0.04869510642763081
B0724,M24,benchmark,1,欠拧,-1.4565826975846439,1.1501117284073457,1.0359571232166536,0.3840815194282192,0.4912457082116582,0.7871230804418367,0.6829011404394132,-0.02297324777653218
B0966,M16,benchmark,3,滑牙,-0.30762166489480053,0.03688324320098934,-0.9185446422373825,1.0643694046646792,-0.475019814037264,-0.572808426322415,-0.4986703913814752,-0.8261245373205169
E1120,M24,extended,2,过拧,1.343928982751209,1.024874052781665,2.2458109151593293,0.8149972838216071,1.4195565150571885,2.059100770669987,2.0206527653344795,1.6809624194930408
E1657,M12,extended,4,虚拧,0.9781871655910278,-1.930148987220458,-1.1407254918536704,-0.6628435843263132,-1.2334499186709744,-1.2592030569915418,-1.4829807304764648,0.8174777916641165
B0275,M20,benchmark,0,合格,0.7325509373077113,0.14480329562095162,0.585740518251029,-0.3715053380762508,0.5980434588307597,0.5426391715790537,0.9309878336972219,0.5434880645362018
E0202,M16,extended,0,合格,0.7191140571880741,-0.33627328354359726,-0.18782184992894818,-0.5101552606512414,-0.2530922267476082,-0.20558122417216274,0.15947219721832182,-0.18197832411735032
E1545,M12,extended,4,虚拧,1.3783834427371247,-1.9243300650062518,-1.1335828342538934,-0.6542235672346035,-1.2315487637056661,-1.253705281599888,-1.5126094623040514,1.1577578195911808
E1717,M12,extended,4,虚拧,0.47045992000088216,-1.9307928764318276,-1.1375825042467405,-0.6700969774763728,-1.1978865119014661,-1.2552121448432156,-1.434995848651326,0.3857660262753681
E1770,M16,extended,4,虚拧,-0.3634170521295516,-1.9335192347473051,-1.1405290551282374,-0.6609061160691244,-1.1832175092896782,-1.2550414665254235,-0.8087832526035883,0.8986757730116465
B0983,M20,benchmark,3,滑牙,-0.10175716466613238,0.43829876096777426,-0.34467657518730593,1.6831962702437517,-0.28068888908053247,0.21294884434754546,0.40371147020240267,0.019030975080071934
E0706,M16,extended,1,欠拧,-0.6600343843961978,-0.09889703863357144,-0.4739046576437761,-0.45296584236959536,-0.6328863765909977,-0.5962934071050789,-0.5335668528361753,-1.1104702146654415
E0267,M20,extended,0,合格,-0.40922459799195177,0.9177456400242784,0.6008934289879126,-0.12495327606965125,1.4557395643982058,0.5350989216213237,0.3088204225167212,-0.2156122509283475
B0455,M20,benchmark,0,合格,0.4136585631315067,0.5661642685853873,0.5983779475872272,-0.4865578504674237,0.0453913353502458,0.5569968815004941,0.5729799836470194,0.3400043347559553
E0215,M20,extended,0,合格,0.1314840806191225,0.6292138477633074,0.515383431091728,-0.2042043050986003,0.5843502896272681,0.516053594623953,0.5135966697959765,0.14577680826701733
B0922,M16,benchmark,2,过拧,1.2899658973509551,-0.20633180688931954,0.016919783729442802,-0.5252520777313184,-0.11055003637558358,-0.04652663288277009,0.39824597598177985,0.14443267313560654
E1496,M24,extended,3,滑牙,-1.4418524279347742,1.5462756133333597,-0.3519119945740932,4.45119176473775,1.8895478562367662,0.7973635592981174,0.45433920614080325,0.07789798413074525
B0411,M20,benchmark,0,合格,0.541811909085373,0.5159097992698295,0.5849984239549482,-0.45335486908574835,-0.07873849040977203,0.5920990570664943,0.6532724086118267,0.4131986023664447
E1765,M12,extended,4,虚拧,1.4846569491378925,-1.930622636817214,-1.1371132387359835,-0.6621283042400514,-1.2404113830190393,-1.2580757249919192,-1.5368805715074751,1.248120358652879
E1188,M24,extended,2,过拧,0.4006528128552793,1.433424262300702,2.407407404706615,0.6082564593685045,3.9254709833701975,2.227876373730885,1.6122868583370258,1.0493411018325713
B0812,M24,benchmark,1,欠拧,-1.0384945319369983,0.8409355528748347,1.0085705697458511,0.07012016590177231,0.28102844792938386,0.8688864939460592,0.8537877278309249,0.27084247253969923
B0507,M20,benchmark,0,合格,0.5222314286971319,0.38238550605494437,0.5421915875376444,-0.04701426781025892,0.010239019883480084,0.4882332481168567,0.7684972522301535,0.36050239550997787
B0893,M12,benchmark,2,过拧,0.48831588101548046,-0.5546583079535119,-0.6497973755420285,-0.5020896974923199,-0.7591179181332056,-0.7584072015993795,-0.635613383087014,-1.1863222040130401
B0703,M20,benchmark,1,欠拧,-0.44967894829866645,0.3921735022594088,0.284652127343392,-0.1220210786745747,-0.33022599305174566,0.14026992574073735,0.3263315783420064,-0.23534659853952253
E1106,M16,extended,2,过拧,0.5814039997052671,0.15175274481259807,0.02906612125205828,-0.2405714821592822,0.13003254445875065,-0.07640698320957104,0.10634543596193945,-0.3693935293720896
B1029,M12,benchmark,3,滑牙,0.09965232718062357,-0.41917079806400076,-1.038387414478714,-0.6592815098455458,-0.8380258135651302,-0.9623457425450941,-1.048599790132823,-1.3272425531312324
E1104,M24,extended,2,过拧,0.4484363704999793,2.140590325533529,2.517111859285314,0.6738448388054376,4.269793598045849,2.4238811647223177,1.4044722277574904,1.1178308964831216
B0137,M12,benchmark,0,合格,0.23279959382066567,-0.6531478332243357,-0.7195214999193785,-0.5959211089450972,-0.7885566434761484,-0.798276312216696,-0.7661020576043829,-1.2555757118064377
B0695,M20,benchmark,0,合格,0.514075889159277,0.3387652806185098,0.6005714910212304,-0.4012713453654479,0.29430383010378425,0.5683516081999478,0.7189482322563496,0.4354073805604457
B0430,M16,benchmark,0,合格,0.38211422958861424,-0.06792221691500505,-0.1688766190760636,-0.5051742042718654,-0.32689090659834624,-0.2533663783271907,-0.04715584580015727,-0.47774915007927116
E0291,M20,extended,0,合格,-0.16628293122995297,0.7553351310926656,0.6179997938277147,-0.0452023598692425,0.7545575979023572,0.6194257879513586,0.4267780132453598,0.027279077022822732
E1310,M16,extended,3,滑牙,-0.32885480968278386,0.22554452834131147,-0.9167330591028325,1.1393725336515779,-0.16696183988746643,-0.5702433447028175,-0.5250449967158621,-0.8363277449089576
B0584,M24,benchmark,0,合格,0.1501304463466408,1.0899349962379175,1.6878105702636845,0.04100616313141019,0.517282738605583,1.6186714978382724,1.3671486553824481,1.0099029551359344
E0057,M12,extended,0,合格,0.32348057088474214,-0.5019492646503132,-0.713142762918508,-0.5723631436659241,-0.5041552832204743,-0.7677371450734024,-0.8639415955932945,-1.134267516196565
E1761,M12,extended,4,虚拧,1.8096929235827024,-1.9357812087929849,-1.140479945946879,-0.6622799546962602,-1.2026761507146608,-1.2609340377530234,-0.1536071329064321,1.5244928707864775
E0334,M16,extended,0,合格,0.7559038038257977,-0.23223595821065915,-0.1631744974627963,-0.5551520320274635,-0.2869703118544157,-0.25085239769936823,0.08811513616025668,-0.20553123744276255
E0537,M12,extended,0,合格,0.1903692317316506,-0.1473205488109621,-0.7234775173065734,-0.5642626412951818,-0.39116690192981196,-0.781964243856461,-0.9695838457261219,-1.257744657132124
E0325,M12,extended,0,合格,0.49129786243240525,-0.6517186634336574,-0.7138030085789917,-0.6313818901227223,-0.8403301894821597,-0.7958574102591506,-0.739098201290648,-1.0673356963574232
E0012,M24,extended,0,合格,-0.7179854208480025,1.59809895330516,1.7483512777270354,0.539774348200674,1.4274856322298186,1.6175119385418832,0.9650572795790643,0.5005673859081813
E0821,M12,extended,1,欠拧,-0.49986964756907715,-0.44041125469861964,-0.8748265576770972,-0.6531765825120857,-0.7909114659264928,-0.9725784527712996,-1.1808503673923665,-1.7164918677776688
E1798,M16,extended,4,虚拧,-0.34530959870629685,-1.9195171302314304,-1.1405454248553568,-0.6659511979504645,-1.2151626322789233,-1.2604584926946787,-1.5724781983391631,0.9140722299714491
B0904,M24,benchmark,2,过拧,1.0574791292916685,1.2474892811112135,2.2263309398872098,0.7308855595753109,1.6376822097312782,2.0902728391016963,1.8251894325495754,1.5370788633806012
E0796,M24,extended,1,欠拧,-1.3597940477389145,0.7926545317810262,0.7724754520780491,0.16899714885026446,0.31304177481625167,0.6526632109298213,0.6869463253066505,0.08339671875924594
E0617,M12,extended,1,欠拧,-0.7584038436677669,-0.4928724036642857,-0.8819146495198095,-0.5823286514758194,-0.7926231117212084,-1.0053452269085736,-1.2150456634700788,-1.9267879187921142
E0547,M20,extended,0,合格,0.3906290439959778,0.34371719743785184,0.5371660813119798,-0.20025902402901158,0.247974055632692,0.5020537611147888,0.7322703744191179,0.3016048379335901
B0956,M24,benchmark,3,滑牙,-0.6495435582065343,1.0453085213880378,0.22886409732038188,3.05557329783968,0.14357738047870422,0.9475591868900634,0.8685481579464884,0.5076240953480906
B0271,M20,benchmark,0,合格,0.39070089896988,0.24362309933835827,0.6445514912154267,-0.41140883327091843,0.1997740145974703,0.5670918778577986,0.7982698128530199,0.3404320141159497
E1647,M20,extended,4,虚拧,-1.620016835724297,-1.9229507666778887,-1.1358309434449616,-0.6661864202767898,-1.2232394371503275,-1.2573755827377329,-1.4855336915926767,1.0521515661982495
E1006,M16,extended,2,过拧,1.3339411413788587,-0.3003500315865527,0.026436051761536874,-0.42465444820397036,0.11211534115974739,-0.04373579690600803,0.5174081328708843,0.1509395091126653
B0431,M20,benchmark,0,合格,0.621930204985885,0.5242677792346635,0.5735723544255875,-0.46496442139393074,0.1193067445454619,0.5563097790026581,0.6108608926037701,0.5356981904791595
B0677,M12,benchmark,0,合格,0.4666156788971357,-0.5548681413072836,-0.7079262765431171,-0.6345785862004404,-0.7240725202635762,-0.7981882347418283,-0.7671088591713396,-1.1265081906652357
E0110,M16,extended,0,合格,0.3542704272016651,-0.14689073506138,-0.21971553493330015,-0.34162550633950667,3.51216964249703e-05,-0.18058842715969328,-0.0013283959042114915,-0.42703859739420696
E0323,M20,extended,0,合格,0.16151945971007697,0.5251425401210722,0.6074467764113904,-0.43346236769982466,0.6651435722422825,0.5633819074467943,0.5514416215539071,0.24631200639144293
B0993,M12,benchmark,3,滑牙,0.15648961153695018,-0.2853690054803791,-1.0358282804723766,-0.4612431152863783,-0.8148713235273354,-0.9392528528163933,-1.0312144845034077,-1.2688643204919814
E0241,M12,extended,0,合格,0.5027946582566936,-0.7962537575725497,-0.7160074651644079,-0.6092997232152899,-0.7580099483484471,-0.7849340527333734,-0.6354156184935044,-1.0703905489288128
E1046,M16,extended,2,过拧,0.9016256908986563,-0.05855724896772073,0.033955213085060665,-0.4720220729328904,-0.22915762561155348,-0.0656139241329039,0.20067914706591206,-0.11749038633531973
B1028,M24,benchmark,3,滑牙,-0.8866649720824868,1.0297810639931966,-0.49364654854980616,4.667219688033718,0.5346468580886902,0.8093441426721794,0.7292319911188373,0.36587893603562327
B1001,M12,benchmark,3,滑牙,-1.052162117838096e-05,-0.4321720290853055,-1.0397733847081587,-0.2344886244703054,-0.7554162664025679,-0.9619106112269943,-1.056833988662577,-1.3574550450622735
E1343,M20,extended,3,滑牙,-0.4061707616011248,0.7773525546166807,-0.7101525594313592,3.490141475452897,0.3555973948138937,0.1291600116915353,0.12236436803619882,-0.1255246485980744
B0504,M24,benchmark,0,合格,0.029414090191609874,1.136486531983266,1.6629722376478058,0.17972010960583243,0.23749569956261854,1.5873534373847127,1.3527298186556735,0.9225647201199114
E0434,M16,extended,0,合格,0.3922098534218179,-0.0534465089503022,-0.17744889951093734,-0.4703918122796589,-0.2785904628062156,-0.22768245736003376,-0.06970100946022634,-0.43562273311981087
E0319,M20,extended,0,合格,0.8725603539553768,0.3287789062912455,0.6294804291141401,-0.3283413957956783,0.18198615554726202,0.5621112909202907,0.7967775891019946,0.651018875049109
B0483,M20,benchmark,0,合格,0.4358976775541149,0.2922599003085139,0.5824665728271433,-0.3938261115717787,-0.2544204043551274,0.519595260560081,0.7523165127612044,0.40042931861803727
B0459,M20,benchmark,0,合格,0.17007020160439162,0.57842347515539,0.6259172851778115,-0.17863986638432322,0.18928232403495338,0.5235676278003442,0.5336248295386534,0.16841326582101313
E0583,M20,extended,0,合格,0.5871523976174113,0.35692958577758266,0.5889107887364914,-0.27615467658419457,0.5948018005124398,0.5279274052234737,0.7988631066335478,0.42156889841205164
E0901,M12,extended,2,过拧,1.079251186383915,-0.7071101013365094,-0.5697384967766134,-0.5730112865760205,-0.7657132854590396,-0.6656513963560653,-0.3674445942882984,-0.7654857137784378
B0520,M24,benchmark,0,合格,0.8323934235442676,0.6372656289017851,1.7558158732934948,-0.002628744833935412,1.6476449268627988,1.6502647117813054,1.8283356874463152,1.439293032570426
E0781,M12,extended,1,欠拧,-0.1540675856666462,-0.6642058681467898,-0.7983308228480106,-0.6004741814688956,-0.8042321422179488,-0.9081567292431574,-0.9373661955835033,-1.5669262858824442
B0710,M16,benchmark,1,欠拧,-1.2835559204291003,0.09330614433915894,-0.5427775562109156,-0.403184562575969,-0.6114064963920406,-0.6873390607416053,-0.7586948746474861,-1.5062263652889367
E1370,M16,extended,3,滑牙,0.07382046406292479,0.17835310743170574,-0.8839772351368572,1.866244041471147,-0.17798232078065324,-0.44584095387206246,-0.33125367367608255,-0.5798117744893905
B0796,M24,benchmark,1,欠拧,-1.065152727254567,1.1718482772697767,1.0503079173246856,0.21821203430905856,0.6954912286842143,0.9212006623167832,0.754689687883317,0.2574927668027281
B0222,M16,benchmark,0,合格,0.6435944796172781,-0.08400616377488239,-0.136093512231556,-0.5140129983829691,-0.4986946450982223,-0.2040996092779222,-0.03333030285391097,-0.24793259113364743
B0376,M24,benchmark,0,合格,-0.05149461042182057,1.4197315816297114,1.747751054399323,0.3563050533027179,0.3619590482882324,1.5708695079444626,1.1915516749455313,0.8703572896748675
E0945,M12,extended,2,过拧,0.44071196080553526,-0.41227603293267645,-0.5949697028433583,-0.4661439877334841,-0.26343102625087983,-0.6837829100719962,-0.6585360973346915,-1.161241864401933
E0632,M24,extended,1,欠拧,-2.044428239075301,1.3955488303225352,0.7646780053934952,-0.06038926381950904,0.5183819441947703,0.6439830709388067,0.3090721229084606,-0.337959096412492
B0492,M24,benchmark,0,合格,0.5450813103979054,0.8874399865625687,1.7152898855214977,-0.08716469690901267,0.8513711728266258,1.6834575667754264,1.5534429024682812,1.2750030612811056
B1104,M24,benchmark,4,虚拧,-2.1216723360197403,-1.9308758335136436,-1.1394813925925942,-0.6575796348636026,-1.2231718905280209,-1.2573859288349138,-1.475285889929009,2.0002861587803746
E1579,M20,extended,4,虚拧,-0.6792555899149302,-1.941501543480329,-1.1460456531674845,-0.6585218217013352,-1.2318130304241568,-1.2600470829778156,-0.12036470259744672,1.8520647120165614
E0592,M24,extended,0,合格,0.8997215340902586,0.8591571176587725,1.7608850321248108,0.29335403296278306,0.7850564841848616,1.6110436512037556,1.7044811161112157,1.4371546357704545
E0497,M12,extended,0,合格,0.49018411033692705,-0.2954219808694392,-0.7321098200742184,-0.6046804413861625,-0.3627589042082374,-0.7862891079043769,-0.9007977243836787,-1.0478762854776729
E0518,M16,extended,0,合格,0.5530572125010059,0.1314068491824367,-0.1770996786657229,-0.5021517022029195,-0.2807089978793921,-0.20284837914068493,-0.17381507864320836,-0.2700802722762199
B0540,M24,benchmark,0,合格,0.7844302284648142,0.6470004029723684,1.7327727540850464,-0.006782891034291979,0.9042013114521971,1.6053228766820693,1.804334257234041,1.4029402869708942
B0048,M24,benchmark,0,合格,0.674851393264563,0.9931632606267143,1.659245396440283,-0.03510879908858868,0.6796618339134833,1.6787816553206263,1.548085279844118,1.3353669480917598
B0753,M12,benchmark,1,欠拧,-0.5468628005008566,-0.4329677225579205,-0.8675311159575388,-0.6677596475696487,-0.8247767137337858,-0.9802715786316601,-1.1975524862442037,-1.7361956668631302
B0414,M16,benchmark,0,合格,0.35728833610554095,-0.2081354160721222,-0.1968524827231659,-0.5187586478892405,-0.1561465178385483,-0.24503166324634665,0.02542376001778424,-0.4709673773707865
E1246,M16,extended,3,滑牙,0.1201669222295885,-0.05730854541086244,-0.9053397290277106,1.35985693374138,-0.5508272955155331,-0.4895000548647555,-0.3020923854331544,-0.5895262056664087
E1430,M16,extended,3,滑牙,0.00746239566460916,0.07809485825056944,-0.7782997334295374,1.647127597965531,1.098634782854121,-0.42182640760982165,-0.3003844184892098,-0.6656531317454322
B0236,M24,benchmark,0,合格,0.7455207600969875,1.0888522131042666,1.6951005554075365,-0.05420769643262943,0.5779716851030505,1.6896958881391642,1.4956956411635431,1.3546125192915133
B1128,M24,benchmark,4,虚拧,-2.514754970749558,-1.9343111648496458,-1.1439503280961978,-0.6569653662998538,-1.2093932072158817,-1.2589551992567287,-0.1521328877548166,1.6660547389446614
E1050,M16,extended,2,过拧,0.6342174055230929,0.18416179638544306,0.1807043601350251,-0.06559588950828338,0.5188421174212512,0.013468556112566088,0.200984783255881,-0.3672551325721168
B0694,M16,benchmark,0,合格,0.551045273231755,-0.26179189296655525,-0.17415312778422593,-0.5364410864225055,-0.2331943733139003,-0.23848595231393563,0.07831679948183726,-0.29555774272160795
E0376,M24,extended,0,合格,0.4052874586719464,0.9036296475792108,1.6754186868342777,0.17861009770842445,0.7136184282147428,1.5980989676350676,1.5773903968823255,1.1760869350195176
E0551,M20,extended,0,合格,0.12002321228178522,0.38354961383320885,0.6372342231930423,-0.32111899998513765,0.8969721014702834,0.5675008454363137,0.6628190448985066,0.19196617914642536
E0689,M12,extended,1,欠拧,-0.46555889753096535,-0.4984613433847364,-0.8453228528321816,-0.6348912579573267,-0.7077649237258793,-0.9487955343115514,-1.1193276002115404,-1.7028366767835579
B0133,M12,benchmark,0,合格,0.33336062979624037,-0.5987903854242684,-0.7142886438168681,-0.6189964623195946,-0.5966773961594313,-0.7940166275956777,-0.7883775422733028,-1.1766077728360218
B0262,M16,benchmark,0,合格,0.38797040996161164,-0.24222121009596068,-0.16713051484999134,-0.503939694591189,-0.20979150745021274,-0.23331235494922428,0.0314465908201149,-0.38442340402332464
E1777,M12,extended,4,虚拧,1.5359973279907313,-1.9404510792098943,-1.1392467598372156,-0.6596308408080018,-1.2107188303196073,-1.2596235889331173,-0.7732934973683603,1.2917742018980336
B1082,M16,benchmark,4,虚拧,0.43970599117091036,-1.933927272249511,-1.1431809509215847,-0.6653857107463642,-1.2053220359536125,-1.2600252533398,-0.15943219911525372,1.581557516820031
B0029,M12,benchmark,0,合格,0.17495633982971362,-0.31286159409936476,-0.7083300631453963,-0.5993376210450604,-0.6629573328534747,-0.7939174475052481,-0.8907656659129302,-1.3078136907771962
E1476,M24,extended,3,滑牙,-1.8088517071382375,2.0845129684332377,-0.23031766153098285,3.7949788097086317,2.55223438059485,0.9062034304548465,0.326079877950267,-0.1905624598429547
B0929,M12,benchmark,2,过拧,0.3969163542123861,-0.5012673277641878,-0.6523565095483659,-0.5984706557710696,-0.7909401478201867,-0.7543872883926361,-0.6966507280837716,-1.1922791665272492
E0797,M12,extended,1,欠拧,-0.5679163078540851,-0.3573205033594242,-0.8350590339283003,-0.6521957016049567,-0.8282266903832368,-0.9456499015500605,-1.1605705072579504,-1.8049603982451055
E0349,M12,extended,0,合格,0.5483147842234867,-0.7263438719686961,-0.7151671525056107,-0.6492586489383486,-0.7530089547619239,-0.7763894828409059,-0.721910660254742,-1.061317636791786
E1028,M24,extended,2,过拧,2.0613290421868182,1.2728319269050739,2.744078125796181,0.9626561508460862,2.1642063721307365,2.4962300980082395,2.2486933202502013,2.1387931743671693
E0541,M12,extended,0,合格,0.4841482925291758,-0.6366158666596321,-0.7162366413440798,-0.623740683867362,-0.7741624709415826,-0.7868858477984467,-0.7602590127961513,-1.1210400045624487
E1515,M20,extended,4,虚拧,-0.8656833197031599,-1.9109653956900392,-1.1398469831649278,-0.6599394411388034,-1.2126360358711445,-1.253716144205449,-1.536952485905115,1.6935484120871662
B0084,M24,benchmark,0,合格,0.43230492885902394,1.2302169869113757,1.6312095104604092,0.16303145572721647,1.2305603147651485,1.609058937744832,1.3895140330484175,1.1608432206882837
E1083,M20,extended,2,过拧,0.2056384136857838,1.1744173690483548,0.9329260607269748,0.45271928823377783,1.771660192086923,0.7862233566403255,0.5871291413826449,0.14321073210705015
E1035,M20,extended,2,过拧,0.3428454863512788,1.1814564120969484,1.1468074586937127,0.23694958761354606,0.7507189839150149,1.0111742874415013,0.7300590066916945,0.1955709051806647
E0844,M24,extended,1,欠拧,-1.8572101045741516,0.7061749506886779,0.5811624512332957,-0.2668647732019269,0.19482062178482384,0.45833762326789246,0.48242177841913453,-0.2328110709052698
E0905,M12,extended,2,过拧,0.949732595925914,-0.6619571454644424,-0.5730069856247925,-0.5889091670983064,-0.5948336892208367,-0.6471495804213332,-0.3870053104463169,-0.841612639857461
E0693,M12,extended,1,欠拧,-0.655794940935991,-0.3102576398881853,-0.8296024582218243,-0.5151250126032145,-0.5844853230294431,-0.9492337699066885,-1.1636987835552806,-1.8827980417641068
B0139,M20,benchmark,0,合格,0.2649546946417233,0.7295460233047985,0.5790998656162476,-0.33316111220021455,0.36675832321418567,0.567650148384735,0.5098391425192983,0.22330896652888038
B0094,M16,benchmark,0,合格,0.6444208118171487,-0.05861203894203159,-0.16604465628440257,-0.5114107384114246,-0.4770983409458885,-0.20516851036125616,-0.054958557944072645,-0.23403301193382578
B0141,M12,benchmark,0,合格,0.6364808372009998,-0.7893124852321206,-0.7105890854878774,-0.6555340586080556,-0.7708618140879782,-0.7706395298489468,-0.676209060554666,-0.9675642113758457
E1326,M16,extended,3,滑牙,-0.6104544524039528,0.3824474353046757,-0.9150415206338249,1.1891687286334476,-0.1572945014510172,-0.5676655349761593,-0.6265162117855826,-1.0131426117409754
E0266,M16,extended,0,合格,0.20445280661640453,-0.08150084753925946,-0.19620860678980176,-0.4415655950435751,0.2134935999591476,-0.2288397134280953,-0.047101910001927434,-0.5595275534153644
E1196,M24,extended,2,过拧,1.3861797074054703,1.2789349932702765,2.3751808685841675,0.7587888669065797,1.0924095747831135,2.2990441855301813,1.9803807026562066,1.694373222281441
B0347,M20,benchmark,0,合格,0.6221457699075904,0.5047827796702382,0.5678593196609071,-0.4219342407179204,-0.024050154896263675,0.5513463021257325,0.6519959280537206,0.47536485219421915
E1466,M16,extended,3,滑牙,-0.42276926057244163,0.2629832129236109,-0.7966447409547096,1.3081340973756328,-0.14880456478240076,-0.4634089438587624,-0.4837301752718122,-0.9133711267593981
B0235,M20,benchmark,0,合格,0.3101514732259582,0.6130197160330564,0.6118447764308099,-0.26904297968220464,-0.027464117282854514,0.5261145719209966,0.5523045943255844,0.2930207022079866
E1799,M20,extended,4,虚拧,-1.826599885691983,-1.933235489796776,-1.1423188119599614,-0.6637553819101937,-1.2006312932974381,-1.2575330757482936,-0.7335068568741555,0.8764975433433595
E0605,M12,extended,1,欠拧,-0.6273403712708766,-0.64443725137209,-0.8729494956340694,-0.6229324354593078,-0.6572446281511826,-0.9848705640369725,-1.1494597328226053,-1.827780146953384
E1554,M16,extended,4,虚拧,-0.04840484654404357,-1.9223366209574049,-1.1361255985331113,-0.6574185579342676,-1.195026228234012,-1.258946405634216,-1.4243704964000496,1.1665252464710683
E0574,M16,extended,0,合格,0.8517224115238532,0.003388988300645474,-0.15390923191320008,-0.6038719645637357,-0.2887346912298734,-0.19697098518411038,-0.06986281685491584,-0.10288819104407905
B0052,M24,benchmark,0,合格,0.5903499439560416,0.9890486085082225,1.726514061749719,0.06130280121774331,0.9724637260602749,1.6444164270244972,1.5874224553530745,1.2494644937842903
E0947,M20,extended,2,过拧,0.5769130638364044,0.8283218643596302,0.8450479089741795,0.12081208962097663,0.8955185462463744,0.7898154148651435,0.77601230678351,0.3325810430074788
E1169,M12,extended,2,过拧,0.6276426754110781,-0.37568587060000636,-0.610662814575183,-0.6003743753160339,-0.585627958185844,-0.7052038243987603,-0.6717323893015902,-1.0868867528143153
B0372,M24,benchmark,0,合格,0.8192080358332869,0.7226542526111501,1.646793490678105,0.1862747047600456,0.6911427372935439,1.6193968856377976,1.7765033853474488,1.4310449306276753
E0025,M12,extended,0,合格,0.6001940753805892,-0.8239526034906105,-0.7175134800593954,-0.6360291674401838,-0.7481406205218285,-0.7831193856067139,-0.6531964533099385,-0.9958826947126251
E1439,M20,extended,3,滑牙,-0.6155920830379323,0.8025522403781709,-0.7201544627013297,2.79983654874129,0.43282982137448495,0.04874980619546458,-0.011342475775550245,-0.27955031524752755
E0061,M12,extended,0,合格,0.6020263772150848,-0.8373043443960391,-0.7069113534617125,-0.6202440701834093,-0.7427331322960699,-0.7806712957219678,-0.6248262234410478,-0.9940497831697919
E1704,M24,extended,4,虚拧,-3.1879642212355583,-1.8216186133290457,-1.134046643188944,-0.6544528325579532,-1.2320117976368323,-1.2555487639697656,-2.1560815137853346,1.0936364641177174
B0887,M20,benchmark,2,过拧,1.9997493295529734,0.42227271003980815,1.175378089092821,0.3476989775895804,0.9163152960867281,1.060962072779266,1.4706874093843116,1.2363591762530302
B0251,M20,benchmark,0,合格,0.5636198936645704,0.2657430498325704,0.6104206101714196,-0.3529628864514158,0.2949753440428641,0.5420150748647581,0.844618642131854,0.4351018953033066
B0252,M24,benchmark,0,合格,0.5234888907404134,0.8228996691579752,1.7534913720425358,0.09893046072178467,0.8971952404813822,1.5761904167496592,1.6737556897196224,1.2048636462420055
B0529,M12,benchmark,0,合格,0.3335761947179458,-0.6752086200319093,-0.7092140284098454,-0.6374388476607104,-0.7390892189988036,-0.7946901568355348,-0.7481414367938495,-1.2051095473270848
E0670,M16,extended,1,欠拧,-0.5818561727910351,-0.3485399941092767,-0.46487402484955836,-0.49782518453686775,-0.5317529395303418,-0.5804949826120388,-0.4075548495718822,-1.0782109715115697
B0061,M12,benchmark,0,合格,0.5648055007339503,-0.48715086138464214,-0.7100216016144038,-0.6259708160833092,-0.7637844544408017,-0.7713729096853353,-0.8544488951048447,-0.9844269975699154
B0194,M16,benchmark,0,合格,0.41563457491380545,0.020338680618792484,-0.18932786482393546,-0.5306231101295661,-0.26196282680990146,-0.2223688654561122,-0.12791571434962298,-0.3520114182408839
E1650,M16,extended,4,虚拧,0.02632432631383236,-1.9196277585221884,-1.139044866536076,-0.6651240331773436,-1.1760143741336726,-1.256966184673414,-1.5268125558379069,1.2300661799559676
E0601,M12,extended,1,欠拧,-0.3162442617630173,-0.5617511201429861,-0.7915210163663287,-0.5872249460833295,-0.7118975700939789,-0.9119043319777433,-0.9937830405319058,-1.647940976075691
E0907,M20,extended,2,过拧,1.5005368983701908,0.5211201217955056,1.0255896293743494,-0.08469092991927585,0.7975989885839196,0.9524233396380825,1.1857985231343493,0.9524411782680999
E0732,M24,extended,1,欠拧,-1.8262406108224742,1.7324170073994511,1.1409962055663159,0.5620264797434222,2.3605910632697626,0.9226926551540954,0.42537568249138413,-0.18038980078022807
B0517,M12,benchmark,0,合格,0.4249397940340896,-0.8223349488214662,-0.6959927454730541,-0.6105601964924097,-0.6764870634862035,-0.7782975939129317,-0.6228845347047738,-1.1546739313734458
B0157,M12,benchmark,0,合格,0.4212751903650975,-0.5175086873152412,-0.7080736040871919,-0.6046684083000348,-0.7681069086268443,-0.7905800942318568,-0.8066977350720349,-1.1511303023906343
E1542,M16,extended,4,虚拧,-0.3019091944696074,-1.9325182233231786,-1.1375497647925015,-0.6604804929639597,-1.1995972895059968,-1.2590686300018519,-0.7382711857177905,0.9509748490338329
E0559,M20,extended,0,合格,0.5777753235232261,0.3322885115035559,0.5937616845395485,-0.3433279708759042,0.2558490368623175,0.5641491515174348,0.7972270540872433,0.4424029929489274
B0535,M20,benchmark,0,合格,0.17693235161201296,0.5615601729806016,0.5882287167731819,-0.30557984182320497,0.5075789399676571,0.5182018250710376,0.5420208354630968,0.15900431990113317
E1486,M16,extended,3,滑牙,-0.1749773830720709,-0.03358352082251053,-0.9114347240918443,1.5429561200326407,-0.5734937784036122,-0.551924240894848,-0.4387297409487239,-0.7281554153560593
B0756,M24,benchmark,1,欠拧,-1.3276030194309059,1.3315168748378787,1.0721287635748828,0.31634827619957145,0.5752600022165772,0.9242925100582703,0.6638078678660532,0.08871216223346368
B0978,M16,benchmark,3,滑牙,-0.12255917961070487,-0.04739875251886487,-0.6799667826231343,0.9413132951228835,-0.4216527459017142,-0.46346668656262546,-0.3292760277409888,-0.7437046149444311
E1616,M24,extended,4,虚拧,-3.49356342523993,-1.7699064414404744,-1.1380572263332038,-0.6646306062878539,-1.2292486946829093,-1.257671966933845,-2.186860875975158,0.833790704395336
E1397,M12,extended,3,滑牙,-0.1148706974032119,-0.32849153553091387,-1.037896322665131,-0.2961080847882702,-0.7072312478769762,-0.9581231031626276,-1.1009714502139882,-1.4490700736782414
E1227,M20,extended,3,滑牙,-0.9222691116508311,1.1676308582655455,-0.7344943436579484,2.2639398389597347,0.4534714053453763,-0.04559673426086467,-0.24393161634198762,-0.39346576763463786
B0496,M24,benchmark,0,合格,0.5940504751119847,0.9874435972913128,1.7381311114288056,0.3553474397531963,0.9947283494139474,1.6093712027302938,1.588483192718261,1.2148224656247346
B0315,M20,benchmark,0,合格,0.43406537571961834,0.4584473043837308,0.5888671361308396,-0.37214742837848575,-0.07876059069939707,0.5474647507505932,0.6709813290306206,0.35170442010437614
B0775,M20,benchmark,1,欠拧,-0.895503133872409,0.511375221004414,0.16453106974103038,-0.0815001698427826,0.09663003785501817,0.0017677297995302484,0.0973201790581477,-0.5574197051411066
B0932,M24,benchmark,2,过拧,1.640869662400414,0.9151998309858047,2.2647179499822685,0.9035318533249094,0.30772927817010226,2.10346419210701,2.1872424674670152,1.8538059779822529
E0753,M12,extended,1,欠拧,-0.4779538805290265,-0.23223608167532953,-0.829116822983948,-0.5825016544770337,-0.5462598567995223,-0.9357335869506254,-1.17026097233991,-1.7364706035945552
E0374,M16,extended,0,合格,0.5168063781675454,-0.13867384162746288,-0.19396595417444015,-0.4732359609126297,-0.13052129562855125,-0.21167636048295518,0.004802306494578835,-0.3380507419896341
E1390,M16,extended,3,滑牙,-0.22038972657801076,-0.09378219639077368,-0.9302981063091317,1.4021220180360936,-0.340916551802818,-0.5784667267268208,-0.4328687175410825,-0.7768497653440061
E0736,M24,extended,1,欠拧,-1.390799468977543,0.9141811363447926,0.7836450625492055,0.1404954996501522,-0.0713998196730517,0.6243916668299756,0.6175309529848593,0.0333887821656016
E0717,M12,extended,1,欠拧,-0.6190051942982674,-0.11402437303708728,-0.841967058772699,-0.5879009993182361,-0.7008475564594809,-0.9528177391160287,-1.1995660893781175,-1.8523411616273546
B0823,M20,benchmark,1,欠拧,-1.0596558217510794,0.6922653348468436,0.26852794613075565,0.05185490704261347,-0.0667393095013932,0.05152548013849595,0.0724917332730159,-0.6253290778030922
B1100,M24,benchmark,4,虚拧,-2.47103121913031,-1.934109332624508,-1.142242419900071,-0.6609694393731892,-1.2128642362240694,-1.2582299037897624,-0.16105027306214867,1.7032322947384708
B0336,M24,benchmark,0,合格,0.3836231840405522,0.8625472189934335,1.64807032939342,-0.11491059963358952,0.6461576129406764,1.6283703149794688,1.5619108227903646,1.1842739399108406
B0971,M20,benchmark,3,滑牙,-0.012118084723632957,0.5712913056492279,-0.495949223497939,2.175482853305853,0.06203800829624415,0.26778589611613957,0.42735332842647816,0.012921269937292633
E0143,M20,extended,0,合格,0.02632432631383287,0.46301598886160183,0.6143766275586148,-0.3097479389481914,0.6496202009067443,0.5349494166441886,0.5772768689059959,0.13994203985566395
E0158,M16,extended,0,合格,0.07834732741873861,0.33501472116935127,-0.18632674818537376,-0.3188158213809683,-0.1992768314370011,-0.23310389186821284,-0.25126688490124455,-0.6293003861458986
E1197,M12,extended,2,过拧,0.43719106708434696,-0.41095828931375394,-0.5416207621611427,-0.5518454771869339,-0.5370790096988018,-0.6330697418808826,-0.6167538323059832,-1.1775242286074386
E1245,M12,extended,3,滑牙,-0.194306371051656,-0.018045337120796433,-1.0291057792019984,-0.013924047116528263,-0.3199570621846422,-0.9068411603990985,-1.110212450310699,-1.538149574659956
B0132,M24,benchmark,0,合格,0.24738615352273208,1.3660806905499752,1.6613188952087437,-0.2421705450326867,0.8282016912744934,1.6436123504907327,1.1971789765608432,1.0656234660380768
E1456,M24,extended,3,滑牙,0.31712140569443276,0.8401424235549687,0.3541579886924827,3.560249375723394,1.3116913971821247,1.140832404164851,1.3123498843809405,1.1667085376253516
E0399,M20,extended,0,合格,-0.10552955079597774,0.7328683993499516,0.6889243648604892,0.06662990422191768,0.7828041517064773,0.5380845825444894,0.5061175724414401,0.006597725114516791
E1658,M16,extended,4,虚拧,-0.22696445669002605,-1.9274055106293655,-1.14092738515481,-0.6662431416186732,-1.2361292342057577,-1.2578477406773816,-1.4111202686349211,1.0146990736730155
E1703,M20,extended,4,虚拧,-0.8329893065778393,-1.9273773766274929,-1.1421223752345284,-0.6572364333366447,-1.205904958556629,-1.2568410705445003,-0.8308070368807692,1.7213475704868095
E0401,M12,extended,0,合格,0.23042837968190658,-0.6534385782408533,-0.7218132617160983,-0.5894855096931491,-0.7956092720583846,-0.8020564050665876,-0.7659582288091034,-1.2373687904809565
E1321,M12,extended,3,滑牙,-0.024728632643398987,-0.48099767840090385,-1.0386493301126247,0.2644482666601572,-0.7986517059298877,-0.9548153779163012,-1.0300998113399913,-1.3895004485361482
E1411,M20,extended,3,滑牙,0.14520838063436722,0.3215222797691847,-0.5532214421131106,2.266264862180788,-0.314690987912516,0.15848049373714543,0.40820612005488854,0.1964568124263675
E1776,M24,extended,4,虚拧,-2.8000192171397194,-1.920466772463383,-1.135869139474907,-0.651891678379728,-1.2010717709639447,-1.25756302881662,-1.4714564482546912,1.4234994447763438
B0213,M12,benchmark,0,合格,0.6154632573347224,-0.565617047397808,-0.7190740607114475,-0.6061358554217952,-0.6831285522389454,-0.7689644486199809,-0.7955330248384602,-0.9593161094330943
E0333,M12,extended,0,合格,0.17750719140322807,-0.6087991636435754,-0.7383084900767751,-0.5216085614008351,-0.4277811796765443,-0.7686701125012801,-0.8271034454023207,-1.265442885612025
E1231,M20,extended,3,滑牙,0.15641775656304802,0.5845403086859915,-0.6295862191252417,2.9253233770996894,0.168371034457281,0.28200584481576224,0.4138514002696106,0.19349360543211952
E1379,M20,extended,3,滑牙,-0.8814554864746057,0.8875655252415612,-0.7430229714871703,2.48461955821955,0.16334084700918894,0.010609769213649598,-0.08723014388492104,-0.4835533699649105
E1185,M12,extended,2,过拧,0.4953935959448082,-0.3008450807738024,-0.5784199087256167,-0.6189377242540409,-0.4165514301852741,-0.6586211384271374,-0.7046871620200164,-1.1092177251111714
B0679,M20,benchmark,0,合格,0.6010204075804593,0.22600314077958555,0.6138091436851414,-0.35848957136409026,0.11406995038162962,0.5483651152047583,0.8711011190627003,0.4362321907547204
B0651,M20,benchmark,0,合格,0.3902338416395181,0.2642169657538255,0.6450098435747706,-0.4315511068322357,-0.22294083704203668,0.5961811024789321,0.7980360910606905,0.33132855345320883
B0985,M12,benchmark,3,滑牙,-0.02203407112208124,-0.3014524440620381,-1.0346769429983103,0.24163656163540498,-0.7475670421375066,-0.911575434475074,-1.0158787392067261,-1.4304965700441938
B0713,M12,benchmark,1,欠拧,-0.3454892361410512,-0.5974920606494535,-0.8332365376423373,-0.6480244064733948,-0.8156460957735123,-0.9290876613650916,-1.051476366038414,-1.6468106806242766
E1022,M16,extended,2,过拧,0.5502189410318844,-0.009827026015698556,0.05353340671989637,-0.3762356932910025,-0.13472098060987545,-0.08793514762609678,0.15895081783543352,-0.3442215441838406
E0312,M24,extended,0,合格,-0.36959657988510664,1.7631037682207875,1.7330564960217834,0.3733681512743711,2.142052586567351,1.6420813760954864,0.9806627038668956,0.6994688368313443
E0703,M20,extended,1,欠拧,-1.0920983424677435,0.4405323481373256,0.0430622379391691,-0.18784848548553368,0.02088067938128484,-0.03003558824756642,0.030026281466729747,-0.6368458719972301
E1371,M20,extended,3,滑牙,-0.6029096801442636,0.9222047552865986,-0.6904161251010357,3.309339986482929,0.3007158379636679,0.2317668744840088,0.10071813434662687,-0.2838576573731863
E1346,M16,extended,3,滑牙,-0.3416809225242558,0.1545958671961887,-0.8703630787491997,1.546543845902502,-0.31719090113060666,-0.4998503800803686,-0.47324865181581527,-0.902159817822399
E0826,M16,extended,1,欠拧,-0.19437822602555815,-0.3092031312077075,-0.3439835900725836,-0.5131589420900692,-0.6301019001723915,-0.4596635602226226,-0.213655654935643,-0.8180902750577631
B1085,M12,benchmark,4,虚拧,1.4852677164160577,-1.923657684180985,-1.1322896258114588,-0.6483103656887117,-1.1975405371179997,-1.2546013699669132,-1.443553661970459,1.248639683590015
E0897,M12,extended,1,欠拧,-0.6516992074235886,0.1697199264896588,-0.8499063764256214,-0.5662474514359175,-0.43910893980214555,-0.9437835010909509,-1.2364581753673214,-1.8781546658555954
E1495,M20,extended,3,滑牙,0.111688035309176,0.4838661978707793,-0.3126573889417051,2.058309740288688,0.06730786143313369,0.29531270141669963,0.41739318435336953,0.12576752392441723
E1502,M16,extended,4,虚拧,0.11905317013411032,-1.935806338104441,-1.1412384099700792,-0.6606500487583317,-1.1454056495251497,-1.2611997557150005,-0.24880381678208227,1.3089119248235277
E0638,M16,extended,1,欠拧,-1.2209343106736783,0.12402372854095459,-0.5303529333272698,-0.36324375963488,-0.3844709208636553,-0.6725168799710035,-0.7273581758759549,-1.4809932830492607
B0012,M24,benchmark,0,合格,0.65480385554596,0.8299746102508464,1.6810880689933063,0.30659100847985377,1.1635123013322093,1.5946831503236718,1.641699846971693,1.2884444125952192
E1015,M20,extended,2,过拧,1.4531126155950005,0.38162151090215995,0.98180060932988,0.39551129743348046,0.34328098029488696,0.798377134380605,1.2490472358585303,0.8906415107488926
B0527,M20,benchmark,0,合格,0.35987511516600595,0.3532447280099741,0.607190317353186,-0.28344003653596195,0.2210197151921994,0.5202054451037881,0.7214472575743319,0.29127943624229413
E1530,M16,extended,4,虚拧,-0.5706108693754028,-1.7596265375440572,-1.142897208984848,-0.653034115690802,-1.2185224209425274,-1.2572154711360257,-2.220786493061721,0.7225024252196205
E1320,M24,extended,3,滑牙,-1.0767932330266599,1.7610106261210106,-0.39665591536719597,5.689667145561334,2.1136405058229646,1.1744238292806013,0.613485768117622,0.22324786947745232
B0325,M12,benchmark,0,合格,0.46586120167116674,-0.8805613673483773,-0.7040248249129866,-0.6413347965837356,-0.8078881529190175,-0.7890023932391697,-0.6024069099768484,-1.144317981156436
B0558,M16,benchmark,0,合格,0.47394488623512,-0.3317143060996617,-0.1636710458520855,-0.554259172704895,-0.2502343128872356,-0.19253211320660996,0.09327499419091054,-0.3568380853036787
E0625,M12,extended,1,欠拧,-0.4847441755627472,-0.42629754503135925,-0.8363686120978546,-0.5638634484226083,-0.828201392284975,-0.957917966000288,-1.1038839833183989,-1.770257273034122
E0827,M20,extended,1,欠拧,-1.7773792285692471,1.086376183379,-0.06134388162854195,-0.29807067203553883,0.18219441101078088,-0.1808383671274864,-0.42598291396707405,-1.0417054832834665
E0216,M24,extended,0,合格,-0.34495032383678764,1.5768845876722406,1.6008927758352292,0.1783406457350961,2.967545248263222,1.6597546126737541,1.064299148321952,0.7187755050825254
E0468,M24,extended,0,合格,-0.22506029988162835,1.1437796980860606,1.7977987667791206,0.13713393484657205,2.834574284827798,1.7146146174055892,1.299171571013452,0.7385404012194146
B1088,M24,benchmark,4,虚拧,-2.8596588454782164,-1.8171038303600326,-1.1385046655411348,-0.6559909588400819,-1.2428382346268487,-1.2579122456078637,-2.193494979157427,1.37278889209128
E0185,M12,extended,0,合格,0.29039135540296174,-0.7392107494190744,-0.7175462195136341,-0.5948744447194384,-0.6438279090414065,-0.7887980824534105,-0.7148091134878145,-1.2243856670525517
B1102,M16,benchmark,4,虚拧,-0.0064415417853898975,-1.840548269388159,-1.1398087871349825,-0.6595727648948372,-1.2284620949534797,-1.2585832309311789,-2.146462963101015,1.2022059245048966
E0723,M20,extended,1,欠拧,-1.4721392994343847,0.8787853329824773,0.21794548933172345,-0.17636041216238255,0.3376998666987336,0.07115047422782135,-0.1339205665525441,-0.8299736515604679
B1069,M12,benchmark,3,滑牙,0.04274318785039482,-0.4263693460476254,-1.029984287890741,0.41400629482334844,-0.6597526702014646,-0.9164121939042009,-0.968864701749724,-1.3674749614964308
B0697,M12,benchmark,0,合格,0.46586120167116674,-0.7917455829202891,-0.7198216115832347,-0.6223564203497984,-0.6582443236369324,-0.7818862342837166,-0.6858815470372155,-1.0402391540491993
E1163,M20,extended,2,过拧,1.3626472034526296,0.5723548968909101,1.0218791578939457,0.396426043120429,0.7298608076183241,0.972690590233392,1.2210185993784286,0.814545133195583
E0558,M16,extended,0,合格,0.0702277153678348,0.15406395117380925,-0.1936931253891163,-0.3936348143827321,0.3445060107380635,-0.21532274990105027,-0.19878735322361962,-0.6604598823740702
E0877,M12,extended,1,欠拧,-0.195851252990545,-0.6387572440445883,-0.7886617706961353,-0.5137492686092494,-0.7728603868600538,-0.913963903394078,-0.9335367539091856,-1.5945421531278043
B0421,M12,benchmark,0,合格,0.3992516408641946,-0.6402828953290838,-0.7110474378472214,-0.6390745554931248,-0.795349475560371,-0.7770155995592506,-0.8095023965799862,-1.1298074314423363
E1633,M12,extended,4,虚拧,1.2418589923236973,-1.8562258149925142,-1.138439186632657,-0.6636624178885043,-1.2256186969714697,-1.2572864467996452,-2.131684554386042,1.041673421878384
E0222,M16,extended,0,合格,0.01073179697714102,0.16522682662780172,-0.20381507332462911,-0.3937127046870875,-0.2394222820361654,-0.21895756770308616,-0.22431696438573925,-0.6856013190366052
E0097,M12,extended,0,合格,0.6813183409157256,-0.9724468445106342,-0.7029335097716914,-0.6197978936404535,-0.7449621684910094,-0.7714642053712095,-0.494589249315418,-0.9201834479935962
E1268,M24,extended,3,滑牙,-0.27359833475229683,1.4191986776423788,0.2170233280373291,3.3543070274694076,1.37131429951265,1.2417731451609522,0.9333250516205145,0.7549755080534898
E0452,M24,extended,0,合格,-0.1713846343769809,1.1999921441016208,1.718836659730707,0.41017493558187096,2.570388015892283,1.5743147269518738,1.2799524482442228,0.8318355987496465
E1421,M12,extended,3,滑牙,-0.0657937502282799,-0.2752851863764332,-1.0338966526722841,-0.10002812032428311,-0.5832377920385322,-0.9387341178324909,-1.0750822670636695,-1.424386864901415
E1690,M16,extended,4,虚拧,0.16823789976989503,-1.9266655165422735,-1.1376043305495662,-0.6672128404090438,-1.2273539599010235,-1.2599098263051922,-1.4528126406665798,1.3507328565258485
B0783,M20,benchmark,1,欠拧,-1.423709047024569,0.4886495499963541,0.0029891459508095434,-0.40884618716432897,0.36776332515185983,-0.09317072032851079,-0.13810958021506073,-0.8597279156058006
E0447,M20,extended,0,合格,-0.22038972657801126,0.7863496364137733,0.7164036801183021,0.0023894610745696177,2.0689269803328965,0.5588892547200685,0.4924718154892928,-0.14385376402641104
E0114,M16,extended,0,合格,-0.1643069194476531,0.13129863275300052,-0.1739294081802603,-0.520460727541968,-0.14546592775070885,-0.21949386880801633,-0.23591316100515292,-0.740069340384478
E0951,M20,extended,2,过拧,0.3945092125866754,0.9510787409249157,0.9318893113427441,0.3653894576421622,1.516476076446415,0.8245137371162939,0.7772708087422059,0.23216803898590938
B1013,M12,benchmark,3,滑牙,0.038791164285795626,-0.4587571209114538,-1.032723488895392,0.13525444915301754,-0.8103253749068358,-0.9295293519296508,-0.9829239664882999,-1.3565080407651429
B0965,M12,benchmark,3,滑牙,-0.09500279711936324,-0.48397211426519426,-1.0481819678718383,-0.40288428470265664,-0.8250477092918097,-0.9800987240869254,-1.0910472633396993,-1.4537134495867534
B0078,M16,benchmark,0,合格,0.7338443268379438,-0.35872093355509393,-0.15136646763398226,-0.5340402622620564,-0.011209823505603825,-0.22051826049826592,0.1936135574978043,-0.21176313668839714
B0861,M12,benchmark,2,过拧,1.0663532185685414,-0.5682344052459141,-0.5559115339364034,-0.6068787588021214,-0.6306764937894227,-0.6418813872818778,-0.45845226450143195,-0.7683572751955435
B0210,M16,benchmark,0,合格,0.6531511911462188,-0.2034115367701459,-0.15596090437883509,-0.5353398527681871,-0.5224351402870582,-0.2228760653581831,0.02711374836231881,-0.24105917284802061
B1147,M20,benchmark,4,虚拧,-1.3212438542405964,-1.9215342581240606,-1.1395414149253653,-0.6599920378383698,-1.204733276888807,-1.2576773439055104,-1.4652538314582608,1.3061931060349912
E1415,M20,extended,3,滑牙,-0.7786310188211245,0.9458092675783588,-0.7353892220738105,2.816965842941936,0.4892939374883948,0.06164413103684165,-0.07924764574690613,-0.36490289609214654
E0960,M24,extended,2,过拧,1.110687737465954,1.6879008782635525,2.6351976141491598,0.8074222459768965,4.723899867903973,2.4893930275128637,1.7485286846655768,1.5072024052324127
E0992,M24,extended,2,过拧,0.9124039369839263,1.3981162221713554,2.2580991236503127,0.7026334501548982,1.4378861267219063,2.1687003176267616,1.7222619509276498,1.3350614628346207
B0142,M16,benchmark,0,合格,0.527440914305012,-0.18261695974038333,-0.17425134614694252,-0.5222723941847097,-0.4517018705001396,-0.23580645880088955,0.041316841896173934,-0.36001513197792406
B0908,M24,benchmark,2,过拧,1.6761863820731506,0.8342008643976047,2.1568469048409455,0.4033761128164704,1.3417866282594395,2.079424526973706,2.1905685083578548,1.953608011489545
B0637,M12,benchmark,0,合格,0.3610247947484347,-0.5111354049466426,-0.7251035768671032,-0.5830789490445025,-0.7872764815323205,-0.7948097001536346,-0.8089450599982778,-1.1698565486532513
E0015,M20,extended,0,合格,-0.3261602481614661,0.6555368145240521,0.6488730991749558,-0.2694752069424342,0.8270408252770969,0.5324372995526631,0.4395428188264197,-0.11855958473530635
E0115,M20,extended,0,合格,0.5606379122476457,0.14367960775064728,0.6098476697222398,-0.4111815296087463,0.1523882423724329,0.5315524571005262,0.8833085880620518,0.43372721164618133
E0904,M24,extended,2,过拧,2.899804732646968,0.7984698655453077,2.5218427104228285,0.8050590412912051,1.3168205743482424,2.409901871128293,2.746179144522744,2.602916925538359
E0894,M16,extended,1,欠拧,-0.9218739092943709,0.490799683974214,-0.41394234720531187,-0.42642337680547066,-0.18098729053292245,-0.5006195469508713,-0.6783305352850393,-1.2708194261376704
E0756,M24,extended,1,欠拧,-1.8238334691967637,1.8469692730634553,1.1130803642519849,0.12394505036100745,1.4407374331710128,0.983253966853216,0.4109568457646097,-0.20152938057424244
E1735,M20,extended,4,虚拧,-1.340069857402869,-1.9203990135638174,-1.1380899657874426,-0.6639404840373265,-1.225331414181447,-1.260288965887088,-1.5161512463878104,1.2901856785609107
E0975,M20,extended,2,过拧,0.8367765769522781,1.0523111765223012,1.0306969842356108,0.18556753108036764,0.8562543071359978,1.115585037600847,0.898176889774075,0.5649636781130697
B0033,M12,benchmark,0,合格,0.4928068168843432,-0.7546776041078174,-0.7174370879995047,-0.587759857210746,-0.8434963190091351,-0.7778346630314836,-0.6990239032058843,-1.0119512192381335
B0377,M12,benchmark,0,合格,0.21850045401420684,-0.576052218427378,-0.7119914254444417,-0.6296398514425878,-0.7117070797330132,-0.7884680419533384,-0.8109766417316014,-1.2850244905946313
E0011,M20,extended,0,合格,0.24630832891420495,0.4139987218053954,0.5854513197385858,-0.2903468202371019,0.9153674451060209,0.5261076310326048,0.6987043293207533,0.18894187510074975
B0594,M16,benchmark,0,合格,0.38153938979740015,-0.038176201916377696,-0.1595458746179897,-0.5389735824867181,-0.36870097368117694,-0.2291977515192844,-0.08651099990852344,-0.4121614653715408
E1505,M12,extended,4,虚拧,0.9802709598341803,-1.8761940411161961,-1.1401198119502518,-0.6694936215335794,-1.2085018429534222,-1.2592942181781526,-2.2254609289083063,0.8192496061555224
E1121,M12,extended,2,过拧,0.7907893936551236,-0.21609473974381302,-0.5721284769360498,-0.5752939249759694,-0.49324795579111835,-0.6433585510043699,-0.6820700839623074,-0.9558335775017105
B1036,M24,benchmark,3,滑牙,-0.20997075536224896,1.056260336355243,0.35737191178359706,3.308724039199779,0.9432682446263833,1.1953870398223734,1.0905658820598794,0.831866147275361
E1422,M16,extended,3,滑牙,-0.6199033814720402,0.5424598348301805,-0.9306964363357045,0.31480573603824397,-0.2699220635414469,-0.6010366417905183,-0.6782226636885795,-1.0563382271004214
B0818,M16,benchmark,1,欠拧,-0.7299852014896034,-0.0008254910831279971,-0.3972233992406696,-0.3532461300840362,-0.5228810757747094,-0.5487283029070757,-0.4816806149390786,-1.2249966375668295
B0116,M24,benchmark,0,合格,0.69385703386159,0.8996528311834319,1.718061825980387,0.5037981679686715,0.43487374201090556,1.5860207817878125,1.6342387282165667,1.3508550506287038
B0745,M12,benchmark,1,欠拧,-0.21345572159648676,-0.5212061622518627,-0.8029689121985152,-0.6443179601247281,-0.7660817205268945,-0.8929471485528171,-1.0122290835265075,-1.54108223312849
E0644,M24,extended,1,欠拧,-2.0677811055933875,1.4430673945334853,0.8259935466071653,0.24118011006608864,0.4814307642283432,0.6144304832286067,0.3255764771667887,-0.36551386660642476
E1723,M20,extended,4,虚拧,-1.3494110040101033,-1.8934486596130866,-1.1383791642998857,-0.6587451811736764,-1.249829078263556,-1.2603363905100977,-2.1415008696638704,1.2822430618752987
B0265,M12,benchmark,0,合格,0.3620666918700112,-0.7304687465778628,-0.7166567976734785,-0.6094558025887328,-0.7635741840285485,-0.803659260943465,-0.6947270179469077,-1.1656408521047337
B1060,M24,benchmark,3,滑牙,-0.38763217833445973,0.9841024844242445,0.46913895197934413,2.173745634130422,0.10007065891967809,1.1092503489257484,1.0453137473450516,0.6907625070028842
E1097,M12,extended,2,过拧,0.6237265793334295,-0.44816189976189025,-0.5941621296387998,-0.49590808381135215,-0.725301811736868,-0.7078613356936176,-0.6157110735402066,-1.0540470876718797
B0374,M16,benchmark,0,合格,0.5173093629848584,-0.3174638668443612,-0.13697202092029864,-0.4979085486823583,-0.5117574414018146,-0.2345893682722811,0.14248242077592546,-0.35989293787506793
B0546,M16,benchmark,0,合格,0.4524961765254312,0.0843561164832284,-0.16794354463025626,-0.5777955450648393,-0.5900096664114761,-0.2431115547154614,-0.1547937204674884,-0.3544858488237089
B0669,M12,benchmark,0,合格,0.4861602317984262,-0.5691745186082993,-0.7119314031116704,-0.6406204476346917,-0.7783801813705038,-0.7914552361054025,-0.7849436297860035,-1.0728038824602102
B0098,M16,benchmark,0,合格,0.3067742894525726,0.12252445843155922,-0.1591748274699494,-0.5260753750971561,-0.04722443647495277,-0.23527415818686948,-0.16225483922261474,-0.5251910105129483
E0970,M16,extended,2,过拧,0.9783308755388316,-0.2209618222200857,0.03115053317193197,-0.16376698432029077,-0.32546802324227797,-0.12757398551508808,0.3731838084043187,-0.1184984876838787
E1101,M12,extended,2,过拧,0.3365941036218217,-0.013915869722005859,-0.5735526431954401,-0.48600525457870525,-0.23525987259806544,-0.6851361118409612,-0.7769431530485786,-1.2554840662292956
B1168,M24,benchmark,4,虚拧,-2.8144620668939826,-1.9361359076983504,-1.1423406382627874,-0.6629147241058277,-1.2156609903732725,-1.2597460274669228,-0.8155072487829074,1.411218937439358
E0108,M24,extended,0,合格,-0.5126598329235981,2.037701263804587,1.6543399348801608,0.10417740485239194,1.0721644265681032,1.737375639279482,0.78552298587137,0.6380357516207038
E0554,M16,extended,0,合格,0.37909632068473836,-0.23091394660703915,-0.1428378398047604,-0.5182873992342651,-0.31254245851046775,-0.23390545689687314,0.07331874884587315,-0.4563346335538313
E1627,M20,extended,4,虚拧,-0.7869302683067827,-1.9383614965905216,-1.1431591246187587,-0.6625307069481159,-1.2198296071931263,-1.2581782075455639,-0.13861298099853925,1.7605107804520217
E1074,M16,extended,2,过拧,0.5246026428358915,0.1932849746513861,0.15795589601472676,-0.3107670762150401,1.1441467407282242,0.004937896596183213,0.146132076456144,-0.42346441988568123
E1168,M24,extended,2,过拧,2.58763079853058,0.9211222795971631,2.5073609584978414,0.7487891934533751,3.1338105701284222,2.4083328210105805,2.5420860840210673,2.4335558989805315
B0195,M20,benchmark,0,合格,0.4376940519016594,0.6506034624632415,0.5731194586419499,-0.33045803066988116,0.3233578554684302,0.5731467074407445,0.56319962556801,0.36129665717853904
E0472,M24,extended,0,合格,0.7172817553535786,0.957980540002925,1.7325926870867328,0.09629263417538242,0.6343111147637849,1.6219902243593989,1.5347811162807603,1.4083168274965392
E0448,M24,extended,0,合格,0.30411565541820645,0.9764179108505979,1.687494088872709,0.2892825337367884,1.5444236297421041,1.5817100328506812,1.5045231334738252,1.0628435501981126
B0590,M16,benchmark,0,合格,0.5911762761559122,-0.039852947019594666,-0.15777248751338507,-0.4762595680148276,-0.3850892416118989,-0.1947874194689217,-0.036566450747700645,-0.2585940266077965
E0665,M12,extended,1,欠拧,-0.6571601854401252,-0.40746833268270527,-0.8425509123732917,-0.5853297655477021,-0.8012276369412284,-0.9641693169696961,-1.1643819703328582,-1.8757413323241974
B0678,M16,benchmark,0,合格,0.5624702140821423,-0.351768416071736,-0.1306151102222542,-0.469553203431893,0.07439973779365398,-0.2162045840705121,0.16508152023422437,-0.2594799338534985
E0614,M16,extended,1,欠拧,-0.4600260645405266,0.006724501345604767,-0.34005485556392095,-0.43144312389672396,-0.4146269062812647,-0.45202972648662737,-0.3829421469796698,-1.0071856492267661
E0176,M24,extended,0,合格,0.3127741797733733,0.8481973540822819,1.746190473747271,0.1285401434611447,0.5876074499099756,1.580221043553835,1.5683112041803042,1.155863810996919
E1562,M16,extended,4,虚拧,0.5519793878924788,-1.9236270783193363,-1.1422151370215383,-0.6569407022775787,-1.198939293907323,-1.2548470673292542,-1.5156838028031518,1.6770216596759495
E1098,M16,extended,2,过拧,0.8133159279733395,0.4622865609895454,0.16794688613328435,-0.17661285615445843,0.18903986204595058,0.07685707442813423,0.09278957200684179,-0.2430753755451377
E0507,M20,extended,0,合格,-0.3367588568119817,0.6691904705753257,0.6446442530024368,-0.14754498613084904,0.6743062894121663,0.5213292746952197,0.43423913200048664,-0.14724465038065251
E1503,M20,extended,4,虚拧,-1.4680435659219817,-1.9324866076737084,-1.1387611245993392,-0.6600934968854123,-1.2396193227377181,-1.2610790525841373,-1.4485337340070135,1.1813718299680207
B0212,M24,benchmark,0,合格,0.18135143250697455,1.167449048579438,1.6767719176094842,0.28732287396631867,1.2011392484423538,1.60501821928975,1.405874558511466,1.0192202554786722
E0378,M16,extended,0,合格,0.23024874224715172,0.40096758687484396,-0.15988418231179125,-0.34169473573013476,-0.16317934063165596,-0.18618921593534574,-0.31368858205256783,-0.48257581714206643
B0586,M16,benchmark,0,合格,0.5431771535895077,-0.16957867321909922,-0.1966887854519716,-0.4836478062048367,-0.5044571267243815,-0.20949797187256267,0.018897528431974803,-0.3788024752919687
E0597,M12,extended,0,合格,0.03552176297326326,-0.3422071410373354,-0.7234174949738024,-0.6138338387509639,-0.6604880030046302,-0.7910679609957254,-0.946049859098506,-1.419835134570045
B0676,M24,benchmark,0,合格,0.6474387207210246,0.8279836708199212,1.664991170659202,0.33187331655008456,1.9244721415346773,1.5702310978660707,1.666294570964496,1.3686648411199038
E0002,M16,extended,0,合格,0.2799364567002494,-0.254038416055295,-0.14050788197809505,-0.41255064904268796,-0.11644020789628394,-0.2113595713958672,0.023697814474429608,-0.42508349174851795
E1292,M24,extended,3,滑牙,-0.7799244083513571,1.4353368804673485,0.33285006055869426,2.999935150655497,1.1682226920836205,1.1779466187135146,0.8093805872883648,0.4724321937256852
B0555,M20,benchmark,0,合格,0.46428039224532713,0.3093368225897458,0.5662932824331486,-0.4215910677837214,0.1983824735592755,0.566156121697539,0.7540784155033791,0.37104163688127123
B0197,M12,benchmark,0,合格,0.5625420690560439,-0.6456288815397967,-0.7068622442803543,-0.6231229677470214,-0.5076364451698573,-0.78294981934428,-0.7331472848859567,-1.0176332450209178
E1040,M24,extended,2,过拧,1.4982016117183823,1.3841342458158683,2.430243174038216,0.5481800306482578,0.9220945833372501,2.446984834489401,2.0000492904106846,1.819316692451267
E1622,M16,extended,4,虚拧,-0.222832795690672,-1.9355785688306935,-1.1365239285596842,-0.6691284187432623,-1.2086234750949039,-1.25785768840972,-0.7024038798949533,1.0182121541301137
B0211,M20,benchmark,0,合格,0.3637552837567035,0.3593802545585452,0.5894891857613778,-0.3599176772595508,0.30332208949636996,0.5311497739102023,0.7308680436651422,0.26280821027694495
B0248,M24,benchmark,0,合格,0.5307103156175444,1.0145052706226634,1.6886508829224818,0.12858141480465365,1.3865793801444604,1.5696151423492832,1.4643769209914215,1.2717038205040048
E1679,M20,extended,4,虚拧,-0.7876128905588501,-1.8300136529826914,-1.1462475464686241,-0.6613355197374603,-1.2204833859900397,-1.2584479212235473,-2.1783390198548447,1.7599303584634576
E0590,M16,extended,0,合格,0.24382933231459314,0.0820936329395675,-0.16155389447797297,-0.46423970866580955,-0.02119013529465354,-0.2108815322553737,-0.15324756091823305,-0.4789405425821122
B0351,M20,benchmark,0,合格,0.5670330049249062,0.2124136954783384,0.5618570863837837,-0.44128926637635674,0.16303330764496488,0.5443644020452972,0.8218757138782753,0.4644895770400722
E1607,M20,extended,4,虚拧,-1.2600952714501614,-1.935640640603694,-1.137909898789129,-0.6549579705235422,-1.2019488666627796,-1.2576271029640935,-0.8570198348204665,1.3581866968000387
B0266,M16,benchmark,0,合格,0.5676796996900224,-0.25486206464400013,-0.146422810043915,-0.49951152805723104,-0.3884991502427802,-0.19780029138488003,0.10003494756904882,-0.3198743691898677
E0538,M16,extended,0,合格,0.5804698850445433,-0.022735441449038163,-0.15172114505490317,-0.5879149295540115,-0.12780404320639027,-0.24312912208858783,-0.05743960466264492,-0.3026144521615177
E1747,M20,extended,4,虚拧,-1.5967717516670632,-1.9222827943693286,-1.139323151897106,-0.6641064303735464,-1.2015565175313627,-1.2572095810588522,-1.5079170478580564,1.071916462335139
E1394,M16,extended,3,滑牙,-0.3865543537259321,0.1480989124296143,-0.9205417489459526,0.3742746165711995,-0.4009459551533148,-0.5920958875059652,-0.5811562054742953,-0.8765601532741558
B0107,M20,benchmark,0,合格,0.3997546256815076,0.6784500682325099,0.592975937637816,-0.3698231823561085,-0.06170110210688213,0.5277464173193257,0.5189902496189597,0.3203005356704939
E0135,M20,extended,0,合格,-0.04689589209210563,0.6460031821624778,0.6548917021791989,-0.10617626938624453,0.9189777031997992,0.5485580277664167,0.4842735741583588,0.08168600131926795
B0382,M16,benchmark,0,合格,0.41430525789662187,0.21786399043621713,-0.18140491689813237,-0.5629647234373981,-0.22434529888960916,-0.2105220595721783,-0.21139035140999007,-0.39722323629744694
E0415,M20,extended,0,合格,0.9973724436228096,0.20531900727250735,0.5842836125374,-0.2810172200656175,0.15225273185706578,0.5413879833558722,0.9421885011296165,0.6815674007630025
E0382,M16,extended,0,合格,0.5024713108741354,0.025627806643077938,-0.1745241749322662,-0.6095808733515748,-0.5405945377182285,-0.23179147440801898,-0.11781174148123484,-0.3328880411439861
B0491,M20,benchmark,0,合格,0.625487026194024,0.2747914534051067,0.5983342949815755,-0.32127687370392066,-0.014482038168940408,0.5369459361517555,0.8303616127997687,0.47845025329132196
B0658,M16,benchmark,0,合格,0.4563044901422266,-0.25392456013914627,-0.1628580160718206,-0.5946714459139699,-0.30320914267950516,-0.21970260030431885,0.030619575247257644,-0.3452601940581132
B0163,M20,benchmark,0,合格,0.37435389240721917,0.42588136876271104,0.5579338084508275,-0.2125304000078674,-0.17152405952234062,0.5212352786990331,0.6939040432782985,0.25850086815128576
E0109,M12,extended,0,合格,0.580038755201133,-0.9420036258398908,-0.7002325047969858,-0.5933237164839159,-0.5526240594653399,-0.7758604948505805,-0.5452709210520484,-0.9981738341411674
E0680,M24,extended,1,欠拧,-1.176060879472002,1.1990401116114837,1.1125074238028048,0.2489956511935576,1.349981269416939,0.949633339931211,0.7504647170219806,0.14272195569562812
B0427,M20,benchmark,0,合格,0.36289302406988183,0.6174583222584,0.5899147986664831,-0.3490252138652418,-0.1537710459404357,0.590965190836176,0.5717394602877335,0.2713617974768353
B1019,M20,benchmark,3,滑牙,-0.6351366359392223,0.633002530254663,-0.7271989019383901,3.1602087521965903,-0.34675284715497223,0.06564766866214077,0.06675656006124366,-0.26467318322486094
E1800,M24,extended,4,虚拧,-2.2168801764396306,-1.92132091455505,-1.139939744951938,-0.6465119964889211,-1.239788662974,-1.2558255229609114,-1.5008514582899486,1.9193325656385556
B0537,M12,benchmark,0,合格,0.29161288995929213,-0.6760791305128925,-0.7188066885018299,-0.6019955625043696,-0.781795574895273,-0.7965934738274478,-0.7506764193106513,-1.2264324182753827
E1477,M12,extended,3,滑牙,0.24645203886200875,-0.6210039629471055,-1.0246914094554593,0.3833084914703591,-0.8514779527990209,-0.8892806737860637,-0.8601301325183868,-1.2336724188695756
E1713,M12,extended,4,虚拧,0.47265149670488693,-1.7865636857367975,-1.1436283901295157,-0.6602742174976226,-1.2297821133721105,-1.2573455500668436,-2.1542476966455206,0.3876294863439154
E1613,M12,extended,4,虚拧,0.8793147215021458,-1.9316788082717244,-1.1423952040198522,-0.6539641382557713,-1.211831318608802,-1.2558208586204231,-0.8316520310530364,0.7334082488994805
E0660,M24,extended,1,欠拧,-2.2814777979773524,1.796334656281494,0.8657010480231908,0.24553101161688465,0.5307033496626304,0.7002260393168677,0.18893912165121918,-0.4861194461248781
E0199,M20,extended,0,合格,0.6274271104893727,0.262761120149975,0.6024212701857258,-0.3706603191733233,-0.24349484193781715,0.5356253862250752,0.8383441109377834,0.4346742159433122
B0897,M12,benchmark,2,过拧,0.9383076550755267,-0.456363160182631,-0.5695857126568321,-0.5539626556166147,-0.3696318905064514,-0.6554930842729766,-0.5433831681140042,-0.8231918788519834
E0494,M16,extended,0,合格,0.5468417572584998,-0.18973856740606926,-0.1827581476733385,-0.5141634384535682,-0.18672041535016715,-0.2109602945735507,0.017369347482129472,-0.25275925819644185
E1625,M12,extended,4,虚拧,0.6888631131754148,-1.926098700057509,-1.1423188119599614,-0.6441904558977704,-1.1553832033784077,-1.2549967453702702,-0.7891686006473402,0.571470514090129
E0987,M20,extended,2,过拧,0.6071640078490643,1.0215422156916152,1.0095091007673647,0.2860133832708592,1.2409929207397872,0.9074072296911293,0.7728300946879502,0.39065379038959147
E1215,M20,extended,3,滑牙,-0.8722580498151747,1.421177721189399,-0.3794349624375578,2.7461631953670373,1.2440189855256414,0.31115310951740527,-0.019414866910614528,-0.5153238367073599
E1159,M20,extended,2,过拧,1.759071094468881,0.3248193413310017,1.0171483067564309,0.29016308032836646,0.3177312879526915,0.8913472172612903,1.4086073056217776,1.1134624573060343
B1070,M16,benchmark,3,滑牙,-0.23497628628007713,0.09760207158494658,-0.9247596819670587,0.8064510918839278,-0.22633115460275546,-0.5834021855158218,-0.5043875859938372,-0.8005859698237019
B0770,M16,benchmark,1,欠拧,-0.17964795637568798,-0.1472411152647333,-0.3834182627032854,-0.5010060467448404,-0.5855395347999665,-0.44877847546779936,-0.28082370233119125,-0.8413071546003221
E0212,M24,extended,0,合格,0.21523105270167447,1.0057308159601426,1.7186402230052742,0.5105874641086052,2.2395589860409877,1.5960780062724453,1.4644847925878812,1.058841693329592
B0165,M12,benchmark,0,合格,0.632456958662499,-0.9017991578696261,-0.7068404179775283,-0.6023458058586844,-0.8349360206731578,-0.7664358383280641,-0.5883836024370925,-0.957697037570258
E0585,M12,extended,0,合格,-0.0396385397280235,-0.026368898806704146,-0.7128044552247066,-0.5711931197034664,-0.5068331281517101,-0.7914840787252103,-1.0133976924881538,-1.4652607923066054
B1162,M16,benchmark,4,虚拧,-0.06820089185399059,-1.9272673371674924,-1.1386356233580903,-0.6601866157631164,-1.2332557832261124,-1.2605144385025906,-1.3984633346503212,1.1496930088027126
E1638,M16,extended,4,虚拧,-0.7876488180458011,-1.7245480810862035,-1.140501772249705,-0.6528945644390469,-1.1815251579703763,-1.2539989183790397,-2.21794587435495,0.5379587813819875
E0483,M20,extended,0,合格,-0.2977416059833028,0.8646310869692513,0.5752038705618238,-0.06553264804410378,1.116504695693239,0.5392495624250796,0.3998460713292648,-0.16288549554616663
B0154,M16,benchmark,0,合格,0.5426382412852436,-0.23820451000006906,-0.17236337095250182,-0.4993508962220715,-0.2385616911131971,-0.21632473081574846,0.07711223332137143,-0.33203268242399736
E0919,M20,extended,2,过拧,2.146513113747408,0.2838480362126586,1.2099618659204654,0.4645803722044327,-0.14225151435619243,1.0129962978935207,1.6199097844868418,1.361455389051426
E1060,M24,extended,2,过拧,1.6074930270230259,0.9133875767238373,2.3385399627151817,0.9880621969659934,1.6499463694594148,2.0943861591192094,2.216205991116434,1.809907746531388
B0644,M24,benchmark,0,合格,0.7029107605732177,0.7062272155614893,1.660112991977613,0.12992453391620773,0.641413427815513,1.5976529514218518,1.7105399041123663,1.33191496468609
B0089,M12,benchmark,0,合格,0.3268577546581272,-0.735447721607884,-0.7053562293853669,-0.6401655745895594,-0.5500294599282457,-0.7964515344476256,-0.7014150569274066,-1.2253937684011103
E0304,M24,extended,0,合格,1.2883491604381638,0.5510778250797594,1.6739999771505942,0.07427291012717176,0.8015735362627745,1.6381932974543505,2.0089486971186066,1.7066231810927126
E0971,M20,extended,2,过拧,0.44610108384817077,0.5840488099788433,0.8670269959198644,-0.09656716350004906,0.8054358555380059,0.7056753820930429,0.8259928131431526,0.28348956218525134
E0406,M16,extended,0,合格,1.0430722070243565,-0.2920977105651493,-0.17978977048901554,-0.5268650238305745,-0.4572620023254512,-0.20925357383335114,0.17146392302475408,-0.0038193221539212807
B1137,M12,benchmark,4,虚拧,1.243763149132095,-1.9269762715300103,-1.1403435315542172,-0.6618887254613648,-1.2228564606682935,-1.2610750789654308,-1.4241907104059501,1.0432924937412205
B0681,M12,benchmark,0,合格,0.5130339920377011,-0.720919158755755,-0.711320266632545,-0.6554859259642575,-0.8258226797592795,-0.7827914194352615,-0.7046152476223765,-1.071093165020232
B0384,M24,benchmark,0,合格,0.6154632573347224,0.9130783654229299,1.68374542136236,0.18137029488965828,0.8326221018672474,1.5815974431933826,1.583970564266365,1.2889942860580694
E1372,M24,extended,3,滑牙,-0.8489051832970893,1.1506414642680394,0.2200462709787168,1.9932278912270545,0.47882299187161426,0.9567307009934009,0.8292289610369425,0.3969162381609388
E0442,M16,extended,0,合格,0.5652366305773616,-0.16923836680057872,-0.18359300375642928,-0.5311806784245475,-0.44535525497710665,-0.231371345929955,0.011544281273307599,-0.2786033109503962
E0082,M16,extended,0,合格,0.8326449159529241,-0.11157652035800632,-0.1647514478419678,-0.5137551406053431,-0.27272108833127084,-0.23329272101004506,0.03153648381716505,-0.1287322437980334
E0343,M20,extended,0,合格,0.3307019957618732,0.4768108738987761,0.5808568829937328,-0.26235033417284925,0.640429022544181,0.4945429838646362,0.6451640602779423,0.29317344483655505
E0683,M20,extended,1,欠拧,-1.4615766182708192,0.6725428024954564,-0.016152521627508014,-0.11318258284639342,0.24156439278386221,-0.15721961440678506,-0.22652833211316237,-0.8656543295942953
B0466,M16,benchmark,0,合格,0.6265648508025511,-0.30678665330252103,-0.16328908555263222,-0.5669254785991966,-0.37212938846111304,-0.21447480584777398,0.11193678037843145,-0.2588384148135071
B0795,M20,benchmark,1,欠拧,-1.566448952680502,0.5809200563233035,-0.09075482468644729,-0.16302609226273077,-0.40117288856451794,-0.21975333466996075,-0.24148652682223512,-0.9254988914678139
E0239,M20,extended,0,合格,0.015617935202464035,0.5199927800220825,0.5156508033013452,-0.3415037747153655,1.0183676854380574,0.5314922412745712,0.5636131333544391,0.08547401850779109
B0295,M20,benchmark,0,合格,0.09997567456318118,0.6760722431733502,0.6409010420677944,-0.07641792297172956,0.2650579373993925,0.5077014731756606,0.5084547903647326,0.12372077270158567
E0104,M24,extended,0,合格,-0.11555331965527924,1.5681354160663683,1.7212921187986214,0.3061460690446606,1.5175570179880755,1.6272689228125643,1.1222981100184293,0.8740842098119621
B0568,M24,benchmark,0,合格,0.5168063781675454,0.9845421826699976,1.644239813247474,0.06534304340580385,0.4491902004032402,1.6616284335239575,1.543446801196353,1.2506864348128457
E1741,M12,extended,4,虚拧,1.4608010978024935,-1.930592139466228,-1.1381445315445073,-0.6629231769661209,-1.1842898950435221,-1.2606803019933577,-0.84321227047363,1.2278361375788533
E0423,M20,extended,0,合格,-0.1687260003426137,0.794594239650894,0.6155661610626266,-0.17748389643312606,2.147192597000771,0.5971695141268587,0.4244767525208873,-0.019521264370862185
B0771,M20,benchmark,1,欠拧,-1.4654567868615167,0.5328941033354967,0.012036148472146766,-0.16009048388835131,0.07955992082738823,-0.1732715496960332,-0.13057654706229452,-0.8809591409769563
B0333,M12,benchmark,0,合格,0.46920245795760074,-0.6877470939763416,-0.715974725710169,-0.6128088869618323,-0.6918897528733124,-0.7868448105045961,-0.7147371990901746,-1.10967595299688
B0968,M24,benchmark,3,滑牙,-0.7694335821616937,1.0716181655180048,-0.32993290762840793,3.9459359280761346,1.2938418908126779,0.8589429730005491,0.7873927602100044,0.5000175124453315
B0303,M20,benchmark,0,合格,0.48766918625036365,0.2386877732699198,0.6108516796522313,-0.4583411910018655,-0.04278589447479466,0.522896740876477,0.7864398944412768,0.4265483081034158
B0066,M16,benchmark,0,合格,0.45544223045540494,-0.3372974286542688,-0.17360201363787187,-0.5882400326978607,-0.5033091883998091,-0.20792438342486133,0.06384402695683324,-0.3631005330750273
E0720,M24,extended,1,欠拧,-1.7594154850937962,1.5923705188610398,0.9657419070257209,0.06465387732833891,1.58717875157419,0.9527190331821016,0.43785283048188517,-0.20165157467709774
B1121,M12,benchmark,4,虚拧,1.185165417915174,-1.5652895256587211,-1.138149988120214,-0.6634844868869343,-1.1737556870303272,-1.2578693933344318,-2.2659846919783186,0.9934678483018595
E1173,M12,extended,2,过拧,0.314390916686164,-0.3332047938217268,-0.6459614028203761,-0.5570608861705185,-0.4451938942555633,-0.7223166743581855,-0.7819951394827728,-1.2335502247667203
E1193,M12,extended,2,过拧,0.43147859665915334,-0.49318364765006334,-0.6354302117068774,-0.5715653811513164,-0.4827998782123016,-0.7294379561227218,-0.6573315311742255,-1.1623721598533474
B0469,M12,benchmark,0,合格,0.2741880587881047,-0.6478015790937283,-0.7130609142829109,-0.635171479156202,-0.6932980092532592,-0.7909624770837961,-0.7510359912988501,-1.2541093825721707
E0865,M12,extended,1,欠拧,-0.32299862930978696,-0.5151636943051402,-0.8412140513252052,-0.6561884284962232,-0.8261475843017272,-0.9475775666699626,-1.0827591290117156,-1.6655980239383217
E0560,M24,extended,0,合格,-0.1829532851751714,1.5655571133902828,1.6176117237998713,0.032086047304796084,1.9886951733722984,1.6434406398840171,1.1136324251028364,0.8089242044642261
E1045,M12,extended,2,过拧,0.9773608333911572,-0.640010011724304,-0.5756425116910204,-0.546031050746611,-0.6623843964872975,-0.6838400828020866,-0.39604854594951844,-0.8621107006114841
B0916,M24,benchmark,2,过拧,1.7533945515306388,1.2917455372819684,2.5734128074247327,0.8338888194124945,1.1442408863574172,2.430740185391359,2.0800720363843426,1.9514085176381446
E0696,M24,extended,1,欠拧,-2.1166424878466144,1.6941717965340264,1.038745433402663,0.31285783039312154,1.4316552096176798,0.8309862461953835,0.35259831207993336,-0.4156134487772112
E0621,M12,extended,1,欠拧,-0.6358192581912896,-0.3811370914581477,-0.8469543689684179,-0.5786877101856941,-0.6048761322041888,-0.9576624405729953,-1.1841044938855663,-1.8325762654904656
E1621,M12,extended,4,虚拧,1.0339106978518768,-1.9376331172812948,-1.1392140203829768,-0.6586840738358098,-1.2157432003427,-1.2565979989464422,-0.8781087319283302,0.864858555046366
E0486,M16,extended,0,合格,0.011091071846650221,0.24665015920552716,-0.16749064884661877,-0.485617403095827,0.29930562426646806,-0.186968665284998,-0.29405595149690966,-0.6007069660776938
E0798,M16,extended,1,欠拧,-0.9073951320531571,0.29280138814150636,-0.40227073176915973,-0.28414013221951134,0.11696013449298275,-0.5030760530665669,-0.6008247932287735,-1.2866130139317535
E0835,M20,extended,1,欠拧,-1.3429081288719902,0.4687370898168667,-0.028140618454635707,-0.1973505021335544,0.06071634710024107,-0.1702190640069816,-0.1337407805584446,-0.8131414138921118
B0740,M24,benchmark,1,欠拧,-1.4409901682479525,1.0544639919569563,0.9130750383068151,0.3579649124982486,0.618657360802946,0.7339275146328698,0.6422335485741213,0.016739835651529804
E1318,M16,extended,3,滑牙,0.4110717840710416,-0.1166570220541037,-0.8750120812511173,1.8976207989966103,-0.21684563278086622,-0.41692884163159855,-0.14841131767695842,-0.3632532757035962
B0225,M12,benchmark,0,合格,0.6060502557535861,-0.6210991572639097,-0.7093995519838655,-0.6246874608894228,-0.7727706761560438,-0.7698025393429191,-0.7508382267053408,-0.9860460694327514
B0772,M24,benchmark,1,欠拧,-1.869245812702703,1.0423028293688354,0.7601817870113589,0.3036139882541282,0.8497203508823498,0.5337210306118341,0.47639894761680385,-0.2633595966191633
E1048,M24,extended,2,过拧,2.123519522098831,0.9658075341363884,2.332925146313218,0.44580117732813873,2.1573042021442443,2.245553880872962,2.2514979817581526,2.2001040654749553
E1389,M12,extended,3,滑牙,-0.2912746583321402,-0.11154948936554382,-1.0481492284175995,-0.23224570528779365,-0.4772877713523723,-0.958311711469176,-1.1441021101984423,-1.6073419854019257
B1084,M24,benchmark,4,虚拧,-3.2347058817586816,-1.930306785051126,-1.1350724794217615,-0.6568384139480558,-1.2161204222829392,-1.25615896967607,-0.8209727430035298,1.0538928321639416
E1112,M24,extended,2,过拧,1.3707308880165823,1.2981603604169496,2.6165743212629575,1.052179214055431,2.07042867674589,2.4156454558572182,2.000894284582952,1.6749138114016904
E1565,M12,extended,4,虚拧,1.585182057626516,-1.898805729308599,-1.1366712561037589,-0.6554473968033425,-1.2174706124235342,-1.2543911022191578,-2.1336442217217253,1.3335951336003542
E1232,M24,extended,3,滑牙,-1.223844437116701,1.5418848832487946,-0.46468304469983174,4.622844639213462,3.1500056348690872,0.8497957470025381,0.4813071052557183,0.23070170975164284
E1096,M24,extended,2,过拧,2.364449249591578,0.8177856365661336,2.5473849413048426,0.9952009618287582,0.7376303713017079,2.2791573817725963,2.5949971020845304,2.201692588812077
E1531,M20,extended,4,虚拧,-1.0733801217663241,-1.93000209676252,-1.1409437548819297,-0.6615234919149936,-1.1881885366494218,-1.2582331763472228,-0.9034225998975305,1.5169473849351454
E1783,M20,extended,4,虚拧,-2.0651943265329225,-1.8093650272539257,-1.1445669211510296,-0.6590778860832942,-1.178710230145187,-1.2568231294026722,-2.1707880081026687,0.6736247840773903
B0476,M24,benchmark,0,合格,0.4011198701856412,0.8451519693727146,1.7624838088068084,0.03995847003423096,0.4077086646035345,1.6172496958351272,1.6125205801293552,1.1706187489167301
B0844,M24,benchmark,2,过拧,1.5650985924209615,1.0120070795339173,2.264106813503143,0.6731994788878852,1.306095056454164,2.1394683795164204,2.130430093331594,1.8228908699597923
E0147,M20,extended,0,合格,-0.09263158298060363,0.825996054833271,0.5670517464563488,-0.17639291331443838,1.137285035371321,0.5565542470971703,0.3672149134002176,0.10025950495331556
E0394,M16,extended,0,合格,0.7869451525513771,-0.07223512741073741,-0.17806549256576912,-0.5310900077740531,-0.26058739397616987,-0.24050132594112297,0.011688110068587321,-0.1971609413971556
E1498,M16,extended,3,滑牙,-0.038884062502054534,-0.11829908201292963,-0.8537205228444481,1.2234169320334685,-0.5616006900616345,-0.48123518276746896,-0.30541842632399396,-0.694552037070776
E1632,M24,extended,4,虚拧,-2.6347168496786195,-1.780169182114575,-1.1403107920999784,-0.6563899416265608,-1.2166180052456725,-1.2532220934611285,-2.231897267497066,1.5640532115859698
E0593,M12,extended,0,合格,0.14035816989599528,-0.33931139567813884,-0.7117895321433019,-0.6010344132601,-0.45435679665299944,-0.792151679166602,-0.9068025765865996,-1.3384233135425176
E1030,M16,extended,2,过拧,1.5210155659322047,-0.16885311445468998,0.10775539951514802,-0.3826316709454057,-0.1378777897062988,0.028590277597613258,0.5455985767456757,0.2140833117632838
E0039,M20,extended,0,合格,-0.5227554567568017,1.1188284484877846,0.5771464115133291,-0.08593605646716874,0.9541183932220602,0.5313725114825227,0.2074570790434609,-0.2790004417846774
E1611,M20,extended,4,虚拧,-1.9428612334651012,-1.937386263262047,-1.1436502164323417,-0.6600795127053661,-1.2129274412049484,-1.2602311620684779,-1.4500978721556785,0.7776425141331992
B0530,M16,benchmark,0,合格,0.36267745914817645,0.045599306254161066,-0.17691415509170277,-0.4967756255850193,-0.2124338971042807,-0.2270363139676429,-0.11101583090427625,-0.45844248182809005
E0284,M24,extended,0,合格,0.23941025141963154,1.0799526069777539,1.6540452797920113,-0.0908860669685784,1.3153613994660267,1.688835839743392,1.4526728527755488,1.0801645642778903
B0935,M20,benchmark,2,过拧,1.450238416638928,0.5376696730074968,1.0474213887759596,0.2599823111399606,0.328283788804205,0.8823496182810298,1.1999836380687945,0.9002948448744827
B0791,M20,benchmark,1,欠拧,-1.4923664745877425,0.43284732265350856,-0.04124185672588454,-0.03611249132148878,-0.09529680866580974,-0.21291445785193833,-0.1440425180203423,-0.9335331537305682
B0330,M16,benchmark,0,合格,0.48131002106005427,-0.27045787303405366,-0.1781800806556052,-0.540323870911367,-0.5932996409990641,-0.23019131223626255,0.040705569516236,-0.2979710762530054
E1289,M12,extended,3,滑牙,-0.13915767858202166,-0.4456268647205272,-1.043914925669374,-0.1255835709746471,-0.6467336751520298,-0.9652888600658371,-1.0758553468382972,-1.4493755589353803
B1185,M12,benchmark,4,虚拧,0.5772723387059137,-1.926392431272585,-1.1455327350510758,-0.6615528151861813,-1.190434060569702,-1.2594289705164088,-1.5131488202863497,0.47658679322277464
E1281,M12,extended,3,滑牙,-0.15510948278822223,-0.031650777134676546,-1.037094206036279,-0.6297198591466214,-0.5709686877611534,-0.991835797705099,-1.1913678480471834,-1.4673991891065779
B0961,M12,benchmark,3,滑牙,0.3438155284989527,-0.4850025959190391,-1.0180944094263298,-0.4186499769615829,-0.5344105627173175,-0.9183607433072943,-0.9047170590550462,-1.1563541002877102
E1555,M20,extended,4,虚拧,-2.0860681964513965,-1.9285519748866389,-1.1440212635803821,-0.6489370485568113,-1.2292736077558366,-1.257655045602729,-0.7753969934993236,0.655876090637618
E1443,M20,extended,3,滑牙,-1.04093760104966,0.9599214393383585,-0.7281428895356105,3.1669850660529595,0.39743695814291496,0.03175904253886775,-0.1386309595979493,-0.5379908427870702
E0297,M12,extended,0,合格,0.21023713201549926,-0.41494660180999987,-0.7221624825613128,-0.5570524169549171,-0.6528635884758767,-0.7809634543804845,-0.8793852124864361,-1.2840774862975006
E0247,M20,extended,0,合格,0.7783944106570625,0.12160380201135922,0.6146712826467644,-0.43312436905612384,0.029383379269657884,0.573707659393406,0.9333250516205145,0.5565933820674628
E0140,M24,extended,0,合格,-0.10240385943124863,1.453403384337123,1.7434130767126748,0.4627345353430351,2.556153944195677,1.6296486712257743,1.215768848350725,0.8211130662240702
E1288,M24,extended,3,滑牙,0.32394762821510403,0.9172802260227076,-0.10952544511672457,4.092078080711857,1.0580709090495497,1.244451746900957,1.3238561880033046,1.124246086883039
B0960,M24,benchmark,3,滑牙,-0.1317206887831847,0.9869417268586677,0.4898357436340075,2.160778269762853,0.7068073021616312,1.181086120510767,1.1678558809232256,0.8307969488753744
E1480,M24,extended,3,滑牙,-0.2308446252807236,1.0893495164965679,0.5001977809006053,1.7891698697324931,0.6297182434635022,1.2093662750478145,1.1491940947357047,0.7153846187282831
E1698,M16,extended,4,虚拧,-0.6436155228596353,-1.939062282188353,-1.1458819558962903,-0.6584480864569627,-1.2235355362058966,-1.2606686413824202,-0.8007288400679339,0.6604278209689881
B1002,M16,benchmark,3,滑牙,-0.033135664589909845,0.09671374415443122,-0.8818764534898641,1.8963825275258084,-0.3885331027648206,-0.44844727717859306,-0.35683722063643203,-0.6509592908770492
B0016,M24,benchmark,0,合格,0.5822662593920889,0.926929784780745,1.6924868556441348,-0.04731514908668261,1.1429207450958907,1.6473392292260765,1.549074102811665,1.3200315881833853
E1661,M12,extended,4,虚拧,1.532799781652101,-1.928426027175968,-1.1372551097043517,-0.6520512307954205,-1.0830845106167866,-1.2551249792879844,-0.7630277171052824,1.289055383109497
E0737,M12,extended,1,欠拧,-0.5182285934009879,-0.5243500241805679,-0.8347261828102054,-0.5596746283948218,-0.7767421991865794,-0.951194899450552,-1.0948587264146075,-1.8265276573991145
E0398,M16,extended,0,合格,0.08384423292222681,0.12459067983428325,-0.22543402627368697,-0.3922661895158158,-0.07362546709185065,-0.24941756042481178,-0.19882331042243967,-0.6143316085460903
E1298,M16,extended,3,滑牙,-0.01545934101006645,0.009175239625509831,-0.9060054312639008,0.7744720778869889,-0.4012338338661758,-0.5201229126700908,-0.38432649913423533,-0.6758563393338729
E0117,M12,extended,0,合格,0.08804774889548198,-0.10365554754535189,-0.7164931004022843,-0.586337609309478,-0.6425083661844001,-0.7821273379442071,-1.0224948637895852,-1.3121210329028552
B0204,M24,benchmark,0,合格,0.5516201130229691,1.0238098783604845,1.614043123287836,0.27065513728827045,0.6865908154315906,1.5859559960600207,1.5278953127067518,1.2388947038872828
E0837,M12,extended,1,欠拧,-0.6818423689753952,-0.24208779004259387,-0.8866509572330306,-0.5870784391729933,-0.438565930535272,-0.9736912473336838,-1.2428225995584412,-1.8619028501758037
B1033,M12,benchmark,3,滑牙,0.04166536324186772,-0.303629276848288,-1.0267430819210943,0.18081197510177377,-0.7071125419667481,-0.8944525475697048,-0.9799035617874293,-1.4145502396215412
B0800,M24,benchmark,1,欠拧,-2.050643694317807,0.9669100397175527,0.6649699975090598,-0.2708593507461107,0.5364292430821692,0.5546432290417148,0.38562499919599963,-0.39028872096039247
E0388,M24,extended,0,合格,1.036605259373195,0.6370469223565557,1.6572482897317127,-0.014367529945264478,1.0816137599209394,1.5887362160154501,1.8539731702048947,1.593379796271308
E1614,M16,extended,4,虚拧,-0.7209314747779763,-1.9319183441709014,-1.141189300788721,-0.6527232412139533,-1.2185251859782051,-1.2561756460168962,-0.878809897305318,0.5946873936326884
B1049,M12,benchmark,3,滑牙,0.06031172896938601,-0.40818903053764527,-1.0268358437081044,0.4375373284907598,-0.8122992679341113,-0.895125391005524,-0.9588865790772056,-1.341478166113907
B0863,M20,benchmark,2,过拧,0.9512415503778519,0.6949323867294741,0.9748271055770036,0.09465404608377499,0.5991714217063051,0.8891222434717709,0.9746039158657444,0.547398275827581
E0309,M12,extended,0,合格,0.1990996110607201,-0.09835377618353085,-0.7093668125296266,-0.600826686354452,-0.476474340962046,-0.7645557742875012,-0.9708783048836379,-1.2902788370174207
E1184,M24,extended,2,过拧,1.5111714345076575,1.2403189394856966,2.478211931073847,0.5405204449221428,2.409948125125677,2.4137608507336696,2.1039655950001572,1.7588611600634705
B0895,M20,benchmark,2,过拧,1.1180887997778406,0.648664478188731,0.9279442071069622,-0.06173503991714889,1.0189996515995994,0.921738928084996,1.0190649922065345,0.6723111974716932
B0888,M24,benchmark,2,过拧,1.6232651937944718,1.2447099532337447,2.596897909265405,1.2777138509987147,1.5610947096512025,2.4487447743955175,2.1849052495437227,1.7735855494575683
B0896,M24,benchmark,2,过拧,1.5245723871403447,1.409193595247573,2.5034977028976564,0.7643364368032658,1.2839141571609731,2.350213303741924,1.9962018701369568,1.7861409935259787
E0119,M20,extended,0,合格,0.39551518222130033,0.849827928685707,0.6088873123978998,-0.31414455853602,0.18065500251899816,0.5952540436623462,0.48607143409935305,0.31984230778478456
B0007,M20,benchmark,0,合格,0.7731130700752802,0.06553956088056917,0.626681205776718,-0.4603905400209458,0.19894627943407758,0.5674339254690663,0.9896340249724572,0.5824985318728452
E0775,M20,extended,1,欠拧,-1.1800847580105027,0.3923961913221115,-0.045116025477482356,-0.23303781444094984,-0.005627807812462266,-0.14903515005659207,-0.09909601949548386,-0.6724960015053444
E0240,M24,extended,0,合格,-0.38342866236120354,1.6321269094224333,1.6389851308421377,0.23941064419666763,2.7269354253133544,1.684274460957891,0.9975266301134222,0.7041122127398567
E0885,M12,extended,1,欠拧,-0.6178195872288876,-0.27735767182242405,-0.8120868502040366,-0.6375502030844845,-0.6727257717583814,-0.9401985278368332,-1.1446954039789703,-1.8294603158676481
B0339,M20,benchmark,0,合格,0.6338222031666332,0.43776023006881476,0.6278543695536103,-0.2792816506572126,0.8393861592039343,0.5344084796762624,0.7121343430799812,0.4716379320571236
B0345,M12,benchmark,0,合格,0.3163669284684638,-0.610459920990875,-0.7207110334233902,-0.6022747365068043,-0.8119315528271143,-0.8064616899976383,-0.7718192522167449,-1.205873260469932
B0168,M24,benchmark,0,合格,0.8904163149699745,0.7607432466760423,1.6408076271281005,-0.17205823229422992,1.3985602800886856,1.6448980525124863,1.7044631375118056,1.5356736311977623
B1171,M20,benchmark,4,虚拧,-2.0128839055324095,-1.935269768415392,-1.1436502164323417,-0.6530734240703066,-1.2281736608836,-1.2593424047364035,-0.7687808689164645,0.7181034375168196
E0269,M12,extended,0,合格,0.09789188032002914,-0.5822317040212016,-0.7150416512643616,-0.6051188550866506,-0.7246258331611379,-0.7952628757639156,-0.8337195699851798,-1.3698271979764005
E1383,M20,extended,3,滑牙,-1.3338903296473141,1.407908271668663,-0.7428647307916826,2.82279531999623,0.6484055050692921,0.01717412268104009,-0.2694612275041072,-0.7558629281785613
B0043,M20,benchmark,0,合格,0.4860524493375735,0.563581690852033,0.6106716126539175,-0.3689772309571867,0.33899867030961006,0.5444152728235427,0.5965858846722748,0.4166505857721147
B0356,M24,benchmark,0,合格,0.763735995981095,0.9341733500659481,1.615123525277718,-0.22242788426558857,1.088356719335497,1.6533681067478614,1.545496361529086,1.444272442261792
E0838,M16,extended,1,欠拧,-0.7370988439058822,-0.15168496129976722,-0.45499216624513045,-0.41991533579193624,-0.5195601222689511,-0.5867508371317921,-0.4852403776222475,-1.167870894481848
B1159,M20,benchmark,4,虚拧,-1.1563007616490055,-1.930821509394011,-1.1437811742492972,-0.6668295205151388,-1.153046567188926,-1.2596148845549304,-0.817215215726852,1.4464413875874784
E0892,M24,extended,1,欠拧,-1.0277162858517273,0.967123172563255,0.92952661406184,0.12099240170991642,0.2836140775174755,0.7871646677673402,0.7585011509582248,0.27609681896248933
E0126,M16,extended,0,合格,0.06196439336912722,0.27418407423472274,-0.13464751966933997,-0.5000831139554851,-0.04105499715296378,-0.19967204577535183,-0.22420909278927958,-0.6973625014364542
E0555,M20,extended,0,合格,-0.08199704684313694,0.8483428328744489,0.5755694611341576,-0.11751048490574972,2.161259636616939,0.5436584135358289,0.41649425438287213,0.008186248451639044
E0984,M24,extended,2,过拧,0.2849663048733752,1.4648499384038631,2.3181105432701354,0.5209571075946704,2.4991861574223235,2.073841073957467,1.554395768237008,1.0698697111123079
E0047,M20,extended,0,合格,0.5361712936340821,0.6219934967535233,0.5592324734689688,-0.30521816347587727,0.6052604286938306,0.5592555309592332,0.5819153475537615,0.44591607340602546
B0899,M20,benchmark,2,过拧,1.6259238278288388,0.36281777336938575,1.0509627064094624,0.05711548323351309,0.7596729526360939,0.9049432300488307,1.3033605846759688,1.017876120347261
E0876,M24,extended,1,欠拧,-2.4779292966248834,1.7959875368320857,0.7471351144971747,0.3513951581855308,1.1165616860249958,0.6194632868626885,0.13829340711340857,-0.6494318645913546
E0684,M24,extended,1,欠拧,-1.8614495480343578,1.744723025757488,1.0764721978372376,-0.25738101233963456,1.5697638179633044,0.9492921258988346,0.3781818590402828,-0.21625376996833928
E0294,M16,extended,0,合格,0.05995245409987681,0.38191469616057266,-0.15723774309415034,-0.27359901847042206,0.5964189498175181,-0.19510714223816175,-0.27535820811056844,-0.6358377706486718
E1250,M16,extended,3,滑牙,-0.12460704636690635,0.1558215319025237,-0.889362875359149,1.729161992831034,-0.40973288414447173,-0.46082773641484687,-0.3825825749914707,-0.7175856254590519
E0465,M12,extended,0,合格,0.24832026818345537,-0.5037334648007029,-0.6996213683178606,-0.5968935545256795,-0.6094176031684945,-0.7794772865019645,-0.8279124823757682,-1.2550563868693014
E1608,M24,extended,4,虚拧,-2.0976368472495865,-1.9387901435480441,-1.139917918649112,-0.6623917321348033,-1.2121245862362995,-1.2604016683617714,-0.8099878187640547,2.0207231224829703
E0813,M12,extended,1,欠拧,-0.6019037105096381,-0.2722721120585312,-0.8681695353151965,-0.5956741693759338,-0.7923119230921376,-0.9674581601120739,-1.2339591500493392,-1.8262221721419754
E0470,M16,extended,0,合格,0.041377943346260666,0.12745440157344196,-0.15979687710048768,-0.35734397060131845,-0.2605376637824861,-0.23732317153104068,-0.17994578104199918,-0.654777856591286
E0248,M24,extended,0,合格,0.22471590925671295,1.34824284423295,1.6954825157069902,-0.0028681355333229964,3.5996668151683804,1.6582289308541682,1.2124248288604755,1.1311195051686656
E1566,M16,extended,4,虚拧,0.006312716082180426,-1.9167171139760055,-1.1361365116845243,-0.6585934161109761,-1.1951699266800673,-1.2591125101660348,-1.5552367215050273,1.213050651133329
E0501,M12,extended,0,合格,0.2188956563706666,-0.44625793218727794,-0.714621494934963,-0.5669447244702133,-0.6089616756128368,-0.7667573777849527,-0.8884104693902276,-1.2216668482640154
E0853,M12,extended,1,欠拧,-0.2868915049241302,-0.6126278179593972,-0.8275562423318958,-0.5846476949009809,-0.7923294762637008,-0.9402176235134435,-1.0071770970923133,-1.616445446064666
B0307,M20,benchmark,0,合格,0.5713802308459656,0.49265485543502074,0.576900865606538,-0.4498912979231461,0.13264823526176978,0.5848737568851047,0.6354376379971625,0.4403562417260963
B0394,M16,benchmark,0,合格,0.7269103218564203,-0.358406556508413,-0.1537455346420058,-0.5264309266847681,-0.43945855838532827,-0.2212473169190735,0.175023685707923,-0.18436110912303372
E0142,M16,extended,0,合格,0.5690090167072059,0.011800499746019079,-0.1440382864601851,-0.6011733329680705,-0.469179083733309,-0.22801130616032503,-0.07953530333746532,-0.3110152967328383
B0343,M20,benchmark,0,合格,0.7572690483299324,0.2983475844506204,0.5248014807611056,-0.37900487899266416,0.16837400085921894,0.5569773622932899,0.7816935441970522,0.5788632573128913
E0443,M20,extended,0,合格,0.016156847506727072,0.5375506613916585,0.6710977320274323,-0.21743755597069286,0.5669464520134999,0.5582572543457288,0.6108429140043601,0.060302033319542134
E1330,M16,extended,3,滑牙,-0.06493149054145822,-0.17718811084234454,-0.7861462892954498,0.9479707898837815,-0.5473063357661634,-0.5129843447871778,-0.3252128642743416,-0.6795527109452539
E0358,M16,extended,0,合格,0.6862044791410481,-0.23301920597953565,-0.1541820606985238,-0.5068083277233965,0.018749391226099397,-0.22306016958271338,0.07409182862050083,-0.22883976256246333
E0408,M24,extended,0,合格,-0.5574614091513722,1.5839455338783124,1.7359539377219217,0.06957757043150344,1.3016526215467459,1.6939694805423742,1.0095902703174942,0.6584727153232992
E0533,M12,extended,0,合格,0.24533828676653058,-0.1534928505514714,-0.7011219266371415,-0.6064456924580408,-0.5168767755643804,-0.7873672402046127,-0.9454745439173879,-1.2552702265492988
B0519,M20,benchmark,0,合格,0.7311856928035776,0.20881856900986911,0.5934997689056377,-0.315753370140493,0.05407893225322044,0.5572806419992657,0.8691414517270168,0.5538440147532127
E0175,M20,extended,0,合格,0.6370197495052634,0.42043513934371135,0.5941272751118825,-0.33337017860020707,0.2771094330539989,0.5172775464053532,0.7110016913171545,0.4399896594175295
B0623,M20,benchmark,0,合格,0.7549696891650749,0.35710437439023773,0.5406255503098857,-0.38969335100725433,-0.1395789257510119,0.5509820127195036,0.7737290246584471,0.5824679833471311
B0274,M16,benchmark,0,合格,0.6556301877458306,-0.1868492963747259,-0.17260891685929317,-0.5229126437824354,-0.4439798966092237,-0.22355807762099472,0.020767302770608644,-0.2335747840481169
E1270,M16,extended,3,滑牙,-0.12227175971509781,-0.12897447411601162,-0.9219495454782235,1.6157940633241425,-0.5727392903461108,-0.5551616623602558,-0.39371132802622566,-0.7451098471272705
B0835,M20,benchmark,2,过拧,1.3482402811853174,0.5092542744971214,1.0521522399134744,0.07106529324314592,1.1703418994074928,0.9533168101027576,1.1880638266600019,0.8509895243722578
E0789,M12,extended,1,欠拧,-0.7214703870822399,-0.028863431944167885,-0.8859961681482534,-0.5979835517083992,-0.6917472791004244,-0.9845353326165089,-1.2832205124325842,-1.8854557635012157
B1164,M24,benchmark,4,虚拧,-2.755684698242306,-1.9205144483684025,-1.1428480998034898,-0.6646434570537083,-1.268115238236762,-1.2611031512678412,-2.1673720742147795,1.4611963255072893
E1114,M16,extended,2,过拧,1.3559287633928103,-0.2445030968751564,0.12426154102723783,-0.1085722567511698,-0.2929103223093034,-0.024207906856805857,0.5621388882028234,0.10581933663324389
E0251,M20,extended,0,合格,0.4910822975106993,0.26305016615809856,0.6758776923463053,-0.150780932809135,0.24971803613084875,0.5816542270125278,0.8485020196044014,0.36590948456133643
B0662,M16,benchmark,0,合格,0.3759347018330592,0.061770667332957996,-0.16370924188203087,-0.5586114764916139,-0.38523845346198865,-0.22059664278755475,-0.14084232732537216,-0.43006290143988257
B0963,M20,benchmark,3,滑牙,-0.6395557168341839,0.5416869994785275,-0.7480266514100088,2.886502809891362,-0.10785024277702276,0.041020382951670806,0.08851066534727528,-0.32467048772694895
E0997,M12,extended,2,过拧,0.6828632228546141,-0.5531801561257705,-0.6063302934642412,-0.5792378094849547,-0.581118472275062,-0.7142926972922085,-0.5805808902931772,-1.0395670864834938
E1571,M20,extended,4,虚拧,-1.2797835342992558,-1.93568279330918,-1.140032506738948,-0.6621462034857385,-1.218699031856184,-1.2611097251739563,-0.8648585041632018,1.3414461047088246
E0432,M24,extended,0,合格,-0.15586396001419067,1.811698877456411,1.696459242758449,0.3660531745872256,5.393631676614191,1.7348388791739224,1.017644682853149,0.8431691017895019
E1722,M16,extended,4,虚拧,0.000672100630888441,-1.8370812791221054,-1.1404144670384013,-0.6608254538910102,-1.195249946083686,-1.2604215565165808,-2.1694755703457425,1.2082545325962473
E1065,M12,extended,2,过拧,0.2589188768339715,-0.15173808775030534,-0.5834181320727486,-0.4243572375873082,-0.4984696038677781,-0.698395285202658,-0.7689606549105638,-1.3315498952568918
E0459,M20,extended,0,合格,-0.2914542957668945,1.0775130978932,0.5445215453643095,-0.3933407595151094,0.6919216391583495,0.5491822355120078,0.2588938519553087,-0.13930203369503993
E1547,M20,extended,4,虚拧,-2.0718409116188394,-1.9142431123783614,-1.1448561196634728,-0.6523749436268914,-1.2275621517996516,-1.2581341943473263,-1.4858932635808757,0.66797330682032
B1030,M16,benchmark,3,滑牙,-0.10373317644843223,0.05600225143388667,-0.9076424039758436,1.1324730617627126,-0.5462404836071678,-0.5249540584529124,-0.4091369663199571,-0.6830046943509239
E1073,M12,extended,2,过拧,0.33997128739520627,-0.4299352435862832,-0.6437678593863727,-0.5825711358024822,-0.5542103773836333,-0.717401927318233,-0.7461278336599357,-1.2533456694293232
B0397,M12,benchmark,0,合格,0.4165327620875782,-0.39270977123365797,-0.7135301797936678,-0.6336632048589504,-0.7979490461444598,-0.7893375332661161,-0.8840236911342014,-1.1361309762651124
E0124,M24,extended,0,合格,0.6023856520845939,0.9858375977214541,1.6565771309198165,0.2549076285043716,0.5425754038287466,1.5970230470086448,1.5243715072224029,1.233059935475929
E0036,M24,extended,0,合格,-0.14012772072969606,1.8322005753514345,1.6562879324073734,0.24670752171633856,2.1592204275264066,1.6641410775209462,1.0109566438726496,0.8191274120526668
E0149,M12,extended,0,合格,0.26793667605864807,-0.5070310115564904,-0.715630961440661,-0.6080782256552315,-0.49030759021616677,-0.7933958774292416,-0.8290810913374145,-1.205017901749943
B0981,M12,benchmark,3,滑牙,0.16593854060503757,-0.4635417565177585,-1.0289093424765652,0.19395401775526638,-0.7239916867519415,-0.8939629874945979,-0.9439283843681329,-1.299107360948736
E0355,M20,extended,0,合格,0.941038144083795,0.2851191304427605,0.5901658011489809,-0.4433029893657806,0.19877118764875004,0.5441619826990608,0.8098300522736135,0.708938879802651
B0748,M24,benchmark,1,欠拧,-1.0454285369185228,1.2466041232736236,1.1300175752448862,0.20419022029997297,0.6768091832458154,0.9842319267334589,0.7433092344568227,0.27695217768247765
E0944,M24,extended,2,过拧,1.1766146760208596,1.1277239692039134,2.411799948150328,1.1090313070583346,1.7513719071031317,2.081663694604552,2.000588648392983,1.5786554068772114
E0032,M24,extended,0,合格,0.12375967092467847,1.1426447659053927,1.7631877070729438,0.07677232731695136,3.0665056387038705,1.6968596325257777,1.3684071573411438,0.9634997445765293
E1345,M12,extended,3,滑牙,0.47128625220075276,-0.5028260795832077,-1.0251770446933357,-0.02739495892634976,-0.7491732504299475,-0.9131011137583803,-0.8759692785985469,-1.0977925764941756
B0810,M16,benchmark,1,欠拧,-0.9788189761115501,0.05498751006691469,-0.45104706200934835,-0.3206253008900222,-0.5791989201196769,-0.5969476309271448,-0.6062003944523464,-1.318444577725631
E0193,M12,extended,0,合格,0.5743622122628904,-0.6874414477398012,-0.7121987753212877,-0.6414951232426691,-0.8069778824020551,-0.7784316992582134,-0.7271963684812653,-0.9770953513985807
B0674,M16,benchmark,0,合格,0.5082556362732308,-0.041476173758358825,-0.15434575796971808,-0.5332732328895597,-0.12180763455153265,-0.21300193491212197,-0.0648467876195417,-0.351064413943753
E0207,M20,extended,0,合格,-0.22868897606366942,0.8669746739831744,0.5883487614387246,-0.28665927570430505,1.3619421820827502,0.5552563497337911,0.35574456697667367,-0.04814523296478113
E0661,M12,extended,1,欠拧,-0.3936320686552599,-0.46696851255387684,-0.8028379543815598,-0.5179595926648288,-0.8135397263339795,-0.9432058302035518,-1.0325089436609236,-1.7159114457891047
E0188,M24,extended,0,合格,0.1910877814706685,1.2692627629055109,1.6012201703776174,0.4733570754909567,1.478240958781022,1.6039919763672879,1.3431831823689935,1.0180288629758298
E0804,M24,extended,1,欠拧,-2.7544990911729266,1.540281221946253,0.5731412849447759,0.05764630788433548,0.6267809514981145,0.4064217980052959,0.03340625815579889,-0.79304048397237
E1001,M12,extended,2,过拧,0.47121439722685116,-0.1971362336411155,-0.6227600429164403,-0.557535041832888,-0.5536309335305579,-0.6931261317894195,-0.7561239349318641,-1.1596838895905244
E0417,M12,extended,0,合格,0.23369778099443841,-0.3823237497307526,-0.7257965619818257,-0.5806844027547824,-0.6048470151936488,-0.7676556092212374,-0.892437675658055,-1.2589665981606797
E0641,M12,extended,1,欠拧,-0.5594374209336721,-0.49826465653247737,-0.8447499123830017,-0.5604672692249631,-0.8277619556790594,-0.9707222734798742,-1.1154801799378122,-1.8473923004617039
E1433,M12,extended,3,滑牙,-0.037303253076214966,-0.2914037822496864,-1.0342404169417923,-0.5956827454003507,-0.6328441781528382,-0.9501594835032547,-1.079433088120876,-1.397107031438908
B0892,M24,benchmark,2,过拧,2.0996995982503828,0.8935684113238184,2.301511639971036,0.715112094063937,1.8434781875824109,2.2659967465891837,2.3611135023605767,2.155839251715523
B0924,M24,benchmark,2,过拧,1.4189815029916442,1.1539623417881426,2.309991158618899,0.6247988463853329,0.7303883410214648,2.1863393772311146,2.0118612302230177,1.724158034852488
E1794,M16,extended,4,虚拧,-0.17461810820256168,-1.936840288575994,-1.1374842858840237,-0.6641002947304885,-1.230256527396575,-1.2606177197186792,-1.3929978404296983,1.0592082756381593
B0410,M16,benchmark,0,合格,0.3613840696179439,0.0033836654247583857,-0.15154107805658953,-0.5084530219210607,-0.3534100005000391,-0.23748642966008046,-0.09627337938812255,-0.4330261084341301
E0671,M20,extended,1,欠拧,-1.4117451938699181,0.7600386670731594,0.15657538236098842,-0.01672811982845317,-0.17932151961023843,-0.006441506147200499,-0.1036985409444291,-0.9070781304623357
E1393,M12,extended,3,滑牙,0.21181794144133936,-0.5008149112646908,-1.0270486501606568,0.49018000620342794,-0.7366699809235215,-0.8942272779908433,-0.8939838352073101,-1.2663287928577278
B0746,M16,benchmark,1,欠拧,-0.685111770287927,0.05977764430792113,-0.40783643898976524,-0.2997727111703996,-0.49277596189905976,-0.5348172015562923,-0.49453531351718816,-1.1875441450415958
E0225,M12,extended,0,合格,0.051904697022874646,0.024662770099203882,-0.7154290681395216,-0.5721144057161553,-0.5858753605917408,-0.7831927279400632,-1.0372732725045588,-1.3876980855190288
E1042,M16,extended,2,过拧,1.6216843843686326,-0.07829318025857263,0.12466532762951696,-0.47079008281667506,-0.3994554146115012,0.05896300719460888,0.4916268213170255,0.293937157979403
E1720,M24,extended,4,虚拧,-3.4467858372298554,-1.8015791876335865,-1.1425752710181658,-0.6630062122384277,-1.1754010416099485,-1.2579237316350698,-2.2075902010948227,0.8735648848748261
E1181,M12,extended,2,过拧,0.4907589501281417,-0.23307917438213605,-0.5615645463683124,-0.4854618854503536,-0.5079485139579443,-0.6646353794795825,-0.6756337453735479,-1.1916681960129714
E1385,M12,extended,3,滑牙,0.01644426740233464,-0.3187038269391774,-1.039593317709845,-0.6543986896737894,-0.5664531248134347,-0.9574875395035802,-1.066074988759288,-1.3444719216338687
E0439,M20,extended,0,合格,0.6086370348140512,0.3039988394526717,0.5958351833080093,-0.40078127640995576,-0.12221670142876456,0.5667234700067539,0.7860084080554383,0.5020337151424482
E1058,M16,extended,2,过拧,0.774011257249052,0.01620432125015549,0.0028854710123866257,-0.2874361280847418,-0.2015620090277903,-0.0826926345371276,0.1870333901137653,-0.2741737747218826
E0353,M12,extended,0,合格,0.5671767148727099,-0.4524182441170643,-0.7188612542588948,-0.5967636118698922,-0.4737303400331128,-0.7647390370862024,-0.8214941223864185,-0.9984487708725925
B0690,M16,benchmark,0,合格,0.3651205282608372,-0.15112980130304698,-0.156522931676602,-0.5794345042946921,-0.3717052816065814,-0.21745163071565934,-0.054275371166494855,-0.4168353898057672
E1335,M20,extended,3,滑牙,-0.9723520284603876,1.2044273069517861,-0.70965601104207,3.288827734538634,0.8352992591672602,0.10229838616079455,-0.11716451190247686,-0.4689511746736689
E0530,M16,extended,0,合格,0.3638271387306057,-0.0998641649788823,-0.1618594627175355,-0.5225061199211207,-0.12166370157281628,-0.22934194874954475,-0.05594738091161965,-0.4165299045486272
E1447,M20,extended,3,滑牙,-0.36797984297231545,0.4468396241839487,-0.7037519961276629,2.7425590508079822,-0.2335388323512294,0.09751560948719881,0.23165627384924473,-0.14599216082638253
B0234,M16,benchmark,0,合格,0.42835290529442527,-0.3095523854141098,-0.14520053708566444,-0.57115872743271,-0.5270251646527853,-0.2281252054497996,0.09796740863690569,-0.3986590170059994
E0655,M20,extended,1,欠拧,-1.2900587955672138,0.17467809403201578,-0.11850151215387758,-0.46561624278667796,-0.3599792251732842,-0.21507828859826175,-0.09100564976100928,-0.7143474817333796
E0959,M20,extended,2,过拧,1.1677765142309373,0.6209289594283454,1.0789549397836844,0.0790243195216058,1.406741439569139,0.9917862552176754,1.0957257400905327,0.7835689281216942
B0366,M16,benchmark,0,合格,0.48756140378951146,-0.23272065928000868,-0.1713702741739231,-0.4395548723182093,-0.3090891858052248,-0.2683662189941085,0.06943537137332524,-0.3762058506062875
E0822,M16,extended,1,欠拧,-1.157773788613993,0.44926269839015526,-0.4763601167116903,-0.47552582738811394,-0.296718370709375,-0.5740012894340905,-0.7801793009423685,-1.4367895663412562
E0004,M24,extended,0,合格,0.7228505158309684,0.8355567217156945,1.6399454881664772,-0.033619082865585403,0.4312048591431185,1.60965841979358,1.6987099857006238,1.3244000273604721
E1086,M16,extended,2,过拧,0.49381278651896865,0.3358238367326193,0.2094823404109793,-0.18012057880569537,0.025360472049476723,0.07716849010245835,0.13072441676182256,-0.4435958983311375
E1119,M20,extended,2,过拧,0.4383048191798246,1.1395093387034292,0.9183897430449226,0.2473403568067958,1.3200424880389525,0.9440573937885408,0.653811766594125,0.29558677836795294
E1786,M16,extended,4,虚拧,0.19302786576601727,-1.874959697523334,-1.138471926086896,-0.6520664593026975,-1.2528423147808858,-1.2557644438544928,-2.0927608866635143,1.3718113392684352
B1083,M20,benchmark,4,虚拧,-0.7181650582827569,-1.9211857823811325,-1.1461711544087336,-0.6571282222112556,-1.2177301088822763,-1.2590235874375322,-1.472517185619878,1.8189806586684143
E1434,M16,extended,3,滑牙,-0.6520584822930973,0.3672709527478643,-0.9129407389868318,1.6557010659317137,0.12574763219268448,-0.5335898561405574,-0.6334379725584106,-1.05044236163764
E1230,M16,extended,3,滑牙,-0.5437011816491775,0.5459383160146885,-0.900379701710524,0.8840509056029633,-0.3382053797604068,-0.5377724213413543,-0.6885963155481168,-0.9640816794444621
B0719,M20,benchmark,1,欠拧,-1.6209868778719714,0.4237399009402089,-0.0657637079507875,-0.2978299050894046,-0.28673488942991326,-0.21286807534863483,-0.20840590390793953,-0.9146847133650956
E0482,M16,extended,0,合格,0.32049858946781734,-0.03939283609676404,-0.19062652984207673,-0.4566924382093197,-0.09563496565126527,-0.2012136822467584,-0.08180060686311827,-0.4511108356567557
E0413,M12,extended,0,合格,0.22026090087480127,-0.4778378550269112,-0.7200726140657325,-0.5801742295641671,-0.7196779695869597,-0.8014676371652731,-0.8648764827626118,-1.2432341074180242
E0930,M16,extended,2,过拧,0.6109363939789086,0.5521633733871276,0.13957814903531576,-0.06622586609582944,0.6257825140717616,0.0624243339032091,0.09633135609060069,-0.37874137824054105
E1585,M12,extended,4,虚拧,1.787777156542652,-1.9326935695583611,-1.1408073404892678,-0.649350985003719,-1.2014234701961735,-1.256530804915689,-0.12814943614195234,1.505858270101002
E0569,M12,extended,0,合格,0.5685060318898935,-0.4139204333230014,-0.7054107951424315,-0.6089009107914993,-0.7025823821640794,-0.7672171484902481,-0.8592312025478894,-1.0053832862096463
E0980,M24,extended,2,过拧,1.018066676106529,1.1382569353847927,2.2423950987670755,0.7603861220193007,1.8897160865876628,2.062084437123041,1.7968371812800947,1.581465871242889
E0556,M24,extended,0,合格,0.5038724828652212,1.0828178680850284,1.6947731608651482,0.36219313044562584,1.006818192049469,1.5485060955271346,1.4749303588450586,1.2411552947901114
B0067,M20,benchmark,0,合格,0.16475293353565726,0.4474698366103648,0.5999494413906924,-0.2635636481055635,-0.08454780038321577,0.5233069291427113,0.6078225093034895,0.20947048438048593
E1269,M12,extended,3,滑牙,0.015653862689414596,-0.18426922339775573,-1.0306881861568764,-0.6545352454986002,-0.6193521696804867,-0.952343271481187,-1.0916405571202275,-1.373156987279215
E1736,M24,extended,4,虚拧,-2.4517740861246264,-1.9276681060000835,-1.1407800576107354,-0.6534524685718939,-1.1980394274759298,-1.257560501981347,-0.7855189449671217,1.7196063045211178
B0792,M24,benchmark,1,欠拧,-2.0139258026539855,1.1418297018011483,0.7017855138006532,0.1339991245362597,0.4803693859799905,0.516931613478892,0.36191122657428404,-0.326900530104063
B0927,M20,benchmark,2,过拧,1.7714660774669422,0.30348927772971973,1.0917724361181964,0.028981473844927608,0.7152170869642728,0.9983287757839988,1.457221438426264,1.0895124131463416
E1203,M20,extended,3,滑牙,-0.8784016500837797,1.131611199971255,-0.4630842680178343,2.7385249616249334,0.481739973747436,0.209748235376821,-0.06536816700242999,-0.39093024000038473
E1540,M24,extended,4,虚拧,-2.2113114159622405,-1.9223199964219628,-1.141145648183069,-0.6629936138814863,-1.2080268618798091,-1.260967249286319,-1.5443237116631916,1.9240675871242092
E0912,M24,extended,2,过拧,0.5545302394659928,1.5181879197539918,2.2140863840018774,0.4680778211915734,3.395695617572812,2.2259931352129576,1.6032616014332346,1.2016255025163327
E1260,M24,extended,3,滑牙,-1.6866982515051707,1.7725226432503471,-0.34033859750065765,3.9068680355613115,1.5831482591983297,0.8445952247758411,0.3994864993410657,-0.1122360399125305
B0140,M24,benchmark,0,合格,0.7471734244967287,1.0457984153278168,1.6829487613092147,-0.13834045771622924,1.2688199682394183,1.6759935108590678,1.491650456296306,1.4030930295994626
B0056,M24,benchmark,0,合格,0.3859584706923607,1.1710379941298565,1.6451292350876296,0.08920740290630812,0.5499599328684167,1.6401270879708605,1.3981976965634202,1.1438582403913593
E0086,M16,extended,0,合格,0.13475348193165437,0.14809333701325197,-0.1993570509724384,-0.5687524996631854,-0.028317162569254765,-0.25895542314682846,-0.2172513748176315,-0.5769096645465707
E0956,M24,extended,2,过拧,1.3732458121031452,1.291411947850212,2.4532208143381866,0.8016816105621668,2.442862026591873,2.344573458223616,1.9561455506516028,1.7292901871724216
E0103,M20,extended,0,合格,0.7248265276132673,0.3200076531413149,0.6117738409466256,-0.36599413809419884,-0.2766033582257152,0.5403308363695758,0.7773607017392555,0.5464207230047357
B0598,M16,benchmark,0,合格,0.3004510517492143,-0.06290097236666249,-0.19043554969235008,-0.4806248756800125,-0.33726493903395405,-0.24509287417649236,-0.0667165619581758,-0.4844392772106133
E1109,M12,extended,2,过拧,0.7520954902090023,-0.6633579457541398,-0.5614390451270634,-0.5449698317719364,-0.4692033919611663,-0.6533321257631705,-0.45917140847782956,-0.9174646292050597
E0429,M12,extended,0,合格,0.3959463120647117,-0.2320368951057566,-0.711538529660804,-0.5700957179718505,-0.6223434137277633,-0.765503566783899,-0.9401708570914546,-1.1132806790311196
E0168,M24,extended,0,合格,-0.5354378596504693,1.3552799436984377,1.787234836211383,0.20281022102191915,1.8171773876834145,1.7083976448283498,1.1438544507109516,0.5653608089473505
E0989,M12,extended,2,过拧,0.5081837812993291,-0.32292385863914574,-0.6287131670122056,-0.4451889660214347,-0.6883434753439467,-0.7095725957954379,-0.6728470624650066,-1.138849795053649
B0086,M16,benchmark,0,合格,0.554638021926845,-0.16321842651730567,-0.16753430145227047,-0.5576268787361278,-0.2505099596728684,-0.2340360062502347,0.006492294839113916,-0.3248843274069459
B0449,M12,benchmark,0,合格,0.28737344649908586,-0.5388106188197418,-0.7096778373448956,-0.6040360955472048,-0.753188080202946,-0.7904450724383438,-0.7942385656809442,-1.2213613630068763
B0365,M12,benchmark,0,合格,0.24810470326174996,-0.4859448085333772,-0.7139339663959471,-0.6457461434772304,-0.692718310850007,-0.8042886690552408,-0.8518419981904028,-1.251176724103637
E1691,M20,extended,4,虚拧,-0.98438773658894,-1.9293674947845263,-1.138919365294827,-0.6600017668377361,-1.219548273180977,-1.2572594709283949,-0.7678819389459673,1.5926160831284606
B0998,M16,benchmark,3,滑牙,0.16863310212635532,0.023572215271874884,-0.8544735302919417,1.7160582271194846,-0.4004155582797345,-0.3847485005468405,-0.21428490591499097,-0.5833859519979158
E0679,M20,extended,1,欠拧,-1.5715865833144813,0.5049427485293005,-0.037045750007604496,-0.17500012189349337,-0.12307324790795733,-0.20516610799927293,-0.18368532971926738,-0.9579719743016832
E0189,M12,extended,0,合格,0.3222590363284118,-0.6336151610224411,-0.6865692392279701,-0.46991684382733684,-0.4858789080564971,-0.7642522555604989,-0.7818513106874934,-1.1624332569047748
E0182,M16,extended,0,合格,0.33339655728319145,0.33295214042100946,-0.15711224185290143,-0.5194004525423573,0.36209312853256953,-0.196447291952798,-0.26920952711236784,-0.40724315273160383
B0661,M12,benchmark,0,合格,0.5710928109503586,-0.43523704739741925,-0.7148997802959933,-0.6480065403815795,-0.6921752509948599,-0.779029883774001,-0.8391311284075728,-1.0407279304606216
E0898,M16,extended,1,欠拧,-0.5333899928942684,-0.2586185601876465,-0.4263451437861317,-0.3863470201323594,-0.6101967299420884,-0.5692631427872042,-0.3833017189678686,-1.0569186490889853
E1651,M20,extended,4,虚拧,-1.8252705686747994,-1.931916560967585,-1.1449215985719505,-0.6629645548319192,-1.2188585352081278,-1.2616639930369582,-0.741021911427512,0.8776278387947738
E0531,M20,extended,0,合格,-0.07901506542621214,1.2861123867869186,0.5892327267031736,0.017260489539562152,0.3061698762894376,0.6421554224211891,0.23464072135129527,0.005223041457391512
B1167,M20,benchmark,4,虚拧,-1.511587680106475,-1.7991268797738358,-1.1378826159105966,-0.6597294120249294,-1.195430334523934,-1.259170133048452,-2.204354053201033,1.1443470168027814
E1151,M20,extended,2,过拧,0.9132661966707479,0.7532986001444001,0.9539775298025588,0.025134393827577945,1.2944994275044703,0.810137805017787,0.870903354469191,0.5567766732217457
E0436,M24,extended,0,合格,0.7187547823185655,0.7602666197346875,1.689387520642856,0.3502958996907476,0.7578045053011342,1.5623305211629788,1.727295958762434,1.3205814616462355
E1544,M24,extended,4,虚拧,-3.36968545023322,-1.9339924514418554,-1.1423297251113744,-0.6694504583835227,-1.1862437605439151,-1.2617529434237171,-0.7952633458473111,0.9391220210568424
E0071,M20,extended,0,合格,0.4455621715439067,0.6212368212422202,0.5699655578836069,-0.33674055047577606,1.1043030871484678,0.552857110872913,0.5398813821333135,0.41008265274362743
B0049,M12,benchmark,0,合格,0.4894655605979092,-0.6955526960356393,-0.7069604626430707,-0.6290677834852758,-0.7548038376178257,-0.7868433663949742,-0.7311157031526331,-1.065380590711734
E0783,M20,extended,1,欠拧,-1.1948150276603724,1.0869508880145213,0.26997939526867837,-0.1862982251287039,0.5200198373680538,0.18115925915973025,-0.06259946269329879,-0.6894809818022692
E0602,M16,extended,1,欠拧,-0.5659402960717858,-0.032501094841971376,-0.3424120962691185,-0.38645902858180575,-0.3046632897418245,-0.46967018075194966,-0.3995903300332774,-1.1406827065964829
E0890,M16,extended,1,欠拧,-0.8894313885777062,0.3134065914587055,-0.40693064742249024,-0.3158826501220184,-0.3672944762634131,-0.5375587522643595,-0.6083758049809497,-1.2839552921946449
B0189,M12,benchmark,0,合格,0.451095004534346,-0.5227619551939405,-0.7134592443094836,-0.6316420111245239,-0.7088906229425013,-0.7933855927663759,-0.7956948322331496,-1.1110811851797193
E1699,M20,extended,4,虚拧,-1.3668717626682418,-1.899774860430019,-1.1378771593348902,-0.6669120032972767,-1.2176467094616712,-1.259972449350754,-2.115000414133614,1.267396478378346
B0743,M20,benchmark,1,欠拧,-0.9100896935744754,0.5444815133040211,0.2531622289413192,-0.20813525766105848,0.022313208352367032,0.12178682430108828,0.12011704310995591,-0.47166999346220634
E0845,M12,extended,1,欠拧,-0.5475813502398745,-0.4230743776627572,-0.8499882250612186,-0.6060123586261281,-0.7931318641039463,-0.9509326450464541,-1.1510957853689103,-1.7409306883487836
B1108,M24,benchmark,4,虚拧,-3.528413087582305,-1.9356049326479283,-1.1452271668115133,-0.6648702800306183,-1.1992562352850034,-1.2596023093180988,-0.862880858228108,0.804158634452859
B0447,M20,benchmark,0,合格,0.39458106756057754,0.694599562028953,0.5326152971727791,-0.42552622165456666,0.19031633384918645,0.5561404515574085,0.4697288872357147,0.384971764606807
E0249,M12,extended,0,合格,0.3420910091253094,-0.32686867193128205,-0.6969149067674485,-0.5718313522809642,-0.42782894976565494,-0.7675368687870259,-0.905094609642655,-1.1513746905963453
E1564,M24,extended,4,虚拧,-2.2437180091919537,-1.8223315470044872,-1.1440267201560885,-0.6520747026207298,-1.2484969382957658,-1.2569244958048111,-2.221451701239889,1.8965128169302774
E1348,M24,extended,3,滑牙,-0.6708126304814678,0.7933993507297874,0.11315195288885277,2.017023306190959,0.5980756547366868,0.8245975982229455,0.8943474480997572,0.5402804693362436
B0499,M20,benchmark,0,合格,0.31762439051174574,0.2789949594629661,0.57740832714724,-0.4573195686700364,0.1398128826419451,0.5290058740881366,0.7094015959696696,0.31855926970480186
B0448,M24,benchmark,0,合格,0.39511997986484054,0.7891368130983697,1.7268687391706394,-0.13690196111207686,0.6245700560372762,1.6440493189257401,1.6095181540278944,1.2131422967104701
B0989,M12,benchmark,3,滑牙,-0.08170962694752937,-0.33541587606093404,-1.0320414169320824,0.31079868543169875,-0.7636635509151911,-0.9211672781802026,-1.058452062609472,-1.4360258531984087
B0591,M20,benchmark,0,合格,0.6346126078795526,0.20013375221560872,0.5767207986082241,-0.48539768796493765,-0.15848261918023215,0.5414539695694853,0.8566822823359258,0.44090611518894635
B0258,M16,benchmark,0,合格,0.6083136874314925,-0.23703693266745798,-0.1590929788343522,-0.42103866126529704,-0.45930985256634227,-0.24417690920167723,0.09954952538498059,-0.2848963072474589
B1183,M20,benchmark,4,虚拧,-1.3988112985675936,-1.883061530350067,-1.1391430848987925,-0.6650070875888474,-1.242268230571824,-1.2613796296396187,-2.1650528348908966,1.2402388390186945
E1368,M24,extended,3,滑牙,-1.146276992789704,1.6121066282079057,-0.42894793039812074,4.697841463799067,1.4805120387320854,1.0650878988892383,0.554030539868939,0.28135116538527855
E0794,M16,extended,1,欠拧,-0.9872978630319631,0.053539781629137535,-0.44718926298486983,-0.38820075800069326,-0.14845236783237892,-0.5926774826844474,-0.6104433439130931,-1.346701964010983
E0151,M20,extended,0,合格,0.6609833833015151,0.13564155072335313,0.6351007020918105,-0.41278972079526216,-0.055318365225514185,0.5374116073304853,0.9335228162140238,0.5212487378164876
E0390,M16,extended,0,合格,0.2897446606378455,0.21087307938080682,-0.1833583710010508,-0.4358055517506398,0.29781336244672135,-0.1876108807387804,-0.2611551145767133,-0.4559375027195505
E0939,M20,extended,2,过拧,0.8427764672730788,1.1183001522248264,1.148138863166093,-0.010976308040254512,0.8653724021737753,1.0554266801844487,0.7980900268589206,0.593465452604133
E1452,M24,extended,3,滑牙,-1.5433116510841216,1.6041967459340896,-0.5481250004032621,4.724567122756718,1.3753398823602414,0.7843575439435126,0.41575713180706453,-0.008982022999569256
E1059,M20,extended,2,过拧,-0.17558815035023606,1.2745246354888546,0.9120819415282364,0.6410836765466995,1.2437003919655683,0.7216265212359892,0.4171954197598602,-0.11217494286110243
B0166,M16,benchmark,0,合格,0.7321198074643005,-0.21087937073890906,-0.17425680272264885,-0.5095049117761158,-0.40451893344849255,-0.22493081485598698,0.10893435427697087,-0.22163031049398466
E1793,M12,extended,4,虚拧,1.725191474274181,-1.9285054107868058,-1.140856449670626,-0.650377816530022,-1.209478167962407,-1.2550863418194138,-0.8065718848761655,1.452642738307399
E1402,M16,extended,3,滑牙,0.035054705642901855,-0.05067941485534943,-0.895370565211979,1.5001204487003594,-0.5564989905967359,-0.48995101020258147,-0.3079893660396159,-0.622854647220267
E1517,M12,extended,4,虚拧,1.078496709157946,-1.8936820011655513,-1.1382372933315175,-0.6675778795326265,-1.2456666524269409,-1.2598714252405185,-2.1840562144672067,0.9027692754573082
E1575,M20,extended,4,虚拧,-0.7666312381795232,-1.9367899665321335,-1.1431700377701717,-0.642274037703264,-1.2125996062071294,-1.2538384020150197,-0.08554015554038646,1.7777706974803718
B0238,M16,benchmark,0,合格,0.7518799252872969,-0.25259327573063345,-0.15994420464456247,-0.5193662879482465,-0.4259443124200178,-0.19954777411541755,0.0960077413012217,-0.17269157230032653
E0686,M16,extended,1,欠拧,-0.619544106602531,0.07464943532489164,-0.397425292541809,-0.4346344919686313,-0.39582893743214465,-0.49171404034139976,-0.46003438124950685,-1.1145637171111031
B0367,M20,benchmark,0,合格,0.48565724698111373,0.2860762149438495,0.6436893522538037,-0.18149540356854174,0.22003136949597044,0.5203835559157209,0.8457872510935003,0.2841005326995291
E0462,M16,extended,0,合格,0.16241764688384921,0.6262370163934189,-0.1506080036107822,-0.28764073137143775,0.7211760838329414,-0.1882183499559285,-0.39054709453007586,-0.49858324461614645
E1261,M12,extended,3,滑牙,0.21882380139676497,-0.5103281864931379,-1.03621024077183,-0.26842578936608685,-0.8213204711610174,-0.9427588324942333,-0.9672466278028293,-1.2657483708691641
E0145,M12,extended,0,合格,0.5976072963201242,-0.5799010530686105,-0.709039417987238,-0.6296050738649871,-0.5658142152548425,-0.7772286627417889,-0.779046649179542,-0.9679613422101263
B0991,M20,benchmark,3,滑牙,-0.9007485469672402,0.6446395476885806,-0.5799368367720169,2.1379443586716373,0.36723603718597997,0.006807341325962118,-0.013086399918314392,-0.4688900776222417
E1029,M12,extended,2,过拧,0.6639653647184398,-0.42244631524175336,-0.560527796984082,-0.46673004668133955,0.0333288383216515,-0.650825736897286,-0.6041688127190228,-0.9762094441528778
E0868,M24,extended,1,欠拧,-1.5335393746334756,0.7665464071652288,0.6711250149059647,0.13242913908932744,0.4788370074255604,0.5439871139172883,0.6084158030840179,-0.03488717280495082
E1154,M16,extended,2,过拧,0.8801410537020165,-0.016361612897292013,0.06274956308813438,-0.2311539483384946,0.4239547451279166,-0.05340626497793885,0.27876020430329596,-0.18915722766011536
B0076,M24,benchmark,0,合格,0.7785021931179147,0.6893145687950292,1.7396207565966737,-0.08342135777613831,0.6432275827697319,1.6773342293855227,1.7720626712931924,1.3884297372567938
E1599,M20,extended,4,虚拧,-1.259735996580653,-1.9367684733186048,-1.1409928640632878,-0.6533515814714889,-1.2158896378247377,-1.2589549987739368,-0.18030535303019798,1.3584921820571774
E1519,M20,extended,4,虚拧,-2.0332907181205218,-1.9296711968193683,-1.14608384919743,-0.6623404632506015,-1.1968107507618162,-1.259460727499805,-1.5013189018746071,0.700751874911328
E1630,M16,extended,4,虚拧,0.31126522532143536,-1.7944562639140416,-1.139825156862102,-0.6641026918066594,-1.2310951669242818,-1.256636612056844,-2.204803518186281,1.47234653739286
B1107,M20,benchmark,4,虚拧,-1.0192373989313148,-1.9340079252018434,-1.1396014372581365,-0.6545673497265179,-1.1804929985643666,-1.2551401569080427,-0.20991610625837456,1.5629840131859836
B0741,M12,benchmark,1,欠拧,-0.317393941345446,-0.3518409805811897,-0.8364613738848646,-0.6440176294645368,-0.8111708616326622,-0.9288818439009379,-1.127669670337754,-1.6019348963505664
B0032,M24,benchmark,0,合格,0.46083135349804044,1.1038273282312483,1.6503020688573693,0.23814130143230228,0.6193174960181148,1.6011315552594834,1.4123288756996357,1.2157694699218655
B0425,M12,benchmark,0,合格,0.27400842135335035,-0.578225832170406,-0.7193359763453582,-0.6052219388054528,-0.46562516910957513,-0.7926785586360777,-0.7789207989836724,-1.2838330980917894
E0525,M12,extended,0,合格,0.39361102541290316,-0.6115197284351798,-0.6900559911044082,-0.4993577098887731,-0.30989689357925054,-0.7648191399390741,-0.7622905945294748,-1.118321185773912
E1631,M20,extended,4,虚拧,-1.9180353399820285,-1.9329389087046358,-1.1424661395040363,-0.6775200566960858,-1.2182600796870713,-1.2595719102254332,-0.8039290307629037,0.7987515454014995
E0938,M16,extended,2,过拧,1.4172210561310497,-0.14695735082969794,0.2163194297711936,-0.32392489449039336,-0.23091516099562104,0.0827638894433713,0.592810378796187,0.14479925544417327
E0954,M16,extended,2,过拧,0.36134814213099287,0.20536838148981937,0.1058074019879361,-0.10294156303463314,0.03389455248614193,-0.031332958153323424,0.06443732073736114,-0.48098729380494376
E1357,M12,extended,3,滑牙,-0.010573202784743434,-0.4689142526326057,-1.0411375286347777,0.013939181823802946,-0.7873195239477488,-0.9466021366277431,-1.0217217840149577,-1.4292135319642103
B0597,M12,benchmark,0,合格,0.30878622872182354,-0.46763040315457816,-0.714255904362629,-0.641574130302609,-0.751552871086393,-0.8058008747897503,-0.842565040894872,-1.2146406873498197
E0847,M20,extended,1,欠拧,-1.2927892845754823,0.30078671591236833,-0.10204993639885264,-0.27571657646088926,-0.4408289203541631,-0.2147416926521566,-0.10743808962169756,-0.7126367642934012
E0035,M20,extended,0,合格,0.08341310307881597,0.7943024320029952,0.542049716569276,-0.20984318062081314,0.6519861635793502,0.586574447955809,0.41203556172920636,0.14131672351278923
E0917,M12,extended,2,过拧,0.5904936539038453,-0.38917547476616804,-0.5845094472140439,-0.46579109131142143,-0.6835292718222655,-0.6855627114873383,-0.6129423692310751,-1.1303878534309004
B1009,M12,benchmark,3,滑牙,-0.028321381338489483,-0.3955320129594494,-1.040531848731359,-0.4333902353388275,-0.7788985775445426,-0.9563623246689753,-1.0458490644231018,-1.433093194729875
E0338,M16,extended,0,合格,0.2448353019492181,0.19846657947211535,-0.18882040328323324,-0.44069931439632154,-0.003857085238461602,-0.21874685735432817,-0.2119836451905182,-0.5020657765475305
E0607,M20,extended,1,欠拧,-1.2705860976398249,0.4101686948666542,-0.13368170576929375,-0.21696001605643095,-0.042738357493755326,-0.20440394578562582,-0.1495799266386047,-0.7537856284300165
B0883,M20,benchmark,2,过拧,1.0847840193743536,0.6200653205866251,0.9062597752494268,-0.167888780612101,0.23555894747620543,0.8372603025821143,0.921117582621163,0.670417188877431
E1528,M24,extended,4,虚拧,-3.300596892826636,-1.9343742311651788,-1.14427226606288,-0.6689397325774505,-1.2120761854076751,-1.2617503661533849,-0.8040548809587734,0.99786683600466
E1131,M20,extended,2,过拧,0.1378073183224808,1.1545823361605176,0.9974773513345854,0.3394386506807289,0.8547509070915954,0.8703288814712554,0.6136475755123113,0.06775587359373224
B0179,M20,benchmark,0,合格,0.5368539158861484,0.2452743433706024,0.5952895257373619,-0.3977152092835391,0.16696644069929648,0.5439492303256196,0.7876444606017432,0.43296349850333377
B0110,M16,benchmark,0,合格,0.5484225666843389,-0.193237464099322,-0.17837106080533183,-0.5141246017443294,-0.2641846353492112,-0.21619518538078195,0.04467883998583355,-0.30545546505290955
E0950,M16,extended,2,过拧,0.9974083711097608,0.06193241654274296,0.06298965241921922,-0.275064854898709,0.4746556240945519,-0.012706274912207442,0.2622738286443778,-0.07704413829012427
E0461,M12,extended,0,合格,0.33637853870011625,-0.4960013386818293,-0.7236030185478225,-0.6313990046721515,-0.5569550282536623,-0.7825953725858533,-0.8388614494164236,-1.1778602623902914
E0642,M16,extended,1,欠拧,-0.8639947278164677,0.2377385177966494,-0.39926961513059805,-0.45416631859333445,-0.4362957969311184,-0.5119798171147404,-0.6324491495908638,-1.1986943569271669
B0514,M16,benchmark,0,合格,0.41854470135682914,-0.0748758064528433,-0.1786875421963074,-0.5611346301604873,-0.514564339169147,-0.24110826540869879,-0.08271751543302541,-0.3714402805949198
B0055,M20,benchmark,0,合格,0.19018959429689575,0.6653409793324188,0.5941872974446538,-0.24792035609039045,-0.28998339784693605,0.5178199579507946,0.5003644206302583,0.15616330700974093
B0360,M24,benchmark,0,合格,0.6888990406623653,0.741226690682108,1.6614607661771124,-0.006858079574487743,0.4340295550726796,1.585060526174734,1.7058654682657812,1.3818923527540206
B0522,M16,benchmark,0,合格,0.7281677838997017,-0.4117119060378382,-0.162312358501173,-0.5658055849833542,-0.24245660186440507,-0.21119869589184795,0.20857175220687707,-0.2000935998656891
E0561,M12,extended,0,合格,0.11201138269173362,-0.0075392590076875645,-0.7148834105688738,-0.5831552435267532,-0.15371859473984306,-0.7866540952215935,-1.0106289881790227,-1.3437082084910215
E0038,M16,extended,0,合格,0.1440227735649874,-0.14866060186597216,-0.14365086958502532,-0.4921972695510731,0.2938056767348719,-0.2210599488103984,-0.04431522709338619,-0.5866240957235884
E0307,M20,extended,0,合格,0.35502490442763457,0.39728148969888855,0.5950548929819834,-0.2788434450857458,0.023023114594193844,0.5141102005897898,0.6727072745739752,0.24915301928283473
E1692,M24,extended,4,虚拧,-3.339829708577021,-1.8040800819258418,-1.1357818342636032,-0.6598734404046784,-1.2090259463442827,-1.2562568631784548,-2.226162094285294,0.9645078459250879
B0702,M16,benchmark,1,欠拧,-0.43785880509181996,0.029078604716377868,-0.3535489672860359,-0.37634651465400615,-0.4051252754674059,-0.47854691986983877,-0.4102875966821936,-0.9676864054787012
E0522,M16,extended,0,合格,0.06526972216861016,0.020484660440230815,-0.1639002220317575,-0.3867218815945452,0.38317717190038086,-0.194793190668923,-0.13161930582807135,-0.6271008922944983
B0439,M20,benchmark,0,合格,0.654767928059009,0.29854353093521047,0.6012317366817143,-0.33762489877722346,0.5692902148363435,0.5354318529190237,0.7931998478194157,0.5295273882849525
B0326,M16,benchmark,0,合格,0.508902331038347,-0.07863738857413874,-0.16913307813426798,-0.45395458451352805,-0.3479147442917255,-0.19445175746647683,-0.08805715945777855,-0.3147422168699333
B0164,M24,benchmark,0,合格,0.4978725925444205,1.0323200314127412,1.711955917764841,-0.052712855461690196,1.0487408471213147,1.6742048964945655,1.499255403846712,1.2517861817385465
E0024,M24,extended,0,合格,-0.43692469043109666,1.455841377371304,1.6350182003035298,0.04974197841297245,2.839351529709566,1.6313204961814587,1.1282490264231202,0.5771525398729134
E0089,M12,extended,0,合格,0.5948408798249049,-0.8746065129709437,-0.7183265098396603,-0.558075137952824,-0.7329388385476365,-0.7793924838250904,-0.6008967076264131,-0.9790504570442697
B0335,M20,benchmark,0,合格,0.7444070080015094,0.5438576145238687,0.6114737292827697,-0.3527385514460252,-0.07690269298564602,0.5844261580454496,0.6454157606696812,0.5070742218852409
E0824,M24,extended,1,欠拧,-1.363063449051446,1.2458607581407597,1.175825528300752,0.43212600443675014,1.4239012147741383,0.9150470005193158,0.729699434703496,0.00439823126311678
E0054,M16,extended,0,合格,-0.07815280573938994,0.13743103020876493,-0.11533669824412146,-0.43515433816630716,-0.14933307098327547,-0.21508022068024077,-0.20617655758110637,-0.6901225008422611
B0508,M24,benchmark,0,合格,0.5903140164690904,0.7599431742306448,1.7555812405381164,0.03490945372150649,1.0984176494197846,1.6222326515781877,1.7071958846221167,1.274483736343969
B0241,M12,benchmark,0,合格,0.39537147227349706,-0.7355371049133566,-0.7317387729261781,-0.5810249615130783,-0.8084971810133135,-0.803948249259522,-0.6934505373888018,-1.1518940155334816
E0169,M12,extended,0,合格,0.6199541932035851,-0.896105024016582,-0.7214858671737098,-0.618779687938403,-0.7721216333048238,-0.7967762043252857,-0.5518870456349074,-1.0438133315577247
E0955,M20,extended,2,过拧,1.9730552067484535,0.41118719181470476,1.1171727960318418,-0.028775544689188085,0.12991439727797488,1.0264024785540993,1.42689154122169,1.2460430589043343
B0306,M16,benchmark,0,合格,0.4897889079804678,0.0959807412581515,-0.17556092431649664,-0.4936763466422528,-0.6157442166277111,-0.22300409435796945,-0.10734819662464766,-0.3917245016689454
E0466,M16,extended,0,合格,0.7080124637202455,-0.21459702874075434,-0.17104287963153453,-0.5224951618845114,-0.3691109026338338,-0.24245861427702903,0.08327889291898181,-0.2668726770762614
B0159,M20,benchmark,0,合格,0.16802233484818963,0.4900733574907066,0.6162427764502295,-0.3404561875431706,0.5041261869733756,0.5416535863027192,0.6091529256598255,0.15320010001549383
B0852,M24,benchmark,2,过拧,1.9033918095506548,1.2927837485268971,2.5586636832901277,0.9529381348011846,0.5279944444614495,2.4090588049284922,2.187350339063475,1.9860505457977007
E1027,M20,extended,2,过拧,1.9210322056435472,0.25314390359071764,1.1746141684939142,0.06881088636597031,0.27145575513084047,1.0201689002832208,1.564068254719558,1.2068493004134084
E0014,M16,extended,0,合格,0.3324624426224676,-0.19436116348285964,-0.11794494143181701,-0.41149093616426724,0.23498291921394068,-0.2219711924142624,0.049982526811766625,-0.4472311728910909
B0462,M16,benchmark,0,合格,0.20086005792131453,-0.01942268764179827,-0.1702298498512696,-0.4256976481819891,-0.3581454447430924,-0.2693414295736606,-0.11130348849483518,-0.5313312641814404
E0694,M16,extended,1,欠拧,-0.6426095532250103,-0.3398351733130133,-0.4829189207108744,-0.41531873501836003,-0.6110487270666995,-0.616577698871418,-0.43795666117409654,-1.0760114776601692
B0281,M12,benchmark,0,合格,0.49600436322297337,-0.3528455703276917,-0.712007795171561,-0.6151850054205907,-0.5669742572621805,-0.778486417083882,-0.8712229283543217,-1.101091817271276
B0784,M24,benchmark,1,欠拧,-2.1001517713361504,1.1092322222326456,0.5969810642063695,0.267198751034314,0.4020335622996284,0.4562295550579076,0.3095575450925293,-0.42948247945131884
B0399,M20,benchmark,0,合格,0.3772640188502428,0.2332700378597036,0.6351552678488752,-0.3517300507296112,0.25390047688707407,0.579631154258153,0.7915458166737012,0.36285463198994766
E0046,M16,extended,0,合格,0.7630533737290277,-0.20988703087227858,-0.17137573074962958,-0.5063014276792142,-0.28731644551353175,-0.2608745826960716,0.12452179996539212,-0.23039773737387154
B0070,M16,benchmark,0,合格,0.6587918065975098,-0.19528696443007293,-0.1642985520583303,-0.5157248802327679,-0.444611680835209,-0.22055806662520863,0.04038195472685701,-0.27515132754472665
E0652,M24,extended,1,欠拧,-1.2140362331791048,1.0499300548000408,0.8589512638742802,0.38004823219643247,0.6692101408031674,0.7399119406428577,0.6845371929857182,0.1824044905979765
E0112,M24,extended,0,合格,0.9491218286477487,0.8673431871299242,1.6244269868572598,0.32647201208290827,2.283677038111215,1.5722479190865595,1.6921657755154043,1.4676726129586344
E1457,M12,extended,3,滑牙,0.03972527894651894,-0.3330188526388827,-1.03430589585027,-0.0244698206927628,-0.6855094831059074,-0.9235407709024667,-1.0169214979725028,-1.3590741169251102
B0515,M20,benchmark,0,合格,0.43266420372853365,0.3819923532451678,0.5838525430565883,-0.2090907954782695,-0.14730774149040912,0.5139245702634715,0.6941377650706279,0.36490138321277876
E0610,M16,extended,1,欠拧,-0.8318036995084596,-0.16190405729400043,-0.5604404917727783,-0.5488604875637773,-0.5964646274482458,-0.6516930079563725,-0.5976785383320334,-1.24265368542946
B0063,M20,benchmark,0,合格,0.5108783428206468,0.43950975427459843,0.595715138642467,-0.21129213790143253,0.14268162094108064,0.5089248214221623,0.6901824732004403,0.3591888089042803
B0423,M20,benchmark,0,合格,0.5567577436569481,0.31421151541176157,0.5430537264992674,-0.220980983959601,0.6263253722553117,0.5126736243040214,0.8162484122629633,0.3991768290637673
E1546,M16,extended,4,虚拧,-0.039207409884612666,-1.9274887414913033,-1.1387665811750458,-0.6606231734177012,-1.235873299606979,-1.257246890889305,-1.4230400800437135,1.174345669053825
B0495,M20,benchmark,0,合格,0.14111264712196425,0.5776139036316377,0.6429254316548969,-0.25801711429919144,-0.1290634466295191,0.526965827114569,0.5492302538264843,0.12940279848437058
B0450,M16,benchmark,0,合格,0.6563846649718,-0.41022150328862206,-0.14587169589756094,-0.562467556611794,-0.3475822703229107,-0.23959221533888858,0.21207757909181643,-0.22156921344255615
E0747,M20,extended,1,欠拧,-1.5525450152305031,0.8267299659098788,0.10812099008748195,0.017975560026160364,0.025040162785514644,-0.061649403995283236,-0.1741566720319974,-0.9461191463246923
E0144,M24,extended,0,合格,-0.8181153269801664,1.6395399055062414,1.7961836203700035,0.4577946083251795,2.4845746012002303,1.6427457267707117,1.0023988305535168,0.3483440822758478
E0575,M20,extended,0,合格,0.5321474150955802,0.583481386853141,0.6097931039651748,-0.297046746671543,0.31435452791729795,0.5587362118210638,0.5782836704729529,0.5102207200337714
B0037,M12,benchmark,0,合格,0.46823241580992636,-0.6418130394876812,-0.7121060135342776,-0.5714227477430915,-0.7850445012102638,-0.7749034741864413,-0.7488785593696572,-1.0606150207003664
E1587,M20,extended,4,虚拧,-1.8842275747612296,-1.7048751072906962,-1.1421332883859414,-0.6594035844516626,-1.2065283918657586,-1.2553817825181048,-2.248491514752444,0.8274977080982737
E0471,M20,extended,0,合格,-0.3969733249416939,1.256184996323657,0.5717880541695699,-0.22142452850816247,1.031721921831963,0.5613353229721043,0.17459219932208433,-0.17562423076886044
E0562,M16,extended,0,合格,0.6886834757406599,-0.2492282372131803,-0.18266538588632844,-0.5304816458824531,0.03547739559434425,-0.24662951884389908,0.10213844370001253,-0.23629360283665385
B0576,M24,benchmark,0,合格,0.26937377553668385,0.882582654409138,1.7150170567361736,0.03125934279928443,1.096232532406848,1.603455810171424,1.5465930560930927,1.0564894568496224
E0733,M12,extended,1,欠拧,-0.5610541578464627,-0.6747399934760964,-0.8654085080077196,-0.6210869903782529,-0.8066392635338093,-0.9777532696038366,-1.1162892169112597,-1.8039828454222606
E0871,M20,extended,1,欠拧,-0.22638961689881193,0.22759840297366807,0.26990300320878763,-0.180846654835652,0.33197713843136806,0.1448727405633353,0.4320097856736533,-0.13007637892944465
B0472,M24,benchmark,0,合格,0.504806597525944,0.9681980501816191,1.669394627254328,0.2957798926220818,0.4989931297025132,1.561945500654144,1.4913987559045667,1.2702985883211655
B0531,M20,benchmark,0,合格,0.19417754534844653,0.5500369827604046,0.5460930391677746,-0.14574674829496803,0.004367630372187293,0.5020745364301356,0.5895742309023971,0.1718347007009691
B0984,M24,benchmark,3,滑牙,-0.8701383280850716,1.2513672646068794,0.37321780763520324,2.1321981980479565,0.7738994242625833,1.0004693138849934,0.7843184197109037,0.37565446426406957
E0045,M12,extended,0,合格,0.1473640298514209,-0.591782899756208,-0.7318806438945464,-0.5438212002938467,-0.4980171327746743,-0.776027694855279,-0.8277326963816687,-1.2677034765148536
B0323,M20,benchmark,0,合格,0.6393191086701209,0.4665779595676004,0.6028250567880051,-0.39809747077673097,-0.0666429628753931,0.5495464249171033,0.6934006424948203,0.4555083104801875
B0095,M20,benchmark,0,合格,0.6674503309526776,0.411685859187819,0.6044238334700026,-0.3388979783533582,0.12068516888359473,0.5570363034503573,0.724791277064581,0.5131839270280197
E0438,M16,extended,0,合格,-0.11885864845476217,0.19127914691171785,-0.20050293187079823,-0.4016158361082218,0.08940400766617701,-0.2564200471679657,-0.23388157927182932,-0.7555574429214221
E1762,M16,extended,4,虚拧,-0.7417334897225487,-1.9375611664477683,-1.1464821792240028,-0.6600730449937531,-1.2274186980668729,-1.2622169637206102,-0.8436976926576985,0.5769997972443437
B0970,M16,benchmark,3,滑牙,-0.2104378126926109,-0.000673756234511938,-0.8486568205888385,1.2644691906349967,-0.5173392183863184,-0.5214725215271183,-0.4073750635777827,-0.8398102768403414
E0548,M24,extended,0,合格,0.4597894563764644,1.026136820216503,1.6400819025591395,0.03678902730805428,1.4509313044889058,1.6592119897005182,1.5150765713274623,1.2153723390875848
E0223,M20,extended,0,合格,0.708228028641951,0.5429722975463601,0.5917864041338045,-0.38669549879545206,0.5111295326717519,0.5510203523961689,0.6478428715900238,0.5177967544108172
B0301,M12,benchmark,0,合格,0.6788034168291622,-0.4742482876099342,-0.7077571226962163,-0.6048518879759466,-0.7059097868828205,-0.7719677244763364,-0.8191928616619457,-0.9229939123592746
E1102,M16,extended,2,过拧,1.1606269443277084,-0.07643420437748887,0.07476494279379442,-0.2512985910032283,-0.3921474083663801,-0.037027103536063734,0.3689228803441622,-0.012831137239519166
B0732,M24,benchmark,1,欠拧,-1.0288300379472055,1.012064567646732,1.1595431063926276,0.5343768882489565,0.5954868061524102,0.8961598552455916,0.8969543450141991,0.24249344067720577
B1096,M24,benchmark,4,虚拧,-2.896592302063744,-1.9244733485032048,-1.1365184719839776,-0.6529415781601003,-1.2159494218097515,-1.256993325303678,-1.4862708141684846,1.341385007657397
E1524,M24,extended,4,虚拧,-2.9669023940266586,-1.9304515536688576,-1.1394431965626488,-0.6639125934495321,-1.1756150636499652,-1.260897997887843,-0.874351204651652,1.281601542835307
E1570,M16,extended,4,虚拧,-0.69280025249542,-1.8430495085597343,-1.1417131320565428,-0.6655044518916617,-1.1561721830319631,-1.2615322009145635,-2.1288978714775006,0.6186068892666674
E0153,M12,extended,0,合格,-0.029506988407868782,0.01642675614465041,-0.713246437856931,-0.5040647269719951,-0.4888075930564079,-0.7829368832114011,-1.0285176945919163,-1.456676656581001
E1248,M24,extended,3,滑牙,-1.2429578601745812,1.686950744031754,0.4274288872790419,2.7173068718476148,2.4400566752673103,1.2632804343893544,0.6159308576373743,0.22480584428886097
E0648,M24,extended,1,欠拧,-1.7564335036768715,1.7962602730357309,1.2600314046030887,0.25767720949726725,2.9450240961359193,1.0074158236942785,0.5328517497640258,-0.2568833091678181
B0579,M20,benchmark,0,合格,0.2543920134781577,0.4091962686580496,0.5931832875146621,-0.1769847439955567,-0.14077843389267336,0.5079577598945479,0.6816066812818973,0.23635318700871286
E0791,M20,extended,1,欠拧,-1.1295347838705834,0.621649248338357,0.10939237222709072,-0.10673843401224943,-0.08308380313100007,-0.01307366065434579,-0.007638884297101599,-0.6534948185113023
E0021,M12,extended,0,合格,0.27939754439598585,-0.6182122184222754,-0.7249835322015608,-0.6017061579533911,-0.4827585301870411,-0.769553350515194,-0.7903372096089865,-1.1910877740244072
E0677,M12,extended,1,欠拧,-0.6924409776259111,-0.49269896188233936,-0.8598809968170594,-0.607726696899319,-0.8068056835389054,-0.9862015063075029,-1.1820369549534226,-1.8538380393873357
E1273,M12,extended,3,滑牙,0.26887079071937137,-0.5076997967434315,-1.0342131340632599,-0.6768552775919192,-0.811085549548292,-0.9292468372615891,-0.9352986566513599,-1.2417677781837573
E0211,M20,extended,0,合格,0.5651288481165084,0.30541979755080606,0.6102241734459865,-0.32583411521878386,-0.1499294555647629,0.5564732285681484,0.7961483381226466,0.40030712451518113
E0234,M16,extended,0,合格,-0.19197108439984745,0.3185006246156644,-0.19507909561856113,-0.3954685673840957,0.0822504803212551,-0.20995216197425937,-0.2757177800987675,-0.8253913727033836
E1441,M12,extended,3,滑牙,0.02380940222726947,-0.49460939117761626,-1.0513467817815942,-0.4762934522533088,-0.8573277186389839,-0.9899678593949383,-1.081680413047119,-1.3356128491768395
B0348,M24,benchmark,0,合格,0.4152393725573457,0.7587506302012542,1.7139148284434655,0.1307670101688083,0.9848942293384751,1.5935158674731655,1.619586169697463,1.2147308200475928
E1712,M24,extended,4,虚拧,-2.507856893254985,-1.9216047970327879,-1.14140756381698,-0.6618595022307074,-1.2374194341257534,-1.2549055360425538,-1.5587785055887862,1.6719200558817293
E0818,M16,extended,1,欠拧,-0.6362503880347005,0.05285841480856998,-0.4228038261526288,-0.41943052795202035,-0.13387934780454352,-0.5041834995630974,-0.4856359068092664,-1.0951959518084944
E0514,M16,extended,0,合格,0.6384209214963491,-0.3279623259940221,-0.1715448845965304,-0.5276632060688972,-0.1701867364462163,-0.25275701466180506,0.14825355118651726,-0.25373681101928636
B1197,M12,benchmark,4,虚拧,1.8066750146788266,-1.934860378143665,-1.138815690356404,-0.664473459020054,-1.2251551083938548,-1.2588559897541898,-0.8769401229666836,1.5219267946265103
E1701,M12,extended,4,虚拧,1.240062617976152,-1.9295573436425117,-1.1380681394846168,-0.6632653400253509,-1.189532133557785,-1.2583561792595923,-0.8106889841410425,1.040145995592689
E1297,M12,extended,3,滑牙,-0.02092031902660358,-0.559351433491017,-1.0460539033463128,-0.6622280165336403,-0.8698413614695972,-0.9888412302344439,-1.0538135839617067,-1.4406386805812068
B0286,M16,benchmark,0,合格,0.7448381378449203,-0.0756401673018182,-0.156992197187359,-0.6009791314705324,-0.16295734214925628,-0.216126475194802,-0.03998238463558985,-0.15873089604907675
B1140,M24,benchmark,4,虚拧,-3.3927508968556994,-1.930034303750047,-1.1430063404989774,-0.6638480146826801,-1.1987346415014881,-1.2608416080621274,-0.8209188072053001,0.9195098675485222
B0458,M16,benchmark,0,合格,0.6691389228393699,-0.21892941301368463,-0.1711465545699576,-0.5280472426319295,0.004097005221336227,-0.21403340675508192,0.060841600855372664,-0.20488971840277032
B0199,M20,benchmark,0,合格,0.6664802888050027,0.16843102685791184,0.5380664163035485,-0.43549026300892524,0.4198412937461814,0.5452602724414918,0.8940957477080178,0.5377754902277037
E0386,M16,extended,0,合格,0.07087441013295107,0.21289837772005257,-0.17946783252233348,-0.42727161469979025,-0.13622910272577382,-0.2580375737631622,-0.24366193735083844,-0.6156451951517878
B1180,M24,benchmark,4,虚拧,-3.3421649952288295,-1.9119810948258282,-1.1355090054782795,-0.6621547346346128,-1.2036165881756815,-1.2552068721655412,-1.4271931365074106,0.9625221917536848
B0836,M24,benchmark,2,过拧,1.4259873629470698,1.0838186063717588,2.389935449294479,0.943575141980089,2.064793569054115,2.219236698465712,2.0784539624374476,1.6734169336417104
B0102,M16,benchmark,0,合格,0.4154908649660022,-0.28242695076135255,-0.14708851228010514,-0.5591304058933169,-0.4670072086771168,-0.2328257346579422,0.09153107004814588,-0.416927035382908
E0589,M12,extended,0,合格,0.6345048254187005,-0.7168271989182525,-0.7171096934571161,-0.5924391770248032,-0.7694314229450548,-0.7825660981992756,-0.6908795976731799,-0.9485324798560897
E1191,M20,extended,2,过拧,0.23509895298552314,0.9935694419102995,0.8992317057394857,0.2590454872776171,1.0232457720055321,0.8049455485259789,0.6949288234446656,0.15927925663255824
B0967,M20,benchmark,3,滑牙,-0.2588321376154761,0.6852222118745409,-0.6816856039706741,3.4342959781793314,-0.20352950058481617,0.15686822342776752,0.1890829504464984,-0.0156416016051978
E1243,M20,extended,3,滑牙,-0.36647088852037857,0.5504819405257793,-0.6065867525224455,3.3416649417396234,-0.011397827570096181,0.06938606377333054,0.17025935686428775,-0.0981837180841395
E0500,M24,extended,0,合格,-0.2637182758407986,1.2869221802359,1.7071541311431422,0.37671981184740644,2.2061894908084545,1.5873883623053557,1.202986064170255,0.7600771118477101
E0801,M12,extended,1,欠拧,-0.6002151186229459,-0.31717441825414805,-0.8059918551399029,-0.5300938166767529,-0.5708432873610151,-0.9349860215308446,-1.1358858902680982,-1.817454745262088
B0867,M20,benchmark,2,过拧,1.7732624518144875,0.5449769282794487,1.0352477683748118,0.1502548171799304,0.3969916318031157,1.018849849530407,1.3167186840375567,1.091742455523456
E1669,M12,extended,4,虚拧,1.5577334575960267,-1.8311839023606065,-1.1359455315347975,-0.6558662417618789,-1.2474130943759687,-1.2581118508647626,-2.1785008272495343,1.310256059954939
B0357,M12,benchmark,0,合格,0.5506500708752953,-0.7905575126646663,-0.6990429712929741,-0.5943003149786724,-0.6382711966645785,-0.7699332033956706,-0.6611250156497236,-1.0254231190779608
E1315,M20,extended,3,滑牙,0.03483914072119644,0.45125892884953916,-0.6269888890889591,2.852929790577661,-0.24358309405271544,0.12642546089534884,0.3382873469496186,0.13257984515861554
E1115,M20,extended,2,过拧,1.320791681154829,0.6513675176091666,1.117920346903629,0.4883070265993951,1.6920208184494476,1.0023381922336834,1.17279999576096,0.800767748098617
E1143,M20,extended,2,过拧,0.6586121691627554,1.3286013229500058,1.0959139770794113,-0.17848107378194047,1.158436014121659,1.0480764359958907,0.5530237383019825,0.48171894554270855
E0287,M20,extended,0,合格,0.23606899513319804,0.7287420541460746,0.6289675109977314,-0.17367312655654019,1.0839260422601955,0.5219096148177298,0.46838049227996864,0.25135251313423473
E1384,M24,extended,3,滑牙,-0.14781620293718903,0.9908709132040779,0.09689135728355432,3.6198797779611676,0.33816287001972783,1.1331303334839058,1.0985843373967141,0.845918469103752
B1143,M20,benchmark,4,虚拧,-1.110744708195262,-1.9395166148821663,-1.137315132037123,-0.656052457900395,-1.2072703307648005,-1.2573546296714817,-0.055515894525781,1.485176918192696
E0916,M24,extended,2,过拧,2.540134660781488,0.5954210151924363,2.3957357892704625,0.5456552271235547,0.7533729942207735,2.217416017387854,2.6829124531991533,2.409117078409416
B0683,M20,benchmark,0,合格,0.5298480559307227,0.459908489063162,0.5926867391253727,-0.08322013170181262,0.11670732432451814,0.5234718674154747,0.7204584346067849,0.3848190219782372
E1721,M12,extended,4,虚拧,0.5455483677282673,-1.9342181975524901,-1.1409055588519843,-0.6700325843781737,-1.2288761497801346,-1.258526758484066,-0.8190849900654861,0.44961244501740644
E0444,M24,extended,0,合格,-0.5271745376517623,1.655790393180781,1.6125207386657292,0.4858927194257159,2.8915251100381445,1.6457371847688869,1.0732345122286935,0.5446794570390441
B0580,M24,benchmark,0,合格,0.03904265669445161,1.1845436796594206,1.7013974437728097,0.22652885184601704,0.5967102450504853,1.6004897261960478,1.335973764005606,0.9322791512969296
B0446,M16,benchmark,0,合格,0.6155351123086246,-0.30299534327616773,-0.17222149998413339,-0.5590228892760721,-0.19280250206075727,-0.2170289939052663,0.1067769223477776,-0.23540769559095018
E0640,M24,extended,1,欠拧,-1.4421039203434307,0.8845351649020048,0.8465211844149279,0.2023720598974406,0.4814966612895626,0.6437600053145156,0.6901465160016202,-0.03836970473633529
E1409,M12,extended,3,滑牙,-0.10330204660502139,-0.23043283390413932,-1.0419451018393364,-0.5947763043782294,-0.6787524713882819,-0.9603005192387538,-1.0941755396370296,-1.4714926915522395
E0156,M24,extended,0,合格,-0.24740719676508882,1.6574181843226186,1.7287021486080154,0.28581578459339835,3.3983162347876648,1.7050410440584027,1.109641176033829,0.7426033551393632
E0495,M20,extended,0,合格,-0.24952691849519196,0.7499254897664813,0.5545943841184641,-0.2231736618886419,0.8082506659590268,0.602729033431184,0.4082420772537081,-0.07292008731874844
B0528,M24,benchmark,0,合格,0.3897667843091561,0.8382093038353351,1.637244483191772,0.019080780785757933,0.46528877399651947,1.6054517217612543,1.546539120294863,1.1902003538993358
E1148,M24,extended,2,过拧,0.7110303726241214,1.4726092453133284,2.170133666686214,0.5216561005071393,1.561654899966754,2.1046176613416185,1.6579345222388722,1.2379476995901524
B0754,M16,benchmark,1,欠拧,-1.1479655846763963,0.11888655459423021,-0.5642710079187244,-0.40114238730628454,-0.5846871856630218,-0.6661807500681457,-0.7439883803301525,-1.4411885540440568
B0920,M24,benchmark,2,过拧,0.8558900000101584,1.1033866518119895,2.1930349149262938,0.8790299542220609,0.8813173203343768,1.93258686531009,1.8400936914604187,1.377615559154076
E1282,M16,extended,3,滑牙,0.1654355557877246,-0.1310352438570527,-0.8572345575994187,1.38010374953692,-0.597874235418756,-0.47733477112411893,-0.2294768224163931,-0.5960330416434684
E1311,M20,extended,3,滑牙,-0.7001653873203548,1.270398292768585,-0.6218869908034041,3.2587294759894854,0.887065957017319,0.2594121069430757,0.03633676985961985,-0.3894639107661173
E0576,M24,extended,0,合格,-0.6423939883033044,1.8245611466266685,1.714296788742919,0.15378657603680035,1.5989483480241238,1.6221054427992094,0.8694291093175758,0.48889784908547407
E1380,M24,extended,3,滑牙,-1.1191158126548222,1.7726456040192051,0.06929199736019896,3.6320436285317976,1.8268447615014316,1.0812444930569203,0.5741126354098456,0.21930710966036027
B0224,M24,benchmark,0,合格,0.7532810972783817,0.7703188027802478,1.7362922454157235,0.1816702862179408,0.7898870405905234,1.6013512589875385,1.694808629628666,1.4039483883194515
E1266,M16,extended,3,滑牙,-0.2566405609114708,0.4656657759636193,-0.9006907265257932,1.334385555422462,0.27758117656386044,-0.46430593670264875,-0.4830290098948244,-0.8159518782577903
E1276,M24,extended,3,滑牙,-0.2664487648490669,0.7705738040697114,0.1630468811488688,3.6133063246156207,0.21239015866089184,0.8934267136385297,1.0310387394135567,0.7915420933330208
E1702,M16,extended,4,虚拧,-0.5781197141481413,-1.7354312386643724,-1.1424879658068623,-0.6555733291931805,-1.2308312056348418,-1.255827837254566,-2.2396280652433416,0.7161177833454165
E1446,M16,extended,3,滑牙,-0.4946242344742454,0.5477639289587468,-0.896641947351588,1.5730621589354141,-0.01655576106100326,-0.4912491250529664,-0.5885094526329623,-0.9055812527023551
E1595,M20,extended,4,虚拧,-1.733116564645736,-1.9286420781914824,-1.139917918649112,-0.6660478066099877,-1.230501996079462,-1.2609510351888262,-1.5321521998626602,0.9559848072509116
E0245,M12,extended,0,合格,0.23330257863797865,-0.5100033765345967,-0.7101962120370111,-0.6527609299089977,-0.5132592103323903,-0.7979464550724572,-0.8242808052949597,-1.2796479500689857
E0062,M16,extended,0,合格,0.24688316870541907,-0.057954167568213644,-0.16297260416165665,-0.41863843360386493,-0.34473214382853834,-0.2374946306664461,-0.10761787561579682,-0.49794172557615507
E0324,M24,extended,0,合格,-0.47856464780719166,1.6917986618590803,1.7345461411896514,0.6979766432856632,2.049231017856662,1.584889901272973,0.9712958535743148,0.6788180334487524
E0772,M24,extended,1,欠拧,-0.7933612884709942,0.7876645094427824,0.9751545001193921,0.21138392702039638,0.35145096697166406,0.824775649129705,0.9401029835980633,0.4117322731321782
E1014,M16,extended,2,过拧,0.5874398175130189,0.4473219231876394,0.13206444428749833,0.0762608976445448,-0.059935345948821356,0.017153142105205455,0.10582405657905064,-0.39383234994320415
E0028,M24,extended,0,合格,0.9830373763293998,0.8762001177453402,1.614245016588976,0.06824455138166907,0.9629670673868371,1.6287009151518341,1.6605953549515438,1.5327715212549424
E0867,M20,extended,1,欠拧,-1.9860820002670363,1.054111230038428,-0.10098590413608971,-0.25596064038300514,0.22371629251602096,-0.19739573225535076,-0.4587219434925809,-1.168756801727551
E0611,M20,extended,1,欠拧,-1.425325783937359,0.6134739668377074,0.04485199477089323,-0.09487427413124168,-0.09644573615345886,-0.10639136592188932,-0.14736855891118159,-0.8399019224174831
E1156,M24,extended,2,过拧,1.1318849547669865,1.1500367107522937,2.1285818426813994,1.0759064468522441,1.104681391929764,1.9753869068809362,1.918246663095442,1.5036282277238882
E0915,M20,extended,2,过拧,0.1909799990098163,1.1215490606916783,0.9426169391816759,0.22239270778734307,1.6976656592808645,0.8616523356541136,0.5881359429496015,0.16896313928386325
E1413,M12,extended,3,滑牙,0.07601204076693006,-0.19733768116401842,-1.0257936377481676,-0.37275885936850406,-0.7097550900519087,-0.9219733338032047,-1.0496245702991898,-1.3657642440564526
E1474,M16,extended,3,滑牙,0.16712414767441738,-0.17641092587965881,-0.9105289325245693,1.3222809357254932,-0.5598143153507864,-0.5390376155574517,-0.2904422530155109,-0.5251604619872339
E0139,M20,extended,0,合格,0.47548976817400795,0.3104581098185836,0.6209736275877442,-0.3117166872877368,0.5436142973811591,0.5282469797927816,0.7790327114843806,0.3536289772243515
E0367,M20,extended,0,合格,0.7519877077481492,0.4000424213945912,0.6000858557833542,-0.2505660597115322,0.21571880807096003,0.5107232386259893,0.7389943705984366,0.5553408925131927
E1127,M20,extended,2,过拧,1.247822955157547,0.661244537160199,1.108114880359092,0.11508534932307403,0.5060558012073119,0.9979294991010833,1.1120503083547617,0.7561669005563316
E0366,M16,extended,0,合格,-0.1649176867258183,0.1339033261561465,-0.17478609056617705,-0.372091122545177,-0.16027234893172995,-0.24710154894868555,-0.2392392018959922,-0.7659439416641459
B0631,M20,benchmark,0,合格,0.45907090663744604,0.4091603920894675,0.5742980789945488,-0.5206567444994593,-0.05877639327769226,0.5753797342175668,0.6599964047911454,0.4209579278977735
B1117,M12,benchmark,4,虚拧,1.742149248115006,-1.930949322587073,-1.1437811742492972,-0.6608966962944784,-1.193301669138463,-1.2601360582345293,-0.8090709101941476,1.4670616424443563
E0858,M16,extended,1,欠拧,-1.147821874728593,0.5127368075849758,-0.4832845112832083,-0.41464332329857195,0.15460191412174126,-0.5534268964526105,-0.7460379406628861,-1.385009815256206
E1365,M12,extended,3,滑牙,0.06616790934238291,-0.21699597362690737,-1.039615144012671,-0.6514391772612071,-0.6656259744988028,-0.9515933638060191,-1.076844169805844,-1.3249514137026905
E0180,M24,extended,0,合格,-0.5065880876288952,1.6961885135716397,1.733989570467591,0.6776300775496108,3.677429329836173,1.598429442318752,1.0165479882891422,0.5689044379301622
E1254,M16,extended,3,滑牙,-0.6252565770277246,0.5640789204334371,-0.8966855999572398,1.6040675103109225,0.1077308121355518,-0.43345192150648437,-0.5799696179132392,-1.1017333363112678
E0751,M20,extended,1,欠拧,-1.11742722076813,0.2336933467255005,0.019222458677575643,-0.21023441070306884,-0.4069778652591026,-0.12775934316089238,0.04358214542182688,-0.6892365935965583
B1178,M16,benchmark,4,虚拧,-0.7530147206251318,-1.8210749125447048,-1.1417567846621945,-0.6613114209693259,-1.2385899238787672,-1.2590369478982135,-2.153115044882694,0.5674075601701811
B0299,M20,benchmark,0,合格,0.4547596082033376,0.288701406498935,0.5669971806992841,-0.4699613350701019,-0.1295439320732356,0.5293674823717421,0.73793363323325,0.42361564963488235
B0313,M12,benchmark,0,合格,0.46657975141018465,-0.8151830914378976,-0.715079847294307,-0.6112257382922339,-0.7696469279249827,-0.782781915623523,-0.6416721710881647,-1.1317930856137395
B0500,M24,benchmark,0,合格,0.6869589563670175,0.9075574811735783,1.7129926671490712,0.09929001072913321,0.4595439149795388,1.619870582043748,1.5959263328739772,1.3184125163205493
E1061,M12,extended,2,过拧,0.45820864695062435,-0.27226853606692036,-0.6319434598304393,-0.608468167760332,-0.3882744524196618,-0.7149852599966218,-0.7397813880682258,-1.1821676045159506
B0228,M24,benchmark,0,合格,0.20111155032997,1.087989563407761,1.6903533345429023,0.28688935152490425,0.6641925588911504,1.6075313572400711,1.3859722489646586,1.0205032935586553
B0085,M12,benchmark,0,合格,0.3372767258738885,-0.7123935041466405,-0.7223425495596265,-0.5878358814823549,-0.8007164325642236,-0.7855552017530146,-0.7259918023207993,-1.166190725567584
B0068,M24,benchmark,0,合格,0.12789133192403251,1.1707739998916638,1.687837853142217,-0.09836622981477254,0.46863466509411866,1.6225480071880058,1.3275777580811627,1.0001274269074885
B1097,M12,benchmark,4,虚拧,0.4592505440722009,-1.9310313059164546,-1.1421714844158868,-0.6557743289731093,-1.2153947041770599,-1.256254426976165,-0.8375849688583177,0.3762348862526333
E0635,M20,extended,1,欠拧,-1.4993723345431682,0.5168315347013388,-0.049339415074294755,-0.33455660510043517,-0.1354729121792532,-0.14467204018068597,-0.20002787658290577,-0.8694728953085324
E0392,M24,extended,0,合格,0.2414940456627846,1.291868612997505,1.7541734440058454,0.19681514332019842,2.1283050947944133,1.589814966573371,1.282757109752174,1.088137729489217
E0515,M20,extended,0,合格,-0.00985465304572554,0.5877782325761786,0.5830449698520298,-0.15825385922686933,0.32852541562559207,0.5195376155372445,0.5568172227774802,0.02288008932002228
E0425,M12,extended,0,合格,0.3915272311697506,-0.8423546518324313,-0.6970131251301651,-0.5524091400965936,-0.7148680542942938,-0.7751528880184255,-0.6396046321560213,-1.0981286102770282
B0821,M12,benchmark,1,欠拧,-0.6545374788927095,-0.5111489687942834,-0.8718308976142418,-0.616376667033483,-0.8398865608995695,-0.9914846689029443,-1.1630695325759326,-1.9030517143124186
E0451,M20,extended,0,合格,0.6190560060298124,0.4119529560100866,0.6041510046846787,-0.2814325378256968,0.582071880836445,0.5481320220018416,0.7585011509582248,0.435529574663301
B0300,M24,benchmark,0,合格,0.3882578298572182,1.3073530837453249,1.6497291284081892,-0.026978033537682394,1.5981067032420204,1.6754543952928562,1.3142915731172145,1.1529006040026717
B0261,M12,benchmark,0,合格,0.5061718420300787,-0.4546399579134944,-0.7224407679223429,-0.6251690639945209,-0.8018113011309059,-0.7834527598492108,-0.8526869923626702,-1.025331473500819
E0075,M20,extended,0,合格,-0.1762707726023034,0.723752044708815,0.5964244934843088,-0.1557978717563781,0.9405960429610717,0.5669769279944459,0.4552740933101202,-0.037758734222057104
E1497,M12,extended,3,滑牙,-0.27104748317878236,-0.23155751100056735,-1.0458029008638148,0.050035317802560264,-0.6633827063690777,-0.9586951214083255,-1.1439762600025727,-1.5903264565792867
B0387,M20,benchmark,0,合格,0.39713191913409146,0.548702151708837,0.6053187118858646,-0.2656184408487445,0.3764243972533418,0.5110619697438485,0.5936373943690444,0.35390391395577697
E1755,M20,extended,4,虚拧,-2.0110516036979136,-1.8550136012130687,-1.1448288367849404,-0.6579415695799014,-1.232301416595455,-1.2602273266215522,-2.183570792283138,0.7196614123282282
B0240,M24,benchmark,0,合格,0.7999509028276035,0.7015447968606873,1.6634142202800306,-0.21728598823595663,0.9297178915620741,1.696150940571803,1.7860500216341288,1.3845806230168431
E1353,M12,extended,3,滑牙,-0.007950496237327836,-0.2114245640199657,-1.0219576650265147,-0.15686580328040844,-0.6272358245573468,-0.9032062394035717,-1.0271692996361705,-1.393349562776099
B0352,M24,benchmark,0,合格,0.3157561611902981,1.1510629186973171,1.665766004409522,0.2024903513815407,0.4129313318108671,1.6419631718670382,1.4009304436737315,1.0979743547690903
B0934,M16,benchmark,2,过拧,0.6785519244205062,-0.06444020393049267,-0.014237263554534958,-0.5112019346335106,-0.33690198846377095,-0.09038457355561724,0.17439443472857505,-0.31694171072133337
E0200,M24,extended,0,合格,0.26003262892944967,0.9533647011186392,1.768928024716156,0.1938105473346421,1.6859556980459938,1.639739338368962,1.4940955458160583,1.1083608535118143
E0808,M24,extended,1,欠拧,-1.0580390848382892,0.9052191542420446,1.037632291958542,0.4470549902406945,-0.08778659683053026,0.8625704920338549,0.8332561673047697,0.21567183510040647
B0652,M24,benchmark,0,合格,0.7156290909538363,0.9238341421271338,1.6785944138954467,-0.0969911566300396,0.9940671606358769,1.6733118510229044,1.5456941261225958,1.3930425646395912
B0223,M20,benchmark,0,合格,0.5614642444475163,0.22093389008053593,0.5944219302000323,-0.39976309302469915,0.3848605443534306,0.5116552839563859,0.844960235520643,0.4157035814749838
B1010,M16,benchmark,3,滑牙,-0.36920137752864685,0.13516329907167923,-0.9026278109015922,1.4614964054737998,-0.46818053399999787,-0.490202973036447,-0.4840178328623714,-0.9054285100737858
E0697,M12,extended,1,欠拧,-0.19879730692051872,-0.570652909804007,-0.8058008749901763,-0.6035634227620013,-0.8399813641655323,-0.9206345937655839,-0.9831756668800391,-1.6155289902932493
B1109,M12,benchmark,4,虚拧,1.4589687959679973,-1.9376465513913146,-1.1366439732252265,-0.6616211238832671,-1.2078334586697,-1.2606242890866952,-0.10544246508719377,1.2262781627674448
E0191,M20,extended,0,合格,0.4689150380619932,0.5818835682403402,0.5114928926130106,-0.10717025712417605,0.3510606256197277,0.5552866146417016,0.6524274144395593,0.3590971633271386
B1163,M20,benchmark,4,虚拧,-1.6988058146076248,-1.887325212552892,-1.1345923007595915,-0.6549109688635787,-1.2334012430968824,-1.2560390236635908,-2.1494653892024753,0.9851586493076802
B0026,M16,benchmark,0,合格,0.5371054082948049,-0.2285846313515468,-0.16368195900349852,-0.48244418785753673,0.07465850542992039,-0.20395536113498328,0.04005833993747802,-0.2615877821277577
B0774,M16,benchmark,1,欠拧,-0.5850537191296653,-0.14421015467438453,-0.43043211899028216,-0.5141628017950535,-0.5847727275868995,-0.521148061998069,-0.4442671495669866,-1.0911329978885467
E1589,M12,extended,4,虚拧,1.7094193075027344,-1.9364897581606724,-1.1376261568523922,-0.6575300065865235,-1.204079567922445,-1.2553680277438033,-0.13009112487822602,1.4392319355189989
E1693,M12,extended,4,虚拧,0.7546822692694674,-1.9219083333208729,-1.142335181687081,-0.665622261974273,-1.2254945939833017,-1.2621041629933127,-1.5586166981940965,0.6274354131979828
B0831,M20,benchmark,2,过拧,1.169213613708973,0.6228145629049671,0.9736484852244047,-0.029694806023915464,0.14432971042910217,0.841878466275027,0.9896699821712768,0.7616350866591183
E0740,M24,extended,1,欠拧,-2.0013511822211703,1.0723176163941261,0.7050649158002452,0.18497430309825713,1.4237426523342187,0.5036190516569358,0.4102916375864417,-0.35531065901798453
B1189,M12,benchmark,4,虚拧,0.5083274912471328,-1.927342858906398,-1.138461012935483,-0.6577489239188241,-1.1580626204117326,-1.2543538630979598,-0.7965038692065971,0.4179641723778123
E0511,M20,extended,0,合格,0.43478392545863676,0.6550459752759344,0.6064373099056923,-0.3704489505288304,0.0477745749272784,0.5423428900917614,0.5746340147927345,0.3073785092935167
E1740,M24,extended,4,虚拧,-3.1087800399957706,-1.9301160229863206,-1.1347723677579054,-0.6508654506103063,-1.1860400161796185,-1.2543329016706335,-1.5316487990791814,1.1609654147911395
B0705,M12,benchmark,1,欠拧,-0.3730815461193439,-0.49974376314118524,-0.7980852769412191,-0.49263426464997645,-0.8242717833580301,-0.9332542852157472,-1.022225184798436,-1.689639713675156
B0006,M16,benchmark,0,合格,0.5199679970192245,0.04089183875831407,-0.16632294164543293,-0.5383087690166383,-0.503059786080745,-0.20956427986093573,-0.11950172982576941,-0.30298103447008445
E1592,M24,extended,4,虚拧,-2.7568703053116863,-1.9357067914905535,-1.136834953374953,-0.6592732465540223,-1.1947137432109185,-1.255313875195133,-0.771747337819105,1.4601882241587303
E0446,M16,extended,0,合格,0.2664995765806123,0.1746830498449587,-0.15073350485203113,-0.4028157760425813,-0.31762686912164695,-0.24632031368746762,-0.19033741150094627,-0.4890521045934116
B0390,M16,benchmark,0,合格,0.398425308664324,-0.060335622736787914,-0.15963863640499976,-0.32495206176102487,-0.5090968343002517,-0.24685042084346856,-0.04390171930695756,-0.4794598675192487
E0205,M12,extended,0,合格,0.5870805426435097,-0.6910349002383049,-0.7188776239860144,-0.6367122754891704,-0.7956378560246847,-0.7891098782903934,-0.7097391484542103,-1.035717972243543
E1484,M24,extended,3,滑牙,-1.3177229605194076,1.2668905377466566,-0.06832829853283119,2.985605400462046,0.4137661246915008,0.8138078321167768,0.5544620262547777,0.12512600488442543
B0214,M16,benchmark,0,合格,0.4546518257424854,-0.34411581518634393,-0.15338540064537837,-0.5799485089922263,-0.4114256429875324,-0.21820558747058136,0.11112774340498423,-0.3370426406410756
E1079,M20,extended,2,过拧,1.2424338321149115,0.6335876193048353,1.0771706395276666,0.08206694038742625,1.0339079584665125,1.0367834739816757,1.1578058438530672,0.8595736600978623
E1044,M24,extended,2,过拧,0.5834518664614692,1.680869690218386,2.356115593065741,0.8434360035935924,3.019049184504429,2.179097565237425,1.5747655213684741,1.2700236515897414
E0833,M12,extended,1,欠拧,-0.47939098000706276,-0.6370196337993338,-0.8678148578942756,-0.63277903024973,-0.7314004444990516,-0.9661869090911459,-1.1119923316522835,-1.6973990392064848
B0814,M16,benchmark,1,欠拧,-0.6639145529868948,-0.22880488420998563,-0.44287311160104736,-0.4838104828499691,-0.5395496703225585,-0.5565305803435098,-0.44861797062419273,-1.0962956987341945
B0869,M12,benchmark,2,过拧,0.8462973609942671,-0.7424274406837589,-0.616015715343236,-0.6063340956760556,-0.7627339782454731,-0.6793514519912867,-0.46271319256158844,-0.8826393098912206
E0946,M16,extended,2,过拧,1.3398691767257571,-0.08779499869367562,0.12184973456497541,-0.32972966531509335,-0.4174840260943923,0.011115713276947096,0.42614876226601184,0.10145089745615704
E1054,M16,extended,2,过拧,1.5702002955679895,-0.18212177707340263,0.08161294530542172,-0.30518197535139807,-0.06756917381520755,-0.01676948287794194,0.5192419500106986,0.2688873668940094
E0060,M24,extended,0,合格,-0.798391136644121,2.3634621561607596,1.7086274065838907,0.6615866514038108,3.05823063035378,1.6887531162917033,0.7710861705451855,0.3371938703902767
B0209,M12,benchmark,0,合格,0.4024132597158738,-0.533547125348871,-0.714184968878445,-0.614483745719496,-0.7006588547556883,-0.791649243137081,-0.8014120268455116,-1.1796015283559833
B0216,M24,benchmark,0,合格,0.4543644058468779,1.1266532317119637,1.7666799155250883,0.047868887190452014,1.342412123583737,1.6865629335422263,1.4415440997407938,1.2183966431332598
E1412,M24,extended,3,滑牙,-0.8075167183296498,1.1486417361469676,0.10282811165220028,3.038257324040474,1.3438815489696325,1.0542157959076204,0.8307391633873773,0.43082510170336186
B0282,M16,benchmark,0,合格,0.5349138315908006,0.07951890234217832,-0.14520599366137094,-0.4993139078319136,-0.19129420630335753,-0.2358723315901821,-0.10308726856449117,-0.3423580841152929
E0292,M24,extended,0,合格,1.01810260359348,0.6777780322660083,1.6978834090178392,-0.0641985868025343,1.7875113634723334,1.6497577666637468,1.8169732126192313,1.5962819062141271
E0931,M20,extended,2,过拧,1.661384257449379,0.18063989521187523,1.0011823662392823,0.2756906192559277,1.5339701543010766,0.8005831082229476,1.434136916783897,1.067548023158052
B1037,M12,benchmark,3,滑牙,0.16223800944909436,-0.49596599254362655,-1.023130828803407,0.3505569240056226,-0.7422575805195373,-0.8816657208913569,-0.9143895455375959,-1.313617910662836
B0731,M20,benchmark,1,欠拧,-1.2066351708672194,0.5926068726464283,0.16264855112229618,-0.0879853275014345,-0.13446388479764637,-0.00854774780251207,-0.0010587169130625862,-0.7215569338018583
B0653,M12,benchmark,0,合格,0.4550829555858963,-0.5350698868516103,-0.7134592443094836,-0.6469211035350413,-0.8348431526064733,-0.7906016883936653,-0.7992905521151384,-1.123239498413849
E0839,M20,extended,1,欠拧,-1.183713434192544,0.9992144655772575,0.17199566530748944,-0.18976428187024877,0.7787130914672198,0.049871232697325955,-0.13996137595428507,-0.6983400542592987
E0022,M16,extended,0,合格,0.6005533502500984,-0.1453368927024947,-0.1714412096581073,-0.5809915653738292,-0.3674696808940421,-0.2274215454508612,-0.016034890221545386,-0.2491545321622025
B0994,M16,benchmark,3,滑牙,0.04608444413682882,0.049503209889026865,-0.800169688861093,1.5618193965880356,-0.4757662343729461,-0.41548116071517965,-0.259303318837489,-0.623954394145967
B0267,M20,benchmark,0,合格,0.1547650921633068,0.7220821677747546,0.632596133842538,-0.11674617823391344,-0.1782244165973586,0.5288883096996633,0.4803901966858109,0.11373140479314287
E1653,M12,extended,4,虚拧,0.6199541932035851,-1.8462734081784653,-1.1453090154471104,-0.6622246441848237,-1.2242250327807234,-1.259526418100541,-2.1594974476732243,0.5128784417708807
B0599,M20,benchmark,0,合格,0.381467534823498,0.39120638188804374,0.6367704142579921,-0.09884856154872922,0.3027031464006194,0.5191181651292945,0.7346974853394601,0.2370252545744187
B0615,M20,benchmark,0,合格,0.35215070547156196,0.6553996945029147,0.5703256918802342,-0.14033125003966557,0.7082768907535082,0.5082326409839962,0.5804231238027362,0.23568111944300701
B0119,M20,benchmark,0,合格,0.4588194142287895,0.5275295050956679,0.6123304116686863,-0.3511768792750571,-0.114330600222973,0.5240199499725643,0.6296485289871612,0.3281515067789639
E1382,M16,extended,3,滑牙,-0.02587831222582772,0.23100835608082654,-0.8717927015842964,1.9439673946828675,-0.35476605217114515,-0.3859875275908616,-0.31780568131744485,-0.7284303520874842
B0749,M12,benchmark,1,欠拧,-0.32350161412709943,-0.4465539127536027,-0.8127143564102812,-0.5507017101166699,-0.8024515030629903,-0.927206304958147,-1.0519797668218924,-1.665139796052613
E0420,M24,extended,0,合格,-0.6485016610849583,1.5469446411829024,1.6562824758316663,0.19024364762144616,3.3767146035157367,1.656607180990214,0.9526340673867935,0.5884860429127678
E0488,M24,extended,0,合格,0.17876465344650952,1.2417943055069347,1.704011143536212,0.19868721335832273,1.6330675312490113,1.736597815017217,1.390233177024815,0.9899853163704755
E1749,M12,extended,4,虚拧,1.8024714987055703,-1.936644850171857,-1.1382809459371694,-0.6581052594252559,-1.1665993915680675,-1.2557505105939062,-0.08088369829321111,1.5183526171179842
E1597,M12,extended,4,虚拧,0.786621805168819,-1.8184812745080914,-1.1397869608321567,-0.6586765332242568,-1.187901988778214,-1.2566761635769739,-2.1060290930280523,0.6545930525576343
E0013,M12,extended,0,合格,0.49316609175385184,-0.6563164114635711,-0.7151289564756653,-0.6147404016977334,-0.6466391313202188,-0.7906911519658755,-0.727645833466514,-1.0785775538201363
B0484,M24,benchmark,0,合格,0.03606067527752681,1.1076733965740366,1.6204545997429456,0.19915864690189122,0.9818460677736021,1.5939972415272705,1.3292317892268772,0.9354561979711745
B0562,M16,benchmark,0,合格,0.7795800177264418,-0.48983278590933027,-0.14458940060653916,-0.568736846615534,-0.4878636406670648,-0.20684155287367287,0.27372619646851176,-0.13093173764943386
B0359,M20,benchmark,0,合格,0.5693323640897646,0.40236707940685057,0.584894749016525,-0.3522094196242865,0.3899159227431484,0.5468938783491162,0.7481454776980976,0.39844366444663426
E0414,M16,extended,0,合格,0.11057428321369783,0.07942155444966995,-0.18423687968979344,-0.4403849261992574,0.33746948127205245,-0.21507814797045927,-0.1910205982785243,-0.5604134606610677
B0532,M24,benchmark,0,合格,0.27943347188293644,1.1013747312859046,1.7038474462650177,0.07237426193687546,0.8693457901877627,1.6480252635243922,1.4468477865667269,1.0650735925752266
B0822,M16,benchmark,1,欠拧,-0.5930655487197164,-0.09353531419402236,-0.461119900763503,-0.4676683850690363,-0.3942574268731601,-0.5636658243477023,-0.4836223036753525,-1.0854204235800486
E0163,M20,extended,0,合格,0.5210098941408016,0.5109058448685024,0.565049183172072,-0.33420366828726994,-0.07727465474953386,0.5153091175231229,0.6576412082684427,0.36074678371568936
E0994,M16,extended,2,过拧,1.1456092547822312,0.06084412773275404,0.12940163534273807,-0.18004120767497708,-0.2348139539664498,0.008332870559050295,0.3431056115914834,-0.039530548713462725
B0126,M16,benchmark,0,合格,0.27990052921329833,-0.06524983103620648,-0.14772693163776277,-0.4133795187569838,-0.4839019571275653,-0.23886250096015982,-0.03974866284326074,-0.501638097187536
E1580,M24,extended,4,虚拧,-3.518425246209954,-1.925904663190941,-1.142324268535668,-0.6521476028690364,-1.2171120402345754,-1.2549971642939446,-0.7734013689648197,0.8126511246013216
E0078,M16,extended,0,合格,0.05359328890956693,0.10769921489490972,-0.1336871623450001,-0.3794908847207033,0.25162675040924676,-0.21154112339948836,-0.18805412937588353,-0.6281089936430568
B0273,M12,benchmark,0,合格,0.6541571607808437,-0.631145190822452,-0.7121223832613971,-0.6556883960363129,-0.8302265136638963,-0.7760476693343679,-0.7618591081436361,-0.9616377973873502
E1448,M24,extended,3,滑牙,-0.43024217785822866,1.256294341812769,-0.17956605088505004,5.009047966491128,0.8574817317052128,1.187103073706102,0.9333430302199246,0.6644296778375083
B0297,M12,benchmark,0,合格,0.600589277737049,-0.5651319773641456,-0.7105017802765736,-0.6460322652637209,-0.8013292279174433,-0.7725223709355644,-0.7756846510898827,-1.0225515576608546
E0332,M24,extended,0,合格,0.2607871061554181,1.0452039684340921,1.778586163716619,0.4055504930295017,1.444660094302884,1.6246336513800517,1.4556393216781893,1.085693847432105
E0069,M12,extended,0,合格,0.23466782314211282,-0.45725846245305396,-0.7182228349012372,-0.5379048315021443,-0.3613485077836395,-0.763377713058077,-0.8398322937845606,-1.227776553406794
B0959,M20,benchmark,3,滑牙,-0.1170263466202661,0.4675678015028391,-0.7253927753795464,3.313811254452222,0.09268194451778144,0.09306533315041164,0.2526013421618286,0.014662535902984651
E0033,M12,extended,0,合格,0.12379559841162956,0.008120260500328992,-0.7313950086566701,-0.5865832593306014,-0.6563913397912459,-0.7813202952707471,-1.0220453988043368,-1.3203080377941785
E0545,M12,extended,0,合格,0.42310749219959354,-0.8649946808862555,-0.7019185866902871,-0.5951785196512303,-0.602792752925195,-0.7913293645017564,-0.623801443274681,-1.1081790752368992
B0534,M16,benchmark,0,合格,0.4376221969277573,-0.24077828371831672,-0.17388575557460859,-0.532162267994176,-0.2049852700289847,-0.24127403730376626,0.06014043547838459,-0.35372213568086225
B0183,M20,benchmark,0,合格,0.6075951376924751,0.621002452572493,0.5739106621193891,-0.3666188611675687,0.3244522263397547,0.5729838310862784,0.5857807464268989,0.4902419842168853
E0362,M16,extended,0,合格,0.3759706293200103,0.02925459339583709,-0.1841604876299027,-0.5006855615454339,-0.35619154668870434,-0.22184871584640303,-0.10867861298098343,-0.38958610486897305
E0842,M16,extended,1,欠拧,-1.0061957211681374,0.2829950865075633,-0.4633079876217998,-0.401112593076309,-0.35111429622055434,-0.5783005276487423,-0.6608912938573942,-1.3597461844908154
B0543,M20,benchmark,0,合格,0.5452250203457086,0.5799529232727266,0.5938980989322106,-0.0977336748280553,0.16944927666158002,0.5228679467026802,0.6630887238896556,0.3488023101615562
E0454,M16,extended,0,合格,0.8664167536867718,-0.038526142969180194,-0.15388194903466773,-0.5644847802717837,-0.17096402472561537,-0.22306823612607243,-0.02541971911353567,-0.09045494107852434
E1500,M24,extended,3,滑牙,-1.5021028235514364,1.5719194051733174,-0.4898487718580989,5.2035090925385505,1.4810411633516851,0.8296315319665097,0.3901376276478955,0.1094546111931977
E1624,M24,extended,4,虚拧,-2.9350347131012087,-1.824765681469347,-1.1372551097043517,-0.6573160739959805,-1.2164687608324454,-1.2598051795807672,-2.2124624015349172,1.3086980851435308
E0133,M12,extended,0,合格,0.775304646779285,-0.8944818074830139,-0.7066276115249758,-0.6109006538553504,-0.564254727560912,-0.785891679289984,-0.5147612378533745,-0.8987994799938704
E0760,M24,extended,1,欠拧,-1.8110432838422428,1.0159816815548854,0.7370841020458462,0.08983478631823351,0.5561854217658987,0.556861421696074,0.46624103895018537,-0.2225162177396879
E1695,M20,extended,4,虚拧,-2.073745068427237,-1.8501315978591848,-1.1460729360460171,-0.6639347449119442,-1.2426139922847872,-1.2606520959177425,-2.2527164856137807,0.6663542349574837
E0058,M16,extended,0,合格,0.7580235255559009,-0.24177923116526553,-0.1752062468955757,-0.49181902919510495,-0.4908111953703865,-0.23026750607256669,0.10853882508995227,-0.17602136160314122
E1435,M20,extended,3,滑牙,-0.3919434767685671,0.3968361215680201,-0.7551747655854923,2.5784736150423577,-0.12599669883005898,0.02822253434187101,0.18688956131848558,-0.1349335945179531
E1403,M20,extended,3,滑牙,-0.9798968007200772,0.7179950607253568,-0.3911938830850135,1.5057258491651855,0.1991607821959791,0.03045492626563288,-0.05170443145087294,-0.5123606297131128
B0889,M12,benchmark,2,过拧,0.7532092423044799,-0.34085650179474863,-0.5683361568200491,-0.6019386075526446,-0.6377888864243112,-0.6536134936238381,-0.6423194006669226,-0.9748042119700389
B0723,M20,benchmark,1,欠拧,-1.1589234681964216,0.6336744577375862,0.13610231031029058,-0.07600612643449513,-0.2759126355156681,-0.008786365319142092,-0.0320718008952148,-0.6872509394251552
B0571,M20,benchmark,0,合格,0.8387885162215291,0.09355137589662105,0.5799783743049902,-0.34017446171173765,0.16601168902436977,0.564440964454515,0.995728770172428,0.6566398037804655
E0306,M16,extended,0,合格,-0.014992283679704538,0.331907641893046,-0.20239636364094543,-0.39430739466704995,-0.08282834716739337,-0.25160170024079104,-0.31343688166082867,-0.6668445242482741
E0308,M24,extended,0,合格,0.0406234661202917,0.9174130338620868,1.7196987986923302,-0.30970815610292657,1.2306896691843408,1.6962106590111088,1.4321233136499834,0.9450178865196238
E1508,M24,extended,4,虚拧,-2.780762084134036,-1.9304003568150274,-1.1390394099603693,-0.6573176590561912,-1.2168657315421167,-1.257649917771915,-0.7749655071134849,1.439873454558991
B0853,M12,benchmark,2,过拧,0.35944398532259514,-0.37908788020813805,-0.6500101819945812,-0.6442987319007195,-0.778481042073205,-0.7550339391732972,-0.7680976821388866,-1.2204143587097456
E1708,M24,extended,4,虚拧,-3.5068925228987142,-1.92660227222291,-1.1410474298203526,-0.6575464418795167,-1.186998110342013,-1.2592669116014896,-1.5155219954084624,0.8224572013554815
E1016,M24,extended,2,过拧,1.7027727224168183,1.1451325810070827,2.616203274114917,1.1363802375052532,2.7537839935450648,2.4345284705375354,2.227388679949419,1.9112983033758022
B0881,M12,benchmark,2,过拧,0.8464051434551199,-0.769328956147814,-0.582654211473842,-0.5886309380405015,-0.5071851774244379,-0.6676835278842586,-0.4119775850267282,-0.8810507865540982
B0130,M16,benchmark,0,合格,0.4098502495147102,-0.05245427846266271,-0.15205399617299825,-0.595025464815237,-0.49959970780496177,-0.2190524752770271,-0.09165287933976726,-0.4297879647084579
B1004,M24,benchmark,3,滑牙,-1.0526140343087027,1.1811728461847928,0.44066108336724613,1.448321433941115,0.3952605570882793,0.9507649573271291,0.7084127730021231,0.27939605973958953
B0090,M16,benchmark,0,合格,0.32804336172750703,-0.11613192968236663,-0.16506247265723686,-0.5106414191375771,-0.0630115200719446,-0.25078352291718525,-0.009544615834556009,-0.5258325295529397
E0316,M24,extended,0,合格,0.8476985329853524,0.9866225712873767,1.6953679276171536,0.0012883351271544873,1.090430683758819,1.6371347861377046,1.5463773129001734,1.468436326101482
E1194,M16,extended,2,过拧,0.41480824271393485,0.5041343612822199,0.046745426541040275,-0.2601023603756004,0.4398995284977213,-0.03335479193521157,-0.09614752919225311,-0.4819648466277882
B0763,M20,benchmark,1,欠拧,-0.8305462374651776,0.6854032167486734,0.18175747924637486,0.0014731683489095763,0.018803468172272082,0.07754790896956242,0.09954952538498059,-0.4882883914505641
B0894,M16,benchmark,2,过拧,0.89580543801261,0.04053587941954362,0.07946851105277668,-0.17647852552669907,-0.3092008166494626,-0.03838510856400073,0.2465605327600874,-0.1677427111346755
B0291,M20,benchmark,0,合格,0.5128902820898967,0.49781912818848945,0.604003677140604,-0.42178069182168787,0.29682000691486843,0.5830392114172499,0.6201198712998912,0.42945041804623574
B0788,M24,benchmark,1,欠拧,-2.11725325512478,1.0606491356156877,0.5375371284600204,0.05356276076152463,0.463577745328135,0.4498788519381634,0.32185490708893055,-0.39594019821746335
E0728,M24,extended,1,欠拧,-1.73408660679341,1.1873897456813063,0.80220287652693,0.22563496810140207,1.1650863474251048,0.6790934009181394,0.5041938623045762,-0.17599081307742676
E0066,M16,extended,0,合格,0.024815371861894933,0.15620644365500116,-0.1862994653068414,-0.4360866238421598,0.648418057595822,-0.19880301605767906,-0.24932519616497056,-0.6263677276773646
E0962,M16,extended,2,过拧,0.5842781986613398,-0.029276954318086704,0.019784485975342558,-0.4931361431393418,0.417366585077254,-0.08849363791778028,0.17599453007605997,-0.38103251766908275
E1108,M24,extended,2,过拧,2.132142118967046,0.8257812497221283,2.3725289727908203,0.9092461196059802,1.0345954947758353,2.184252870306424,2.3895017108288776,2.165217649109687
E1222,M16,extended,3,滑牙,-0.4184220346513821,0.012377128877174336,-0.9162856198949015,1.3632785836711674,-0.4594367422412751,-0.5484887839913177,-0.48871024730836654,-0.9488685136389426
E0817,M12,extended,1,欠拧,-0.5404677078235961,-0.5245769804984948,-0.869746485694368,-0.5549907543382454,-0.7918131340195592,-0.9911399123113104,-1.1572264877677008,-1.771112631754111
E0517,M12,extended,0,合格,0.636049707357589,-0.6842852581202752,-0.7085592393250683,-0.6099696093374026,-0.8317089429974766,-0.7884988076334317,-0.6965788136861317,-0.9959437917640532
B0872,M24,benchmark,2,过拧,2.155387203024281,0.9797540285239414,2.471314819380861,1.0804011271159575,2.425607474200595,2.32148118747789,2.397052722581054,2.107542032561857
E0603,M20,extended,1,欠拧,-1.6124361359776567,1.0145654047280823,0.03643795503150729,-0.13094535679542305,0.42540889004824534,-0.0748556728445041,-0.2853543093824972,-0.945966403696123
E0628,M24,extended,1,欠拧,-1.6511300394237776,0.5388361428807865,0.5754112204386699,-0.03588813986755961,0.09889329606933446,0.43751240108757944,0.58554702463457,-0.1151992469067776
E0535,M20,extended,0,合格,0.6682766631525482,0.39620299035682294,0.5720390566520678,-0.503700300435118,0.5930840511595715,0.546081858741156,0.714956983187342,0.5128784417708807
B0358,M16,benchmark,0,合格,0.45055609223008247,-0.22082886928733267,-0.15898384732022278,-0.549580420224579,-0.5158822703523721,-0.20781526863977157,0.054135583275463445,-0.3922132780803679
E0090,M16,extended,0,合格,0.26599659176329926,0.3390871463584809,-0.19198521719298936,-0.3496547706967217,-0.14103602489582667,-0.2070083192466793,-0.29428967328923905,-0.4364780918398001
E1510,M16,extended,4,虚拧,-0.5704312319406485,-1.9306790860549885,-1.1422969856571357,-0.6569653830073292,-1.1832276150361207,-1.2582976299503221,-0.814931933601789,0.7226551678481898
E0779,M20,extended,1,欠拧,-1.0983137977102497,0.6308393027234843,0.1281084269003033,-0.03742939044352704,1.0928767750929143,0.022476491430182887,0.01799859846147743,-0.6389842687972025
E1757,M12,extended,4,虚拧,1.3681081814691667,-1.7956068770488152,-1.1396178069852558,-0.6659876408975369,-1.197672374789091,-1.2617576462445956,-2.1737005412070793,1.1490209412370072
B0215,M20,benchmark,0,合格,0.2713497873189837,0.5788202893115227,0.6032670394202297,-0.2033754400709983,0.09692590486112694,0.5366984499998149,0.6245246281553268,0.20577411276910534
B1198,M16,benchmark,4,虚拧,0.5377521030599212,-1.9325262762296713,-1.142668032805176,-0.6566993915336852,-1.1984016598874216,-1.258373782152287,-0.10400417713439832,1.664924443493247
B0870,M16,benchmark,2,过拧,0.9870253273809495,0.14602581812404883,0.13281745173499204,-0.09185159093339114,-0.3791558200803987,-0.016547404651669883,0.2533744219364563,-0.12295857243810768
E1705,M12,extended,4,虚拧,0.7943821423502136,-1.9317385572217423,-1.1431427548916393,-0.6576256862082898,-1.220598577624889,-1.2602401628287492,-0.7296774151998376,0.6611915341118353
B0903,M20,benchmark,2,过拧,1.6075648819969282,0.4448540561686148,1.1200429548534483,0.2518878113826925,0.571672684482291,1.0011418854319671,1.3765334842744383,0.9801181425648879
E0913,M12,extended,2,过拧,1.0138990876202243,-0.5987960058748149,-0.5634143255328078,-0.553351874551859,-0.8278821575770771,-0.6758796926299211,-0.4354576358561142,-0.8229780391719862
B0340,M24,benchmark,0,合格,0.7091980707896258,1.1979076688191586,1.735451932756926,0.13033808048548992,1.5132032222424496,1.643599147110614,1.3850373617953418,1.435291175701907
B1025,M12,benchmark,3,滑牙,0.05201247948372736,-0.34545318796584756,-1.0346551166954845,-0.1808273233779385,-0.7778584948257217,-0.9353913439962225,-1.0246343171193684,-1.358249306730835
B1106,M16,benchmark,4,虚拧,-0.2797060075339502,-1.8378512366764868,-1.139230390110096,-0.6640459636758226,-1.240280531620182,-1.260080406960982,-2.1717049166725757,0.9698538379250192
E0823,M20,extended,1,欠拧,-0.6588847048137685,0.31251895185645306,0.21143033793819122,-0.09173454602463088,-0.3354922615109734,0.056243614667810804,0.27304300969093426,-0.3908385944232426
B1200,M24,benchmark,4,虚拧,-2.157456113022839,-1.935841604487268,-1.1380354000303778,-0.6519151151897618,-1.1833265849596406,-1.2557875021462166,-0.09519466342352591,1.9698598271693362
B0023,M20,benchmark,0,合格,0.29412781404585503,0.6076362417048942,0.6069174885678621,-0.1366329233655848,0.2769378479520501,0.5248687207939617,0.5818614117555314,0.20430778353483794
E1416,M24,extended,3,滑牙,-1.9153767059476619,2.114944439327086,0.21252165307948634,2.312372155376948,1.3302476286494513,0.8947397259555843,0.2618423422585392,-0.25581411076783195
B0877,M12,benchmark,2,过拧,1.0567965070396013,-0.7166543683499847,-0.5763464099571557,-0.6201146285701533,-0.608668186096388,-0.6591219513982663,-0.38022737846876814,-0.757329257412828
E1272,M24,extended,3,滑牙,-0.8782938676229265,1.895529880493652,0.5648691161737582,2.5923947582718516,3.2884564887132646,1.368075700464852,0.8239072956115989,0.3539344624814906
B0413,M12,benchmark,0,合格,0.4941002064145757,-0.8610239013912494,-0.7243287431167836,-0.5983079369809979,-0.7955203249142604,-0.7930481595462594,-0.6208709315708603,-1.0477540913748171
E1146,M16,extended,2,过拧,0.3406539096472736,0.5777529620186564,0.1547910821049708,-0.16926087660716171,0.6463938445899765,-0.0016461165728384416,-0.07009653864724494,-0.48618054317630577
E0800,M24,extended,1,欠拧,-1.9711361656954614,1.4127149944730024,0.737908044977524,0.0239580667289873,1.2774538148790051,0.633094909967344,0.3429078469979741,-0.2981849159330028
B1080,M24,benchmark,4,虚拧,-3.431372945327919,-1.9332038353444296,-1.1389739310518918,-0.6600186108197285,-1.240413662352602,-1.2596173578314052,-1.4653437244553105,0.8866702024060862
E0270,M16,extended,0,合格,0.14369942618242929,0.07095031637984792,-0.15998785725021433,-0.240097968262456,-0.02494547704347069,-0.20557170251550708,-0.08841673144597734,-0.576115402878009
E1350,M16,extended,3,滑牙,-0.8327737416561339,0.44877305998104994,-0.9210001013052966,1.6253471815298417,-0.07772514289310395,-0.5526200634374354,-0.6826633777428356,-1.1609974761962218
E0227,M20,extended,0,合格,0.12929250391511724,0.7045645049436479,0.5444833493343642,-0.2307871285144167,0.4241548313306363,0.5161576436732433,0.49135714232587663,0.1410112382556497
E0926,M16,extended,2,过拧,0.4962558556316294,0.2526870572059933,0.004680684419817103,-0.26559990384163656,-0.06501071737010398,-0.09423135048101534,0.027239598558188503,-0.4502249284110529
B0776,M24,benchmark,1,欠拧,-0.5952930529106728,0.7389588723712832,1.1796615010224045,0.2539936859680077,0.029779395847971873,1.0224359477088916,1.1139021040939854,0.48129126618271373
E1256,M24,extended,3,滑牙,-0.8778986652664668,1.2185252512061093,-0.472917017440904,5.209810076817421,0.4753046200232031,0.8448493149620765,0.7094555317678997,0.4468325291774419
E1667,M20,extended,4,虚拧,-0.741841272183401,-1.9360186973040532,-1.144561464575323,-0.665563186208304,-1.1956584508090886,-1.2602047591811456,-0.027810872835058315,1.7988491802229585
B0975,M20,benchmark,3,滑牙,-0.6787885325845683,0.6192452587603364,-0.7138684874874693,2.2839282407177883,0.0868489200224682,0.022328614165963604,0.07619532475146404,-0.33692044653821984
B0364,M24,benchmark,0,合格,0.5444346156327892,1.1631316183924985,1.6538433864908721,0.36012106669486016,2.160758016309477,1.576274608656486,1.4010023580713715,1.2571321737384777
B0997,M12,benchmark,3,滑牙,0.08973634078217427,-0.4055513045850888,-1.0342458735174989,-0.01702770251765229,-0.8405285642360995,-0.9292827762172002,-1.0063680601188663,-1.3661613748907337
B1138,M16,benchmark,4,虚拧,-0.48733095462321224,-1.9178221130104307,-1.1430390799532164,-0.660809876388964,-1.221437009258391,-1.2615541776950603,-1.5213290830178743,0.7933139078244265
E1399,M20,extended,3,滑牙,-0.7530506481120828,0.5786394792401752,-0.5318534916465508,1.8019657677077672,-0.1826009596454379,0.015825099257958868,0.06787123322466036,-0.3907164003203873
B0766,M16,benchmark,1,欠拧,-0.7574697290070433,0.09180239590684079,-0.44800774934084125,-0.5458814237967898,-0.6339266488979841,-0.5450375033334197,-0.596869501358586,-1.173583468790346
B0550,M16,benchmark,0,合格,0.5293450711134108,-0.08200388179133568,-0.16329999870404524,-0.5459903716413385,-0.1259102824474548,-0.20895509517732416,-0.04609510843497065,-0.28413259410461095
B0482,M16,benchmark,0,合格,0.4635977699932598,0.055616212825776605,-0.16637750740249763,-0.5626245912914192,-0.6116808389062698,-0.23920003994136452,-0.13401045954959376,-0.3751977492577289
B0322,M16,benchmark,0,合格,0.6979168398870419,-0.054254241967343034,-0.1605989937293396,-0.521546455080709,-0.4224369823616103,-0.20923031712252102,-0.04368597611403823,-0.20061292480282558
E0418,M16,extended,0,合格,0.8390759361171356,-0.1858797542521911,-0.15852003838517226,-0.556145838630759,-0.3580574049628624,-0.2328241031486939,0.05697620198223478,-0.10835637714686612
E0445,M12,extended,0,合格,0.4619451055935181,-0.8044377044905813,-0.7099834055844584,-0.6412874427264662,-0.6497618975358707,-0.787758682178803,-0.6413485562987856,-1.102558146505543
B0433,M12,benchmark,0,合格,0.5163393208371839,-0.3936656799792604,-0.7136120284292649,-0.6592182901878619,-0.8407200987191468,-0.77775901353671,-0.8919522534739864,-1.043171812517733
E0350,M16,extended,0,合格,0.17793832124663891,0.15260893116544608,-0.1780109268087044,-0.418380428369728,-0.18444502499613813,-0.24065304046481373,-0.17557698138538277,-0.5477052739640875
B0760,M24,benchmark,1,欠拧,-1.2368861148798784,0.972257858852112,1.019532830340161,0.3880808273714985,0.2815638978259233,0.7693047023344556,0.7928402758312171,0.10603317631324173
E1240,M24,extended,3,滑牙,0.08887408109535258,0.9840381353865199,0.5544143171201503,1.8107223503494485,0.5722316653453073,1.2804330168731213,1.2324889458019719,0.9833562862905605
E1781,M12,extended,4,虚拧,0.9776841807737153,-1.9202883591980573,-1.1419313950848018,-0.6565012858818792,-1.204878956728449,-1.25536733630093,-1.4587635570712711,0.8170501123041221
E1342,M16,extended,3,滑牙,0.017593946984763374,-0.05469612279494234,-0.89801700442962,1.5420789167445044,-0.598026945955705,-0.4807464625083366,-0.3063533134933109,-0.6439942270142816
B0610,M16,benchmark,0,合格,0.289493168229189,-0.12535896655032672,-0.1621814006842176,-0.525171098373847,-0.35876794965241604,-0.24887012445328655,-0.0322695654887241,-0.49983573417041643
B0487,M20,benchmark,0,合格,0.40298809950708786,0.5616805683245913,0.6030378632405576,-0.28865898003580515,0.33137252954341523,0.5753003863093297,0.6010265987265311,0.34791640291585296
B0619,M20,benchmark,0,合格,0.6155710397955746,0.23468576981140224,0.5707294784825135,-0.377727350087157,0.08248036212284339,0.5376620621245527,0.8403577140716975,0.47533430366850465
B0389,M12,benchmark,0,合格,0.3800304353454622,-0.7932085877306253,-0.7157837455604424,-0.6390441061783464,-0.7740347796137286,-0.7905227078794931,-0.6852702746572775,-1.186505495167323
B1119,M20,benchmark,4,虚拧,-0.7164764663960647,-1.872013717284488,-1.1449379682990701,-0.655470568524781,-1.2101749189742357,-1.2573400881860317,-2.154751097428999,1.8204164393769673
B0229,M12,benchmark,0,合格,0.25144595954818394,-0.6833476469380858,-0.7113148100568385,-0.6027937280896141,-0.7754179348004793,-0.796724175083508,-0.7716035090238255,-1.2071562985499158
E0701,M12,extended,1,欠拧,-0.24316775330488258,-0.47518581966068757,-0.7951223563326029,-0.6215773944568649,-0.7071242349882493,-0.8929554352839878,-0.9997878927348269,-1.5862329541336249
B0285,M12,benchmark,0,合格,0.6475824306688285,-0.8504669580235807,-0.7144905371180075,-0.627457875098434,-0.7599672689963616,-0.7776641279434883,-0.6181741416593689,-0.9195113804278908
E0681,M12,extended,1,欠拧,-0.7389670732273291,-0.0175836022074607,-0.8010372843984228,-0.5033034920463673,-0.586693779433611,-0.9384973413023197,-1.2053192411892997,-1.9402598186319415
E1234,M16,extended,3,滑牙,-0.041866043918979336,-0.16285260398895063,-0.9164929697717475,1.6126162519071938,-0.580088992283211,-0.5260136404136633,-0.33148739546841166,-0.7111093380077066
E0079,M20,extended,0,合格,1.0018633794916725,0.1445429761023854,0.6016955456167646,-0.4836545450985267,0.1565756821277646,0.5491699758759299,0.9466292151838728,0.7063728036426843
B0418,M16,benchmark,0,合格,0.3377437832042499,-0.059480038524982584,-0.1929128350630902,-0.5344368061986721,-0.46802570960191603,-0.2512357168685428,-0.09354063227781113,-0.45957277727950474
E0806,M16,extended,1,欠拧,-1.2872205240980923,0.118648023220214,-0.5409768862277786,-0.43838591316815706,-0.45478905797938807,-0.6894928438345578,-0.7605286917873004,-1.5085175047174788
E1539,M20,extended,4,虚拧,-0.9090837239398494,-1.9373349166474936,-1.1398633528920474,-0.6566665630126037,-1.1963470953544326,-1.255088519477944,-0.13967371836372589,1.6566457930247824
B0625,M12,benchmark,0,合格,0.5366024234774924,-0.8146681586426225,-0.7105072368522801,-0.6246536062857029,-0.7742966484874055,-0.7848400209924896,-0.6360808266716724,-1.0451574666891363
E0364,M24,extended,0,合格,0.9292180008769491,0.8556879497069606,1.6487524013567296,0.32514337232796653,0.4182149356881349,1.5524281286874781,1.6850642287484765,1.4828246817127262
E0825,M12,extended,1,欠拧,-0.5079174046460788,-0.3697543760026384,-0.854315289596454,-0.5902531301277277,-0.7412877873433662,-0.9535212293645962,-1.1515991861523884,-1.7654917030227544
B0752,M24,benchmark,1,欠拧,-1.0678472887758854,1.0230875989986756,1.000696731001406,0.24935325775158418,1.0204534845650017,0.848045156938565,0.8285098170605444,0.21136449297474771
B1061,M12,benchmark,3,滑牙,0.051796914562021935,-0.42729172008601635,-1.0377053425154044,-0.043023644125739814,-0.7224673612457628,-0.9448314519097659,-1.0280142938084378,-1.3202163922170371
E1081,M12,extended,2,过拧,0.7569816284343248,-0.5562010048969739,-0.6149789659590055,-0.569378027959974,-0.786491810938251,-0.7066567526911236,-0.5624045262897245,-0.9741015958786192
B0727,M20,benchmark,1,欠拧,-1.419649240999117,0.4515613839748591,-0.005272109668794956,-0.14177362788152575,-0.22170838601348625,-0.14355451594979643,-0.10765383281461688,-0.8777209972512842
E0034,M16,extended,0,合格,0.8350161300916837,-0.14378552994743174,-0.17208508559147145,-0.5111676868980848,-0.37160366788355653,-0.23105143592472116,0.05046794899583537,-0.13126777143228655
E1727,M20,extended,4,虚拧,-1.6830695753231297,-1.9327554202181103,-1.134494082396875,-0.6569279424405554,-1.196527055398914,-1.2549143333434145,-0.7899776376207878,0.9985389035703658
E0290,M16,extended,0,合格,0.16166316965788025,-0.11902586355770063,-0.12697557422603473,-0.3966110548554157,0.18817089213897198,-0.23871902535934014,-0.035487734783104,-0.5534789453240141
B1148,M24,benchmark,4,虚拧,-3.4449176079084087,-1.9205727329795574,-1.1396450898637884,-0.6644272013988349,-1.2017013164147443,-1.256260896501325,-1.5075035400716277,0.8751534082119483
B1058,M16,benchmark,3,滑牙,-0.14824733278059987,0.0465848493631109,-0.9119749250867855,1.2238846983140932,-0.5151906310595062,-0.5483756231071408,-0.43254510275170355,-0.7158138109676461
E0863,M20,extended,1,欠拧,-1.29986699950481,0.5317160470899288,-0.02631812216867272,-0.4148072473211981,0.24463505493086882,-0.10058278543659682,-0.13244632140092863,-0.7102845278134314
B0177,M12,benchmark,0,合格,0.5083274912471328,-0.6510432741067044,-0.7083355197211028,-0.6212450926967384,-0.7344739330858635,-0.7895471473459577,-0.7427838141696863,-1.0547802522890128
E0762,M16,extended,1,欠拧,-0.7652659936753891,0.2519594704371658,-0.36142280603048077,-0.33368890656915207,-0.02378061783890733,-0.4483168172985763,-0.552390446418386,-1.2215752026868731
B0842,M16,benchmark,2,过拧,0.8097591067651996,-0.026436071726363097,-0.024501082458416236,-0.30094520138542985,-0.2803148656177547,-0.12315426634900915,0.18072290172087468,-0.2120686219455358
B0412,M24,benchmark,0,合格,0.5258241773922219,1.0950905037560594,1.6458822425351234,0.01609304794813549,1.1089468067580532,1.6202083018078395,1.4029979826058752,1.243446434218653
B1044,M24,benchmark,3,滑牙,-0.3839316471785165,1.0542284886730933,0.43410227936806206,2.1137521024177484,0.9474462963159385,1.1349768286432447,1.0283419495020651,0.7046926347284204
B0957,M12,benchmark,3,滑牙,-0.10057155759675308,-0.5832601771835649,-1.0488749529865606,-0.002255922639432169,-0.8216121008646305,-0.9632862943261262,-1.0279603580102081,-1.4659939569237388
B0779,M20,benchmark,1,欠拧,-1.4060686509316762,0.37967531705705276,-0.09518010758439933,-0.4204661240596537,-0.15812350596200583,-0.18881956874236364,-0.13917031758024762,-0.8052598942579278
E1351,M20,extended,3,滑牙,-0.12942132961832722,0.4714648986407334,-0.7167277331576628,3.404395162858649,-0.472831800598373,0.08374430849374961,0.2726654591033252,0.022818992268594632
B0243,M20,benchmark,0,合格,0.6074873552316219,0.41256160225473176,0.5739379449979215,-0.3805793364619393,0.368949164498104,0.5824644915413271,0.7353806721170382,0.40828028972650776
B0185,M12,benchmark,0,合格,0.6208164528904069,-0.9440787841750894,-0.70087638073035,-0.641614702618234,-0.7326990876890916,-0.7833322352554235,-0.5248652107217626,-0.9645399073301701
B0787,M20,benchmark,1,欠拧,-1.3170044107803902,0.46424171211099063,-0.01965018665535921,-0.16607038790660544,-0.011725690309025961,-0.15872240069822247,-0.11083604491017672,-0.7637444478127458
E1772,M24,extended,4,虚拧,-2.655806284518799,-1.9333348057033581,-1.1424825092311557,-0.6698912901308264,-1.2121416356524484,-1.2613232821227935,-0.7839008710202268,1.5461212269919145
E0711,M20,extended,1,欠拧,-1.5659100403762387,1.2406602783440916,0.20792721633463368,-0.14199778362635596,0.6481292279066071,0.06319898099823688,-0.22181793906775718,-0.9079029406566113
E0761,M12,extended,1,欠拧,-0.5034264687772161,-0.3016354333576004,-0.8261648155267445,-0.604104362017058,-0.653027088871051,-0.9339498074179697,-1.1608222076496895,-1.7187524586804968
B0349,M12,benchmark,0,合格,0.4144489678444262,-0.559043239723331,-0.7139667058501858,-0.594462419648879,-0.7549840822741559,-0.8057071574071095,-0.8027424432018474,-1.1204901310995985
E0264,M24,extended,0,合格,-0.40056607363678387,1.3728836707937053,1.823995786745912,0.5420294960538903,3.1204175308232016,1.6069622967379724,1.1725842525680408,0.722044197333912
E1041,M12,extended,2,过拧,0.4549033181511414,-0.45603984154049493,-0.6311686260801197,-0.5186435666839533,-0.4998750771049188,-0.7052906229288066,-0.7050107768093954,-1.0987395807913063
E0695,M20,extended,1,欠拧,-1.5549162293692627,0.709168525582242,0.0789228534821291,-0.23811133246660882,0.35385970844738307,-0.07559384547874472,-0.1753432595930537,-0.9165176249079292
B0815,M20,benchmark,1,欠拧,-1.0759309733398381,0.5658470805679655,0.09265705453532908,-0.22895785704446295,0.0881925816394439,-0.022097665447811696,-0.026516413677542344,-0.6069999623747561
E1158,M16,extended,2,过拧,0.42220930502582127,0.2814274062178672,0.14500198528755287,-0.4044062531831696,-0.10588784710017357,0.028527613569929746,0.04568564155279008,-0.4262748842513594
E0285,M12,extended,0,合格,0.29955286457544156,-0.16044863771753173,-0.7154399812909343,-0.5838654890522078,-0.5419443331700184,-0.7656032361574274,-0.9565853183527329,-1.1934705590300911
E0672,M24,extended,1,欠拧,-2.4347444573098995,1.5776799912540511,0.6488130768421845,0.04968390376185457,1.0611661339641139,0.5260310683064997,0.14821759398769718,-0.590900889323534
B1123,M20,benchmark,4,虚拧,-0.7707628991788773,-1.935288711297327,-1.1412493231214922,-0.6550534097847336,-1.1972959088647241,-1.2565919865807431,-0.7496336605448748,1.7742576170232738
E1649,M12,extended,4,虚拧,0.665653956605132,-1.9354860429985692,-1.145958347956181,-0.6581236420226001,-1.2221785142369272,-1.260289067019036,-1.449288835182231,0.5517361664789534
E0563,M20,extended,0,合格,0.18508789114986782,0.5832322115380896,0.6296168435068021,-0.3544210612081493,0.5038751367401042,0.5584949562419786,0.5731417910417091,0.16936027011814317
E0220,M24,extended,0,合格,0.3369533784913304,1.131463164524698,1.6228773193566208,0.5474395981593293,0.6349625695348099,1.5537792574507368,1.4048138211462793,1.1217716563002136
E1117,M12,extended,2,过拧,0.8196032381897472,-0.7392697567052653,-0.6356266484323105,-0.6249266541597958,-0.7073140663625458,-0.7287251107529965,-0.4882967395219379,-0.9004491003824208
E1140,M24,extended,2,过拧,0.9198409267827637,1.6874571084292385,2.4755709484319124,1.0464150104545942,2.7677963905962386,2.3549412736933357,1.679796499121363,1.4251796136906083
E0666,M16,extended,1,欠拧,-1.0387819518326058,0.42890594653725295,-0.5070369853334982,-0.5036207531784489,-0.48022925119510296,-0.5925994609890034,-0.7835952348302577,-1.312457066685708
E1155,M20,extended,2,过拧,0.6818213257330386,1.0360607580205567,1.309489806806587,0.524896040547824,2.4303404396614767,1.0821561259340104,0.9439504038717912,0.35026863939582364
E0107,M20,extended,0,合格,0.12864580915000098,0.8165540722111284,0.6148950022507299,-0.1348195886295458,0.41783163255145767,0.531768767515471,0.49755975912230704,0.06906946019942987
E0578,M16,extended,0,合格,0.18030953538539854,0.1944108710322929,-0.15897293416880975,-0.4622315637110866,-0.09329486695496016,-0.21695818085902993,-0.2259350383326342,-0.565759452660999
B0919,M20,benchmark,2,过拧,0.9984143407443856,0.5199008797086242,0.8988715717428581,0.16812166212205462,0.16118951350637337,0.7419676076800547,0.9888609451978295,0.6290850335865327
E0774,M16,extended,1,欠拧,-1.3767877490666907,0.3526009464456649,-0.5298509283622741,-0.4912699078787814,-0.5116310362921923,-0.648084815186265,-0.8453517238034133,-1.5553178461111643
E0510,M16,extended,0,合格,0.2234584472134315,-0.15706460033310488,-0.1051656411272504,-0.4260951523780365,-0.04468167357398187,-0.18211872626367104,-0.004564543798001421,-0.4709673773707865
E1062,M16,extended,2,过拧,0.20096784038216672,0.3577328100130177,0.09349736719412635,0.08037614253486748,1.0424585196849763,-0.021695775551215265,-0.04199598776950366,-0.6514175187627577
E0127,M20,extended,0,合格,1.0210845850104049,0.052300067944954357,0.6745517444496317,-0.19915621220922441,-0.1739971793324429,0.5510708209658646,1.113722318099886,0.6350114475750281
B0809,M12,benchmark,1,欠拧,-0.6029815351181652,-0.48653028155903055,-0.8463541456407054,-0.5188826212738339,-0.8614734673542622,-0.9805939258799825,-1.1372702424226637,-1.825183522267703
E0040,M24,extended,0,合格,0.9816721318252651,0.7937880832774548,1.6665299250084284,0.2714093576342729,0.6281933689772827,1.5867387938734294,1.7311074218373417,1.4527343838845392
B1041,M12,benchmark,3,滑牙,-0.05232094262169168,-0.39355582699307146,-1.0421906477461278,-0.21325922326812402,-0.7678015726526964,-0.9623911264133791,-1.0772576775922729,-1.3910889718732706
E0999,M20,extended,2,过拧,0.8460458685856111,1.0662277377528007,1.2618266180105193,0.6211185666823031,1.32302282688908,1.0550376706402325,0.9814717408403428,0.41014374979505547
E0397,M12,extended,0,合格,0.6643605670748995,-0.459906027623873,-0.7131864155241598,-0.6234973825427347,-0.7274531725979123,-0.7800963249844224,-0.8188692468725667,-0.9583080080845362
E1238,M16,extended,3,滑牙,-0.2844484358114689,0.2427458792394605,-0.8388240711657687,1.5629938465182864,-0.17583021087293157,-0.41581949283102654,-0.42123656372284907,-0.8174182074920572
B0317,M12,benchmark,0,合格,0.5913199861037165,-0.6745932997331897,-0.7106054552149967,-0.624041894841511,-0.8385600028845311,-0.772013677970742,-0.7280952984517625,-0.982991216861362
E1285,M12,extended,3,滑牙,0.1350768293142125,-0.5047662623523601,-1.0410611365748872,-0.3405252526029828,-0.8080609012992568,-0.9549007053101101,-1.0040488207949834,-1.2838636466175033
B0337,M12,benchmark,0,合格,0.2045965165642078,-0.6874279637778905,-0.6942302715198623,-0.605763285783469,-0.5461979302021133,-0.790338658598029,-0.7331472848859567,-1.3002682049258645
E0278,M16,extended,0,合格,0.1668367277788098,-0.18610766012982158,-0.13779050727627007,-0.4903208627447239,-0.25364563321975975,-0.225317603060449,-0.032898816468072314,-0.5718997063294924
E0001,M12,extended,0,合格,0.4600409487851204,-0.7946909282714144,-0.7183374229910732,-0.6010051982812773,-0.7407392646559554,-0.7884329265331286,-0.6371595426362691,-1.1236977262995576
E1262,M16,extended,3,滑牙,0.09404763921628266,0.23490034482610647,-0.871339805800659,1.4245400469107958,-0.09028098993598598,-0.4147599333227239,-0.3566214774435127,-0.5769096645465707
E1071,M20,extended,2,过拧,0.541775981598422,0.9013605655450121,0.938180743132311,0.24616440695116454,2.266395739454365,0.8662254539530799,0.7789068612885109,0.3890347185267543
E1743,M20,extended,4,虚拧,-1.6890335381569792,-1.910792923052149,-1.1344886258211684,-0.6566285758753454,-1.2000841469085253,-1.2557543736942192,-1.5454024276277885,0.9934678483018595
E0400,M24,extended,0,合格,0.45820864695062435,0.7747833204488654,1.7042075802616448,-0.19305458936774178,0.45917745587102793,1.6041855410686872,1.6410885745917552,1.206329975476272
E1760,M24,extended,4,虚拧,-3.404535112575595,-1.9150548999706234,-1.1409874074875814,-0.6648778038434933,-1.2001897809601492,-1.2562810686804164,-1.5514612156289391,0.9094899511143649
E1492,M24,extended,3,滑牙,-0.0477581517789273,0.9798591947362799,-0.1709119218145791,4.638723340413898,0.6060373733176518,1.1177396600950498,1.0970561564468688,0.9204874203713667
E1313,M12,extended,3,滑牙,0.09713740309406017,-0.28809833937214524,-1.0297933077410144,-0.15741495642860182,-0.5910526645008417,-0.9128479715835776,-0.9963360016481176,-1.3541558042851731
E0354,M16,extended,0,合格,0.024420169505434658,0.3401209952747052,-0.11649894886960095,-0.2654184897537284,0.18181377915210162,-0.2073827355625861,-0.27954722177308533,-0.6973014043850265
E1696,M24,extended,4,虚拧,-2.439091683230959,-1.9393691190117839,-1.1444741593640195,-0.6513439026494853,-1.210434977574978,-1.2567389861008933,-0.10402215573380809,1.730389934098122
B1152,M24,benchmark,4,虚拧,-2.665327068560788,-1.9346887736171892,-1.145041643237493,-0.6683953775685674,-1.214258507378283,-1.2601959288292588,-0.8471675623438175,1.538025867677732
B0733,M12,benchmark,1,欠拧,-0.23914387476638174,-0.7371856998068754,-0.8055826119619173,-0.652707725753241,-0.8547119311657493,-0.9140117635181223,-0.9552009661981673,-1.5805814768765547
E0099,M20,extended,0,合格,-0.4728162498950475,1.1306286986278788,0.5600564164006467,-0.03202688533526162,0.8337673065940675,0.5712415732241928,0.2799108346655327,-0.2995290510644136
E0759,M20,extended,1,欠拧,-1.4410620232218543,1.0441485129884194,0.13704629790751094,-0.14116336547707872,0.5696112719980547,0.02806706614594456,-0.17609836076827107,-0.8777820943027114
B1195,M20,benchmark,4,虚拧,-1.7378589929232553,-1.8923759974876206,-1.140501772249705,-0.6643005601526497,-1.215219235824022,-1.2584676258359058,-2.0951700189844464,0.9519524018566774
E0303,M20,extended,0,合格,-0.04506359025760905,0.49887846485823706,0.6670707791560531,-0.2184147067364983,1.071266744556324,0.5850942149144763,0.5802073806098169,0.0669005148737439
E1216,M24,extended,3,滑牙,0.18311187936756898,0.8730746187062929,0.4015210658246941,2.7133968219974176,0.20435818904600236,1.1905629240338724,1.265947119303877,1.0588111448038788
E1207,M20,extended,3,滑牙,-0.028644728721047102,0.4596055740908454,-0.11670629874644695,1.3235312167682405,-0.0647778762325679,0.23812958951042112,0.41557734581296524,0.04844920534255157
E1659,M20,extended,4,虚拧,-1.6736565737419933,-1.9343584954833777,-1.1365402982868034,-0.6648928034746785,-1.1914350870763666,-1.256960727232104,-0.804792003534581,1.0065426173074061
E1094,M16,extended,2,过拧,0.7512691580091317,-0.03116417962315004,-0.02296778468489646,-0.3621943146244867,0.006916354807337783,-0.058468461930010276,0.20402316655616165,-0.22508229389965423
E1328,M24,extended,3,滑牙,-0.2667721122316255,1.3374032517862209,0.3873667084420955,4.417274939870983,1.3794826126089765,1.2483317035735984,1.0094644201216245,0.8009204907271859
B0878,M16,benchmark,2,过拧,0.721090068970374,0.035807772389855365,0.06136904943439588,-0.13808323780993745,-0.19452326670167824,-0.05652264175833721,0.20679187086529288,-0.3093351278185739
E0369,M12,extended,0,合格,0.005773803777916877,-0.0903141007379881,-0.7112329614212415,-0.5927741974398163,-0.6479497620630261,-0.7810573064770137,-1.018827229509957,-1.4290913378613548
E1088,M24,extended,2,过拧,1.3732458121031452,1.2998302926473289,2.471756802013086,1.0512402546640403,2.5549287535795258,2.3398090865389447,1.9680653620603954,1.7968329775258405
E1095,M20,extended,2,过拧,0.6871385938017719,1.10440687005856,1.101834361720938,0.2326586963591493,0.9833125679923024,1.0954068472003287,0.7872848886135446,0.529557936810667
E1568,M24,extended,4,虚拧,-2.8843410290134863,-1.8584786686526924,-1.143197320648704,-0.6609770567976981,-1.1976407825349886,-1.2611440451749207,-2.1212749453276842,1.3518020549258347
B0457,M12,benchmark,0,合格,0.6020263772150848,-0.5756304227846015,-0.7106272815178227,-0.6424285076838729,-0.8229781885724609,-0.7832950071576613,-0.7453907110841281,-1.042713584632025
E0978,M16,extended,2,过拧,0.24695502367932123,0.558530483250339,0.09342097513423563,-0.3617233095618077,0.1121244187792427,-0.034523207760178566,-0.12985740308589694,-0.5344166652785445
E0807,M20,extended,1,欠拧,-1.4655645693223693,1.179338054596574,0.23673247948912024,-0.2567590219863227,0.09474436337016567,0.09704902199855549,-0.18963624612395844,-0.8640047092057453
B0182,M16,benchmark,0,合格,0.47883102446044246,-0.13833907824206845,-0.19914424451988574,-0.516210150696005,-0.33740929006178594,-0.21332233234947717,-0.019342952512974923,-0.349811924389483
B1072,M24,benchmark,3,滑牙,-0.24406594047865535,0.9992931769947218,0.033398642363000094,2.8177778612933637,1.3813159932419052,1.109615770643804,1.062699052974467,0.7321863078709246
E0520,M24,extended,0,合格,1.0317191211478716,0.9063320026615789,1.705538984734025,0.009985871620223807,0.49728396398031127,1.6206939336335464,1.6398300726330592,1.586384183882826
E0359,M20,extended,0,合格,0.3735634876942996,0.7180004180737228,0.6212519129487745,-0.2883128187518059,0.7891144328709736,0.6003227799450133,0.5613658084281962,0.2633886322655091
B1131,M20,benchmark,4,虚拧,-1.5856701581992345,-1.8432993509434952,-1.1369113454348438,-0.660927825243754,-1.244589694263849,-1.2591409606618726,-2.1225334472863806,1.081355956780732
E1208,M24,extended,3,滑牙,-1.0679191437497875,1.3797534815422532,-0.09214625149159864,3.352720751504776,1.2109599478637743,1.028301048198863,0.6969424265785791,0.26983437119114023
E0653,M12,extended,1,欠拧,-0.2230842880993285,-0.5162378259437428,-0.7876304778876112,-0.5744952643733687,-0.5679718900256658,-0.9019968304898618,-1.0096941010097056,-1.5446258621113016
B0260,M24,benchmark,0,合格,0.25061962734831333,1.1472066415604476,1.6095523614814065,-0.04218669227751014,1.1989005089070355,1.5925511174201352,1.3345714332516303,1.139062121854278
E0299,M20,extended,0,合格,0.5160159734546258,0.5486786933071723,0.5837925207238169,-0.4108303395407715,0.06212164869841027,0.5748555598852667,0.5970173710581135,0.4308861987547895
E0237,M12,extended,0,合格,0.11007129839638484,-0.3997101482924679,-0.7330647208228517,-0.5532560771618112,-0.6153518732013197,-0.7891214554686328,-0.9093195805039916,-1.3172226366970754
E1302,M16,extended,3,滑牙,-0.7867865583589795,0.5449596962749919,-0.9216821732686061,1.4579710359278388,-0.1271345700253495,-0.5659483945629757,-0.7071502301391787,-1.1105007631911552
B1091,M20,benchmark,4,虚拧,-1.3277826568656608,-1.9353619602514922,-1.1388375166592297,-0.6594167400909029,-1.2208446991344986,-1.2575124353521454,-0.7674684311595384,1.3006332743550624
B0219,M20,benchmark,0,合格,0.45292730636884204,0.4617339940587623,0.6123194985172733,-0.06302647230148305,0.06194112710746567,0.5036087699982259,0.6921780977349439,0.33902678193311037
E1141,M12,extended,2,过拧,1.0191804282020072,-0.6163661973632999,-0.6265687327595605,-0.5922542654500902,-0.8152133354317238,-0.7143580588482376,-0.5438146544998429,-0.791268669480964
E1665,M12,extended,4,虚拧,1.7341374185249554,-1.9288359901764045,-1.136960454616202,-0.6549135754074705,-1.2258083420662558,-1.2561670866141483,-1.474135259566773,1.4602493212101584
E1543,M20,extended,4,虚拧,-1.7522659151905668,-1.9273356075057522,-1.1382372933315175,-0.6653208395448572,-1.186642923482164,-1.2594901718944391,-0.8028862719971268,0.9397024430454061
B0655,M20,benchmark,0,合格,0.16759120500477878,0.6660789008941377,0.6074795158656291,-0.2243191279366312,0.068435914979845,0.5068908035689178,0.49029640496069,0.13703992991284364
E1388,M24,extended,3,滑牙,-0.27916709522968663,1.4016469477301843,0.3694309440949091,2.7934834899359,1.6736554694570103,1.3442089973647127,1.0683623117885992,0.6983996384313581
B0890,M16,benchmark,2,过拧,0.8964162052907751,0.020538787645974794,-0.010477682892773062,-0.4157100688385252,-0.474962279011489,-0.10376628720294967,0.1802015223379864,-0.1372858309979233
E1257,M12,extended,3,滑牙,-0.12184062987168698,-0.2208016415049091,-1.040908352455106,-0.6537192843254436,-0.6552513578870013,-0.9584977867167151,-1.1194894076062296,-1.461320032489513
B0244,M24,benchmark,0,合格,0.6108645390050065,0.9100355107571412,1.7132818656615143,0.2822316967392888,0.8839742273980473,1.626673762589201,1.6043942531960607,1.2786383358410585
E0474,M16,extended,0,合格,0.13403493219263649,0.13921009155062933,-0.15685578279469706,-0.46233924745559346,0.34705331568456044,-0.17654920831574802,-0.20612262178287655,-0.5374409693242197
E0588,M24,extended,0,合格,-0.16581587389959104,1.6429953783669051,1.7183182850385916,-0.029081000442164905,1.6030341250058153,1.7298914023134184,1.040441546904957,0.8201660619269393
E0911,M20,extended,2,过拧,0.9588941050983938,0.4662665008043283,0.881225005908115,0.10665280569063107,1.793006775258769,0.80264322868456,1.0511208349544634,0.6103587873239161
E1737,M12,extended,4,虚拧,0.6767555500729607,-1.9117249128181513,-1.1397378516507983,-0.6673273130522039,-1.1732667994560975,-1.2576976222559852,-1.5266147912443975,0.5611756609245466
E0615,M20,extended,1,欠拧,-1.1331634600526246,1.0839843756670597,0.29436483210091935,0.1063700110649033,0.904002071283826,0.15818093215452025,-0.018138386352508584,-0.7179522077676185
E1010,M16,extended,2,过拧,0.9950730844579522,0.16512972418315847,0.11727712412294859,-0.29834274552480294,0.2329684157493862,0.008702336317512088,0.26315478001546516,-0.11697106139818367
E0469,M12,extended,0,合格,0.4309396843548898,-0.4942127564971743,-0.7206182716363799,-0.6319821086736969,-0.7527255842033426,-0.7976557027268634,-0.8119654646991484,-1.1303878534309004
E0985,M12,extended,2,过拧,0.7538918645565473,-0.513122203304036,-0.5696239086867774,-0.5401723304552135,-0.6925008654668489,-0.6789493594062849,-0.5167748409872883,-1.0009537499811318
B0173,M12,benchmark,0,合格,0.4563044901422266,-0.6691019098847695,-0.7140158150315442,-0.6089407634614409,-0.8174965721296206,-0.7963272920953174,-0.7218027886582824,-1.1231784013624213
E1223,M20,extended,3,滑牙,-0.7887984976282304,0.7088403976274208,-0.6436369015694173,2.7798330518320973,-0.24339727127055272,0.07035216647532613,0.06787123322466036,-0.39309918532607113
B1134,M16,benchmark,4,虚拧,-0.3890333503255444,-1.9313731621647101,-1.1389466481733594,-0.663380224609558,-1.2046608002805543,-1.255269213148888,-0.7951914314496712,0.8768946741776403
E1538,M16,extended,4,虚拧,0.5086149111427394,-1.8013199161553193,-1.1437375216436454,-0.6508913966507853,-1.1549251041330506,-1.254911238226763,-2.1488541168225375,1.640149589139279
B1187,M20,benchmark,4,虚拧,-0.8232529576141454,-1.9149744259808996,-1.1433501047684853,-0.6524920458687298,-1.2074286061338066,-1.2563608400343704,-1.5513533440324794,1.7296262209552744
E1336,M24,extended,3,滑牙,-0.3535010657311023,0.8695882502777239,0.5031115923278634,1.3305514330977655,1.203729788643108,1.0087809906500205,1.055040169625831,0.6657127159174918
E0008,M24,extended,0,合格,0.09207162743398281,0.9676225967098606,1.7229400046619767,0.3714198356427853,0.9685715878485158,1.5712748364745415,1.4578686680050221,0.9380222741311417
B0237,M12,benchmark,0,合格,0.40305995448099,-0.8353777149708415,-0.6980880705443409,-0.6123339202909353,-0.7105026428958852,-0.7834556268676964,-0.6338335017454295,-1.1262332539338107
B0505,M12,benchmark,0,合格,0.36817436465166414,-0.5015004501505403,-0.7121824055941681,-0.6184425521511034,-0.7667600336404106,-0.7826972047676184,-0.8236335757162017,-1.1456315677621336
B0838,M16,benchmark,2,过拧,0.7230301532657227,0.06582849041517379,0.04295310642503952,-0.2782628589381461,-0.5073007991944833,-0.06883519747196767,0.18189151068252146,-0.2854156321845949
E0598,M16,extended,0,合格,0.6053317060145678,-0.3430415292371284,-0.13300509038169062,-0.4406226721256398,-0.5304347395644817,-0.2534457793750344,0.18652998933028653,-0.27936702409324415
B1156,M24,benchmark,4,虚拧,-2.670931756525129,-1.9354049507949562,-1.139093975717434,-0.6564063786615639,-1.2046800710286805,-1.2557446410278765,-0.18355947952339768,1.5332602976663643
B0768,M24,benchmark,1,欠拧,-1.5662693152457474,1.3441899244061577,0.9847635299384965,0.31303092834398855,0.3937564201056654,0.8242542591212718,0.5895742309023971,-0.12124785499812883
B0422,M16,benchmark,0,合格,0.6250199688636621,-0.20107191744950828,-0.17569188213345205,-0.5463832185902335,-0.3834342415535918,-0.21778481202667968,0.021468468147596717,-0.2366907336709342
B0097,M12,benchmark,0,合格,0.38035378272801984,-0.5216720528817007,-0.7078771673617588,-0.6118142275733672,-0.7753477305049584,-0.8014173452795478,-0.8188512682731567,-1.152688277202043
E1654,M16,extended,4,虚拧,-0.46390623313122414,-1.9253975802306094,-1.142280615930016,-0.6686255271024484,-1.1893726096454225,-1.2608206951510257,-1.4369555159870098,0.8132315465898853
E0657,M12,extended,1,欠拧,-0.46843309648703796,-0.24530997345963768,-0.8220396442926486,-0.543024944427896,-0.6850068418901996,-0.9159224821975833,-1.138816401971919,-1.7446881570115929
E0609,M12,extended,1,欠拧,-0.7798525533774554,-0.2045987221529804,-0.8486077114074801,-0.582354762418781,-0.48951041850052235,-0.9752236258517679,-1.225778887317815,-1.954800916871755
E1450,M16,extended,3,滑牙,0.19507573252221927,-0.07078111855523556,-0.8982625503364113,1.5325916432858682,-0.5145277934975928,-0.5060585566100846,-0.28742184831464057,-0.4999579282732717
B1047,M20,benchmark,3,滑牙,-0.029974045738230693,0.49604651245236225,-0.6498737676019193,2.71668484732869,-0.055976813694968486,0.22041810377567278,0.3785773882273019,0.027156882919967443
B0874,M16,benchmark,2,过拧,1.053024120909757,0.10090673536074699,0.12192612662486613,-0.1178122519134466,-0.0170173245071288,0.008672509496201184,0.3249112689886207,-0.11935384640386748
E1204,M24,extended,3,滑牙,0.15005859137273866,0.8974448392581887,0.6694825856183154,2.3324173788442257,0.6405834292195065,1.2762527042597736,1.2880068607798776,1.044819920026915
E1557,M12,extended,4,虚拧,1.1901593386013494,-1.9294477497835285,-1.139126715171673,-0.670649509874731,-1.236250007130837,-1.2593853587740014,-1.4329462883185926,0.9977140933760906
B0588,M24,benchmark,0,合格,0.6273911830024217,0.7233144437450179,1.6306420265869361,-0.21628616690289346,1.3884040373324873,1.6660262517833033,1.697972863124816,1.313188718423473
E1253,M12,extended,3,滑牙,0.16180687960568352,-0.3208818688517781,-1.0289584516579233,-0.661858684196611,-0.7483536401499201,-0.9458215178476088,-1.0483840469399037,-1.2187036412697676
B0539,M20,benchmark,0,合格,0.5890565544258091,0.24503680191274727,0.6006369699297082,-0.2957913420832982,-0.11999086127736328,0.5186075524707738,0.7893344489462778,0.5104956567651964
E0688,M24,extended,1,欠拧,-1.4913605049531167,0.8583626802544309,0.7654473825681081,0.23239957485386858,0.024596369191962716,0.5919841730208145,0.6083259100869682,-0.03891957819918453
B0059,M20,benchmark,0,合格,0.25597282290399775,0.7102519464715014,0.5993710443658059,-0.47762445636748835,-0.2629195670517449,0.542257100718185,0.46830857788232905,0.24096601439151116
E0942,M16,extended,2,过拧,0.5756196743061719,0.4075476486924658,0.1376028686295715,-0.34821784791702637,0.946903359788769,0.05813140564526537,-0.007279312308903058,-0.37180686290348697
B0319,M20,benchmark,0,合格,0.12922064894121613,0.6432623745841616,0.598099662226197,-0.19600271311104325,0.9357779817297549,0.5205985967966644,0.5396476603409847,0.1525891295012161
E0678,M16,extended,1,欠拧,-1.2039406093459017,0.3036231953753092,-0.5294525983357014,-0.48910704718779596,-0.28124624578638885,-0.6068938295057807,-0.7746059351252861,-1.4352010430041335
E0341,M12,extended,0,合格,0.5617875918300749,-0.7759763443596939,-0.6983063335725999,-0.5492378828993604,-0.6869084570414616,-0.7792777141858734,-0.6694850643753473,-1.001198138186843
E1576,M24,extended,4,虚拧,-2.4523848534027928,-1.9381327696267825,-1.1424061171712652,-0.6579031438336875,-1.2122145219064844,-1.2570933312344945,-0.08088369829321111,1.719086979583981
B0272,M24,benchmark,0,合格,0.2503322074527058,1.117531587253414,1.7136256299310222,0.34954559398538376,0.8442595826009991,1.5727996655653351,1.3993663055250665,1.0257881885071591
E1594,M16,extended,4,虚拧,0.43442465058912705,-1.938566435253955,-1.1415767176638807,-0.6600435038970127,-1.2281945594631565,-1.2566991053593517,-0.06673454055758557,1.577066883540088
B0437,M12,benchmark,0,合格,0.36731210496484246,-0.5757446764229325,-0.7070041152487225,-0.593164783418296,-0.7605782865558259,-0.7927656169382612,-0.800333310880915,-1.1551627077848683
E0389,M12,extended,0,合格,0.2674336912413356,-0.6754254498778723,-0.707375162396763,-0.5858726031646856,-0.5215568049937237,-0.794683404655607,-0.7436647655407734,-1.2373382419552426
B0735,M20,benchmark,1,欠拧,-1.5183061201662935,0.47781277059546146,-0.006707189079598161,-0.20062583854822394,-0.051485768546154775,-0.15688387205760015,-0.1570230667943213,-0.9042371175709438
E1004,M24,extended,2,过拧,1.4304782988159326,1.459353929585261,2.715551148002725,1.2651847121976907,2.944908771128349,2.4780139538889765,2.070327635504153,1.6713701824188791
B0574,M16,benchmark,0,合格,0.4232512021473973,0.12207331469863086,-0.1447094452720816,-0.5144944918168987,-0.18349570924601996,-0.23317251253371962,-0.13054058986347472,-0.4126196932572488
E0187,M20,extended,0,合格,0.3364503936740184,0.31115619668703864,0.6397115085637826,-0.1370623977424284,0.14699977387621344,0.4823662688511106,0.7711221277440056,0.28226762115669585
E1642,M16,extended,4,虚拧,0.41850877386987806,-1.9014203999313246,-1.141773154389314,-0.6638053295539009,-1.202158381263788,-1.2572550445817166,-2.081128732845281,1.5635338866488337
E0553,M12,extended,0,合格,0.5357401637906707,-0.5472035099248009,-0.7087665892019144,-0.6312926505132275,-0.7646112957436143,-0.7874305300223421,-0.785752666759451,-1.065411139237448
E0254,M16,extended,0,合格,0.2624038430682093,0.1376729475867659,-0.18144311292807774,-0.48852560322724486,0.5782893386964691,-0.2095598992793634,-0.18884518774992098,-0.44503167903969043
B0031,M20,benchmark,0,合格,0.5774879036276185,0.3961545001144067,0.6125650444240648,-0.45015489809699605,0.10361403675700931,0.57332892200853,0.7095634033643593,0.47567033745135734
E1172,M24,extended,2,过拧,1.3122409392605143,1.3000878729370755,2.3731946750270105,0.4208536616627585,1.3904772954778521,2.2898926611730266,1.8980926531568958,1.7317340692295335
E1009,M12,extended,2,过拧,0.7081202461810983,-0.5871484338816434,-0.5670211220747884,-0.44047986512411874,-0.6654242305970349,-0.6988311803271468,-0.48117721415560033,-1.0528862436947517
E1237,M12,extended,3,滑牙,-0.14490607649416587,-0.4303715184879035,-1.0489295187436254,-0.12789238550777976,-0.7523050554304733,-0.9638855678644392,-1.0735001503155945,-1.511969488123149
E0811,M20,extended,1,欠拧,-0.8646054950946329,0.6050491104564211,0.20854380938946546,0.01756059050133766,0.17923215430660508,0.07289558259958433,0.1423026347818262,-0.542512024592726
E0972,M24,extended,2,过拧,1.0920413717384359,1.6799532445484597,2.5749679315010785,0.9590648978603226,4.566661461754829,2.4317485654644497,1.8086491210924271,1.4725603770728575
B1133,M12,benchmark,4,虚拧,1.3003848685667163,-1.8402734499698383,-1.1384773826626025,-0.6670975889483834,-1.2250934437251837,-1.258001166751045,-2.1119979880321536,1.0914369702663171
E0809,M12,extended,1,欠拧,-0.7233386164036867,-0.2677410814695629,-0.8492406741894314,-0.5183895160324662,-0.6584563629092272,-0.9847332372437473,-1.197498550445974,-1.9192118844150685
E0210,M16,extended,0,合格,-0.24643715461741494,0.47543833017181114,-0.19115581768560494,-0.31551698347505386,0.7182700435167348,-0.22824810451337862,-0.3379417126565815,-0.8261245373205172
B0180,M24,benchmark,0,合格,0.3735634876942996,0.8151656053513705,1.7497427045321867,-0.07866256480422829,0.9449440183680093,1.6204132874610881,1.5987309943819286,1.1368320794771636
E1590,M16,extended,4,虚拧,-0.3967218325330374,-1.936364383337312,-1.1426134670481112,-0.660777690291406,-1.1700817993942143,-1.2598920564887988,-0.8255393072536557,0.870357289674867
B0146,M16,benchmark,0,合格,0.47628017288692853,-0.3089489354541026,-0.15686123937040355,-0.46993816862912974,-0.3523252165298832,-0.2595866341672219,0.1219508602497702,-0.375717074194865
B1190,M16,benchmark,4,虚拧,0.5279798266092761,-1.9365463560580132,-1.1407582313079094,-0.654135984738695,-1.2081978890693386,-1.2547024635039812,-0.1310080334481332,1.6566152444990683
E0204,M24,extended,0,合格,-0.7046922506761687,1.840773243167787,1.6616408331754262,0.5695206890816297,2.89345285818949,1.6494102518218254,0.9529576821761724,0.3961830735438057
E0487,M20,extended,0,合格,0.8514709191151967,0.2443604265956086,0.6111354215889682,-0.3986580772206735,0.13554070711221144,0.5322599151093304,0.8552979301813602,0.6506828412662555
E0351,M20,extended,0,合格,-0.177097104802174,1.059344651654282,0.5438558431281193,-0.12769783448375846,0.6079530217092541,0.5491290543602173,0.28947544955162224,-0.003666579525351516
B1076,M24,benchmark,4,虚拧,-3.187640873853,-1.9142435541916922,-1.1381445315445073,-0.6659614931662563,-1.2149698912328422,-1.2577022689800421,-1.503278569210291,1.0939114008491426
B0952,M24,benchmark,3,滑牙,-0.12130171756742343,1.1405914269235788,0.22006809728154264,3.5280353727835068,0.35712215941746184,1.274024568770885,1.1210216294603232,0.8263368641211458
B0974,M16,benchmark,3,滑牙,-0.29547817430539586,0.04528809892287154,-0.8934334808361801,1.5974385844849703,-0.2856421320008289,-0.4856862986341619,-0.4149800111281888,-0.8263689255262281
E0654,M16,extended,1,欠拧,-1.050997297395912,0.4952056541674395,-0.4405813498043275,-0.4424920142895136,-0.15328496044372475,-0.5658527888105052,-0.7470986780280727,-1.3491152975423804
B0542,M16,benchmark,0,合格,0.26150565589443653,-0.08624348641635249,-0.17428954217688772,-0.4840947864393906,-0.10269264924324006,-0.23863887877222087,-0.043524168719348735,-0.5337140491871246
B0722,M16,benchmark,1,欠拧,-0.6806567619060154,-0.06455433842399753,-0.40908053825084184,-0.3948777732113761,-0.44816096055345195,-0.5492015230823369,-0.4569959979492265,-1.1651215271675979
E1066,M16,extended,2,过拧,1.1621718262665963,-0.0444885761311754,0.08547074432990019,-0.17496398328868976,-0.07447101898027916,-0.03200276649898313,0.362864092343011,0.002687513823137933
E1758,M16,extended,4,虚拧,-0.7479489449650544,-1.9200987450462197,-1.1420187002961053,-0.6686673862239054,-1.235112143535662,-1.2606093545617356,-1.487079851141932,0.5717149022958404
E1294,M16,extended,3,滑牙,0.4074790353759506,-0.08003214321488229,-0.8792682103021685,1.4624750153291524,-0.5888142552617621,-0.45239499208847844,-0.19857161003070029,-0.3895555563432599
B0363,M20,benchmark,0,合格,0.31787588292040125,0.3055549937999953,0.6449716475448254,-0.24727406608361932,0.37505965033776983,0.505732846658395,0.7618271918490644,0.271942219465399
E1287,M20,extended,3,滑牙,-0.819947628814662,1.1308993705385313,-0.5178191789294946,2.579217606927068,1.1867892213408289,0.24546501226334555,-0.0024071118688081348,-0.413505600502952
E1728,M24,extended,4,虚拧,-3.0932952931199313,-1.9261483270441473,-1.1343085588228548,-0.6493743646412709,-1.2149504544323098,-1.2567540664699606,-0.8378007120512371,1.174131829373828
B0614,M16,benchmark,0,合格,0.775053154370629,-0.29049078372186843,-0.1700006736715976,-0.5318363424536777,-0.38539410930357604,-0.20238471047807047,0.1339066288573824,-0.15714237271195408
E0819,M20,extended,1,欠拧,-2.002069731960188,1.3272967728883103,0.021656091442663908,0.2062216034055816,0.8377648494115763,-0.12885509924540747,-0.42409516102903017,-1.2474498039665418
E1423,M20,extended,3,滑牙,0.27990052921329833,0.38678694872095193,-0.5849350601191489,2.765976505883884,0.23548802432135604,0.25093053965648165,0.46845240667760873,0.2885606174537576
B0523,M20,benchmark,0,合格,0.39425772017801886,0.4392023150754141,0.6175250717412514,-0.388474541381229,0.44162600748153175,0.5784126102137344,0.6971401911720885,0.3498715085615424
B0825,M12,benchmark,1,欠拧,-0.29084352848872935,-0.446828385837549,-0.7990238079627332,-0.5684929742841018,-0.7463139637029685,-0.9147587701648813,-1.0121931263276878,-1.6358743084187024
B0738,M16,benchmark,1,欠拧,-0.9764836894597416,0.04073366552424303,-0.558372449580024,-0.5891790321815897,-0.5908227631189208,-0.6584700895885369,-0.723169162213438,-1.272957822937643
B0044,M24,benchmark,0,合格,0.46701088125359547,0.9943340672529967,1.6481412648776044,0.41820982039914123,0.41891688337543864,1.568803005330075,1.5361654684353259,1.144469210905637
E0404,M24,extended,0,合格,0.21620109484934938,1.0317835149164538,1.7993702605825856,0.479445216093487,1.4580706656499476,1.610868083385856,1.5199847289663766,0.9546712206452144
B0635,M20,benchmark,0,合格,0.48633986923318107,0.29813785549519917,0.6097439947838168,-0.11553676328179155,0.3171526471916165,0.4876319034862512,0.8102255814606321,0.3599525220471278
E0005,M12,extended,0,合格,0.47128625220075276,-0.845896839094406,-0.6909563260959768,-0.5713077766267722,-0.6145192810635854,-0.7694233806123171,-0.599692141465947,-1.1258055745738162
B0121,M12,benchmark,0,合格,0.5413807792419627,-0.7067760811138314,-0.7224680508008755,-0.6057749281203673,-0.6512962166895576,-0.775797975550778,-0.7076356523232471,-1.0234374649065574
B0937,M12,benchmark,2,过拧,0.9018053283334106,-0.4953310796282354,-0.5822831643258016,-0.6111730488221716,-0.6267795506802708,-0.6642200196662326,-0.5307801699276341,-0.881936693799801
E1673,M12,extended,4,虚拧,1.3322166220052158,-1.91966284417149,-1.1425752710181658,-0.6655546985741347,-1.2248462997587195,-1.2616790673505318,-1.4078661421417213,1.1185029640488273
E0619,M20,extended,1,欠拧,-0.713638194926943,0.4086182505061458,0.21129392354552928,0.016116648640608692,-0.29641921706958274,0.06611209394557929,0.2100280187590828,-0.4420379235197288
B0611,M20,benchmark,0,合格,0.4878847511720691,0.3507940728837113,0.6097821908137622,-0.2951614681455494,-0.0689452778339051,0.5618276561147741,0.7771090013475167,0.349902057087256
E1559,M20,extended,4,虚拧,-1.387781560073667,-1.9211149068888425,-1.1376861791851633,-0.6557766277394292,-1.2130722924516508,-1.2586842084386534,-1.4420794168188436,1.2496172364128597
B1062,M16,benchmark,3,滑牙,0.12437043820284366,-0.05152873942693783,-0.9018529771512726,1.5745263563088119,-0.5694647666003503,-0.4988636930887572,-0.32871869115928043,-0.5530818144897334
E0921,M12,extended,2,过拧,0.385060283518588,-0.1446140276690737,-0.6561433730886602,-0.6258284798909161,-0.5251241295325363,-0.7126532718719049,-0.8423133405031329,-1.186658237795893
E0460,M24,extended,0,合格,1.3157977604686533,0.664614061789958,1.6659187885293032,0.029113090061586074,1.1958608864371383,1.6485642888049223,1.8926810947345025,1.7739826802918481
E0777,M12,extended,1,欠拧,-0.7264283802814642,-0.25440031462800394,-0.8788316842456504,-0.6047396459234663,-0.7451997737693762,-0.9757871821866233,-1.2306151305590896,-1.9313396491234844
B0136,M24,benchmark,0,合格,0.20599768855529352,1.1957037106894521,1.6644291433614353,0.31704885200736954,0.8545948235740186,1.6085176434425037,1.3173299564174952,1.001563207616042
E0565,M12,extended,0,合格,0.6553786953371741,-0.6141840820753565,-0.7098797306460355,-0.6097374146645606,-0.7945323731598484,-0.7869161929855932,-0.7597196548138528,-0.9497849694103597
B0101,M12,benchmark,0,合格,0.41556271993990385,-0.8073308092962954,-0.7135301797936678,-0.6380960919679366,-0.6901148196990257,-0.7840943941412704,-0.664181377549414,-1.1375973054993793
B0819,M20,benchmark,1,欠拧,-0.6409568888252687,0.46974795322415286,0.220542819368006,-0.05516199356863806,0.1276489592400012,0.07526477638701888,0.19402706528423294,-0.356257663315115
E1652,M24,extended,4,虚拧,-2.3964098287332867,-1.8979308157601527,-1.145270819417165,-0.6666170777535245,-1.2436960204879823,-1.2605480185466722,-2.1232166340639584,1.7666815826462283
B0100,M24,benchmark,0,合格,0.29387632163719957,1.0435364133766154,1.696803007027957,0.12365365463354719,1.5868864375971996,1.6359787945452502,1.4434138740794276,1.1217105592487864
E0792,M24,extended,1,欠拧,-2.4058587578013744,1.7492030651890371,0.9052230258651961,0.3288983284244069,1.2682804881272463,0.6982395622180999,0.20787058682988951,-0.6212661238831445
B0560,M24,benchmark,0,合格,0.5210817491147027,0.9476159172127915,1.704687758923815,0.03770134245955369,0.4837905044526228,1.6582957136223535,1.5877460701424533,1.1903225480021915
B0312,M24,benchmark,0,合格,0.524854135244548,1.0586336660127054,1.6917174784695213,0.014313677309500422,1.6446808501089536,1.6232145681499888,1.4591811057619481,1.2611340306069982
E1279,M20,extended,3,滑牙,-0.5951134154759175,0.5455719849246008,-0.7613570658609295,2.910909724214312,-0.2621776587407886,0.010853172901471177,0.06661273126596445,-0.2887454214874092
B0876,M24,benchmark,2,过拧,1.0856822065481264,1.2832787519240814,2.153474741054343,0.6406373585941576,1.3257982065341236,2.0407813087799704,1.767801743233036,1.4993208855982285
E1358,M16,extended,3,滑牙,-0.22193460851689975,0.15440451944765268,-0.9083681285448048,1.2498998469910865,-0.37049644386434966,-0.5546736133401391,-0.4589376866855002,-0.8050766031036443
E0932,M24,extended,2,过拧,1.2469606954707253,1.290216720455543,2.3953647421224225,0.9510871421110565,3.013937342126527,2.175228963092494,1.8754216393009568,1.612044945482497
B1024,M24,benchmark,3,滑牙,-0.5039653810814801,1.1035069362390708,-0.14332893161834326,3.9770472866737103,0.7318011185149209,1.0287055016764866,0.8793353175924543,0.6230669740208955
B0417,M12,benchmark,0,合格,0.5523745902489386,-0.6898144930951423,-0.7041503261542357,-0.6243556668889154,-0.8086158598719849,-0.7904342832355866,-0.6948528681427771,-1.046593247397689
B0172,M24,benchmark,0,合格,0.1751000497775174,1.1241538505698472,1.701915818464925,0.40248984828514295,0.6039754265089977,1.5861375307743977,1.4014338444572103,0.9964921523475347
B0129,M12,benchmark,0,合格,0.4172872393135472,-0.43954488383829876,-0.7096505544663634,-0.6489580301272129,-0.8099293042319325,-0.7831116703742447,-0.8463045895721403,-1.1318541826651671
B0465,M12,benchmark,0,合格,0.3189177800419778,-0.6878340286343646,-0.7058418646232433,-0.5793600088404017,-0.7311258875815524,-0.8059924781337953,-0.7465413414463643,-1.1897130903672821
B1021,M12,benchmark,3,滑牙,0.10802343164018335,-0.5010859824692991,-1.0447388686010521,-0.6014358736655717,-0.783817367291621,-0.968321905361648,-1.021595933819088,-1.3192999364456202
E0831,M20,extended,1,欠拧,-1.2835559204291003,0.9531700906718861,0.20272709968636207,0.0458889239593872,1.1773697338697895,0.05997951310899185,-0.122180541137851,-0.7714732248183609
B0395,M20,benchmark,0,合格,0.2934092643068376,0.49110507328203556,0.6117465580680932,-0.4075749247542187,0.23611920991803786,0.5484664472975858,0.6106811066096708,0.31312163212772837
E0637,M12,extended,1,欠拧,-0.5438089641100301,-0.49207047828637535,-0.8779477189812014,-0.6003004989700158,-0.8049757913863611,-0.9877800384745614,-1.1681215190101266,-1.8325457169647517
E1525,M12,extended,4,虚拧,1.5539969989531328,-1.8930530673506527,-1.1421933107187126,-0.6682213100937914,-1.2356095154440425,-1.2615455568109812,-2.159928934059063,1.307079013280694
B1022,M16,benchmark,3,滑牙,-0.02156701379171984,0.061885996985426156,-0.764789251980303,1.2286111956019168,-0.4048884911820006,-0.43303842632104045,-0.31476729801716447,-0.6901530493679753
E0403,M20,extended,0,合格,0.7761309789791561,0.33341113403772354,0.627586997343993,-0.3151292012473391,0.0024350895303472063,0.5468939346726183,0.8032319062901639,0.5570516099531716
E1296,M24,extended,3,滑牙,-1.658064044405302,1.9751097034364966,-0.02111254894469477,3.64684343032718,1.8232797792006736,1.0277736334785206,0.39867746236761853,-0.10374354976406783
E1541,M12,extended,4,虚拧,1.7979087078628067,-1.9336705811492418,-1.140949211457636,-0.6665073429498201,-1.2083307745428342,-1.2602623737644878,-0.7559441489377648,1.5144729543523203
E1023,M20,extended,2,过拧,0.1786568709856563,1.373017738289267,0.9405216141103894,-0.005059584091791772,1.0918651323259756,0.9207504759168528,0.5501112051975716,0.13309917009575117
E1176,M24,extended,2,过拧,0.8082860798002127,1.6719146743829072,2.8394317862668483,0.9965623106595737,3.783697641116852,2.5250836589887142,1.8162720472422433,1.3876049270625181
E1303,M20,extended,3,滑牙,0.1039276981277809,0.4789693099789242,-0.16387293915322515,1.5155860122062867,0.6029770891641419,0.2769334124673769,0.4065520889091735,0.15069512090695472
B0581,M12,benchmark,0,合格,0.591355913590667,-0.3389377496813237,-0.711434854722381,-0.6425180985169598,-0.7313514817021571,-0.7673355338382707,-0.9027933489181822,-0.9820136640385178
B0730,M16,benchmark,1,欠拧,-0.7023928915113107,0.02589557943987375,-0.465545183661455,-0.4974424361823389,-0.5377577437543767,-0.5575957851314532,-0.5707465964159382,-1.1305711445851834
B1173,M12,benchmark,4,虚拧,1.3838803482406123,-1.8346142660295226,-1.1322896258114588,-0.6509254465404645,-1.1556931710768013,-1.256062059850018,-2.120160272164268,1.1624317440254064
B0859,M20,benchmark,2,过拧,1.8807215652846347,0.46308225224853894,1.1754763074555374,0.2726377416913028,0.6587828149852869,1.0297080504473668,1.3946918696784814,1.1889784128707803
E1535,M20,extended,4,虚拧,-0.671495252733535,-1.9194522419839135,-1.1427171419865343,-0.6677851725711414,-1.1752527906603984,-1.2608867708857208,-1.5173378339488666,1.8586631935707627
E0088,M24,extended,0,合格,1.016054736837279,0.7916173308488572,1.6904242700270868,0.29587760391279594,0.2244385898499406,1.5834500218791687,1.7351526067045788,1.5585239284317547
B0672,M24,benchmark,0,合格,0.10960424106602293,1.0731156150385688,1.7002679326015693,0.22126518230945058,0.8444488866063273,1.5899854027990195,1.4044722277574904,0.9565957777651893
E0380,M24,extended,0,合格,0.12620274003734025,1.4379348830807221,1.634668979458315,0.1390294844448025,1.5722741397237294,1.7033738953326247,1.2746128042194695,0.9261999946798652
B1040,M24,benchmark,3,滑牙,-0.8939223244465689,1.1538031217069578,-0.008873449635069069,3.0212825425082896,0.1480867192019285,0.8786037592498048,0.7889209411598491,0.3364607057731432
E0900,M24,extended,1,欠拧,-2.4447322986822497,1.5776089965711189,0.7670898118557572,0.045100556641032095,0.8568048978686592,0.5870701955486259,0.18841774226833088,-0.6648283215511568
E0700,M24,extended,1,欠拧,-1.0832961081647734,0.9398811148074216,0.9159179142498892,0.1459170152785771,0.9995300552467461,0.7848657990008981,0.7731537094773292,0.18991942792359381
E1518,M16,extended,4,虚拧,-0.4926482226919456,-1.9308845403092303,-1.1381336183930943,-0.6514901334550031,-1.1997390485646333,-1.254766770296323,-0.8258988792418545,0.7887927260187703
E0937,M12,extended,2,过拧,0.7182158700143019,-0.7119782980677403,-0.6028108021335642,-0.606544278512563,-0.6619324570889422,-0.7088903944337912,-0.47612522772140614,-0.9639289368158924
E0713,M12,extended,1,欠拧,-0.5557009622907783,-0.4327152823894544,-0.8160428675912317,-0.5196089674265194,-0.718715167774469,-0.9487756267303038,-1.1136104055991782,-1.7875477385881857
B0287,M20,benchmark,0,合格,0.4021258398202662,0.32576458275308096,0.6054987788841784,-0.14018613044505177,-0.09524241951338479,0.5100655951755168,0.7670409856779483,0.2967476223450808
E1308,M24,extended,3,滑牙,-1.7674632421707979,2.213433745081544,-0.28581103646584344,4.466992906651903,1.4952596275630723,0.8972443507966053,0.3140701735444247,-0.19621393710002427
B0502,M16,benchmark,0,合格,0.5492848263711606,-0.22012711129982845,-0.16703775306298127,-0.47296107260078946,-0.35331074041365074,-0.19367753376395186,0.06562390829841744,-0.2934498944473492
E1514,M16,extended,4,虚拧,-0.26767029940539777,-1.9210105533729431,-1.1394431965626488,-0.6668370543256932,-1.2198358275942487,-1.2598991865329372,-1.4977950963902584,0.9800875940391739
B0064,M24,benchmark,0,合格,0.009402479959957938,1.1061699901019981,1.7209047019234616,0.4165126380916391,0.42323223573568153,1.5552151054910275,1.3558041591547738,0.9333788982226302
B0629,M12,benchmark,0,合格,0.5797872627924765,-0.8059372720612005,-0.7124825172580244,-0.6465832481927773,-0.7758979090690877,-0.7678901417891777,-0.6677411402325826,-1.0094767886553084
B0548,M24,benchmark,0,合格,0.30293004834882614,1.1335212396794752,1.7040438829904507,-0.039146577690332376,0.607555025571521,1.6356585669782127,1.3933614533221454,1.1272092938772866
B0293,M12,benchmark,0,合格,0.4395263537361555,-0.501544441576752,-0.708040864632953,-0.6177208947035397,-0.7939248370879509,-0.7835673072389329,-0.8265461088206124,-1.1161522404482258
B0175,M20,benchmark,0,合格,0.704132295129548,0.21424702550094296,0.54441241385018,-0.427859224029728,0.6290694535556434,0.5582207134980759,0.858785778466889,0.5288858692449606
B0279,M20,benchmark,0,合格,0.7097729105808399,0.4689235594648912,0.5874811659013947,-0.3332307452997862,0.6173882873915391,0.5420245080736122,0.7036304655590778,0.554210597061779
B0008,M24,benchmark,0,合格,0.5588056104131501,0.7407506260829095,1.7237421212908288,0.16248020894353832,1.0773129555544156,1.5999846093201535,1.6914286529395968,1.228569302195987
E1628,M24,extended,4,虚拧,-2.9416812981871256,-1.9324549944197795,-1.1403926407355756,-0.6630083676887344,-1.2088037502180349,-1.259158687622818,-0.893408520026192,1.3030466078864604
E1640,M24,extended,4,虚拧,-3.354991108070301,-1.9283713083547358,-1.1394431965626488,-0.6699616002567221,-1.2005264822092034,-1.2597833933575433,-0.8446146012276057,0.9516163680738248
B0533,M12,benchmark,0,合格,0.2376857320459887,-0.7370862051893906,-0.7051925321141724,-0.6084653631624021,-0.8052455686733342,-0.7975706372158039,-0.7165889948293988,-1.2856965581603366
B0156,M24,benchmark,0,合格,0.37288086544223226,0.8297681756281864,1.7531094117430823,0.05200679049970033,1.113131119463139,1.573186835629363,1.5983894009931396,1.1816773152251594
E1732,M24,extended,4,虚拧,-2.921022993190357,-1.7971331331196974,-1.1354762660240407,-0.6524251005139032,-1.2268564489277332,-1.2567710761248243,-2.1760916949286018,1.3206120101719494
B1169,M12,benchmark,4,虚拧,0.8967754801602844,-1.9303979539883758,-1.140294422372859,-0.6560774005866142,-1.2294863214591476,-1.2578805589903108,-1.5529534393799644,0.7482548323964331
B0621,M12,benchmark,0,合格,0.5188542449237469,-0.4767760498884207,-0.7100161450386973,-0.6441814919084095,-0.7995555371670885,-0.7815091880154524,-0.8502958386411475,-1.0275615158779334
B1127,M20,benchmark,4,虚拧,-1.1240019508801447,-1.8029617643800293,-1.1405072288254114,-0.6612769812792232,-1.1907493650156207,-1.2559504987713053,-2.1695654633427925,1.473904512204269
B0111,M20,benchmark,0,合格,0.39917978589029246,0.40986099479315935,0.6171594811689175,-0.42361808993781014,0.20481592450339348,0.5723813778542947,0.7113792419047636,0.35854728986428847
B0498,M16,benchmark,0,合格,0.7382634077329054,-0.20436506733088639,-0.18950793182224923,-0.5213798279653007,-0.4671922273338402,-0.2311710769100124,0.03759527181831577,-0.12320296064381782
E0832,M24,extended,1,欠拧,-1.3051483400865922,0.7016339646960345,0.7142919853198959,0.020178823477002946,0.061479896683840074,0.6493885970091515,0.7220585299542699,0.048143720085412914
E0209,M12,extended,0,合格,0.34640230755941775,-0.5295526359260024,-0.7177863088447191,-0.6506083052914567,-0.7262080778164546,-0.7758057681349321,-0.8416301537255548,-1.1827174779788006
B1154,M16,benchmark,4,虚拧,-0.0960087667539882,-1.9290732587006123,-1.1335828342538934,-0.6553969813417381,-1.1965616917869695,-1.2561918230178681,-0.8538915585231363,1.126048449900159
B0972,M24,benchmark,3,滑牙,-1.1247205006191632,1.2443606523403825,0.2521800453141538,2.024884032890037,0.1370393142082303,0.8915789131460858,0.6488496731569804,0.23568111944300701
E1144,M24,extended,2,过拧,1.9556663030642165,0.8850996065677645,2.4703817449350534,1.0594834506396966,0.7993819527540237,2.1712449565027647,2.3904365979981947,2.027291055511457
E0253,M12,extended,0,合格,0.5922541007644397,-0.870969724832166,-0.6904488645552745,-0.6093585356830592,-0.6951473970398725,-0.7849441549831461,-0.5391581972526676,-1.0386506307120769
E0218,M16,extended,0,合格,0.35822245076626474,0.41244991552927635,-0.16579365380190472,-0.3970354221121302,0.49433685986539316,-0.17722591213844527,-0.2657756146250686,-0.42975741618274343
B0851,M20,benchmark,2,过拧,0.8869672762226878,0.5684756912505956,0.8954339290477783,0.19901639470242907,-0.05677771470692735,0.7850445914672723,0.9784333575400622,0.5079906776566573
E0815,M20,extended,1,欠拧,-1.5480540793616404,0.5053970287630276,-0.06466693623378586,-0.2948365861162138,-0.19696478139817974,-0.142762943841867,-0.21475234949964944,-0.9173729836279181
E1352,M24,extended,3,滑牙,-0.8373724599858499,1.2521971490003576,0.2774221645323114,2.317826150443494,0.8981355285705616,1.0140561697830417,0.8418139806239027,0.396030330915236
E0242,M16,extended,0,合格,0.31094187793887773,-0.011609194407746194,-0.16993519476311988,-0.4667899693445368,-0.1742884263306825,-0.22928222290192218,-0.11959162282281904,-0.49094611318767295
B0378,M16,benchmark,0,合格,0.8470159107332851,-0.11052720304934421,-0.1559554478031286,-0.5095083805228952,-0.16391344849687978,-0.20823539404053526,0.002968489354765052,-0.09387637595848031
B0982,M16,benchmark,3,滑牙,-0.2748198693086272,0.07718536395208925,-0.897651413857286,1.5108666195263778,-0.45870517149561996,-0.47095612691331806,-0.41510586132405847,-0.8399324709431969
E0201,M12,extended,0,合格,0.020108871071326775,-0.2349755300527251,-0.7189540160459049,-0.5802761513401702,-0.5913405635176746,-0.7789731625278846,-0.9928121961637688,-1.403674964467395
B1115,M20,benchmark,4,虚拧,-1.2928611395493839,-1.9368059642312478,-1.1382918590885822,-0.6588838524563975,-1.231631906213593,-1.2569636464737466,-0.7824805616668413,1.3303264413489677
E1033,M12,extended,2,过拧,0.5031180056392517,-0.5831572342286876,-0.6423327799755695,-0.568697482271143,-0.7286779251600486,-0.7466150599183086,-0.6353796612946846,-1.1386054068479379
E0664,M24,extended,1,欠拧,-1.7107337402753244,0.9909971982456397,0.8098529956674095,0.3376137540332779,0.6227464101675128,0.5882932195578839,0.5557205282134736,-0.16765106555753426
B0577,M12,benchmark,0,合格,0.4291792374942959,-0.36170094767788347,-0.705530839807974,-0.644638992598891,-0.7238599386785061,-0.7801000150924168,-0.8671417862882647,-1.1425767151907438
E1122,M16,extended,2,过拧,0.5929007955295555,0.24693325044517228,0.11831387350717901,-0.21999842328129174,0.7678216904472375,-0.0122430606850753,0.10424193983097574,-0.35784618665223766
E1479,M20,extended,3,滑牙,-1.0071657633158124,1.4965520803862544,-0.6421636261286687,2.759937509250568,1.4381505524582872,0.15021401267048853,-0.2186357269721971,-0.4983083078847218
B0910,M16,benchmark,2,过拧,0.7978671085844514,-0.07063344984419306,0.018114773809161006,-0.44119795429709435,-0.03387586425329144,-0.060551231797479114,0.24271311248635954,-0.2164065125969086
E0841,M12,extended,1,欠拧,-0.11537368222052438,-0.704622530341339,-0.8153826219307481,-0.6501617727516121,-0.878216377577655,-0.9270186438345561,-0.9430654115964555,-1.5282213038029404
E1746,M16,extended,4,虚拧,-0.6150890982206193,-1.9313579299621721,-1.1426571196537632,-0.6574575009040599,-1.2555285379430567,-1.2600758506021044,-1.386723309235628,0.6846833503858198
E1406,M16,extended,3,滑牙,-0.21924004699558203,-0.05022837451366184,-0.9148232576055658,0.9117645526528945,-0.31834456507530307,-0.5832915057511648,-0.4646728598972722,-0.737472715698797
E0966,M16,extended,2,过拧,0.323408715910841,0.42541106135294654,0.09630750368296138,-0.18515189315438327,0.6709940808767637,-0.051696056403577266,-0.021788042032727144,-0.5445893243412702
B0933,M12,benchmark,2,过拧,0.8618539628440074,-0.6780110587159595,-0.6309121670219153,-0.6013362255052568,-0.810725182230318,-0.697405617461827,-0.5192738663052703,-0.9240325622335472
E1451,M20,extended,3,滑牙,-0.7455418033393442,0.729722940569285,-0.6476965938950354,2.4858499241317036,0.3717428333309405,0.034040927857979686,-0.00591293875374697,-0.32910002395546345
E1332,M24,extended,3,滑牙,-1.258765954432978,1.848375902141252,-0.4235459204487095,5.16088132484774,1.1428052948972423,1.0766098851172254,0.5140281561818152,0.15503301155832752
B0794,M16,benchmark,1,欠拧,-0.8830003684134947,-0.09899946138269472,-0.46280052608109756,-0.4461297552938004,-0.5932705309747531,-0.5912119983467967,-0.5582514698260274,-1.2423482001723214
E1100,M24,extended,2,过拧,1.6868209182106173,1.1152860113714047,2.638869889599618,0.7313863312641053,3.773907297003532,2.413560432964465,2.255902738613589,1.8154675782113163
E0235,M20,extended,0,合格,0.9247270650080863,0.17494687104298878,0.6253934539099898,-0.33694946362220807,0.14238055299787894,0.543142406680647,0.9586748767885346,0.6036686601925736
E0370,M16,extended,0,合格,0.9606186244720372,-0.4712830081203782,-0.18454790450506264,-0.5345022932080938,-0.33206055646704763,-0.2387283179042629,0.3107800898524052,-0.05520194240469046
B1116,M24,benchmark,4,虚拧,-2.5582272299601496,-1.9275175912446012,-1.1422697027786033,-0.656432329167176,-1.2137274657644093,-1.2549243189742336,-1.5017144310616257,1.6290910228308495
E1790,M16,extended,4,虚拧,-0.22962309072439271,-1.8123352805706356,-1.1372551097043517,-0.6591759322384774,-1.1906839224641241,-1.2596678640291432,-2.166796759033661,1.0124384827701876
B0582,M16,benchmark,0,合格,0.36098886726148416,0.15785195227462706,-0.18377852733044941,-0.5370338715785062,-0.258918196555241,-0.2261225790339904,-0.18702934920951672,-0.4732279682736145
B0050,M16,benchmark,0,合格,0.6264570683416978,0.049810679889673075,-0.19704346287289254,-0.4568082438794273,-0.302426808414016,-0.22427362309927776,-0.07540022547317826,-0.28202474583035303
E1171,M20,extended,2,过拧,1.3485277010809251,0.45659498326405884,0.9438774081698718,0.19096829299093807,0.22377767527351294,0.8524097619126688,1.1610959275450867,0.8369982995952949
E1138,M16,extended,2,过拧,1.6653003535270274,-0.07398405817678308,0.16572060324504206,-0.28874371210633437,0.4764250426875289,0.08340370945383901,0.5888371083265895,0.29631994298508685
E0880,M24,extended,1,欠拧,-1.22021576093466,0.7143193765414098,0.8397277476603653,0.22351790010481865,0.2953674295781123,0.6362123969504011,0.8011823459574309,0.1159003501188297
E1125,M12,extended,2,过拧,0.3952277623256933,-0.2741948542595414,-0.5961865192259024,-0.4965160703133475,0.04087408599083458,-0.6557620772817627,-0.7106920142229373,-1.170253679487532
E0981,M12,extended,2,过拧,0.413335215748948,-0.04822189064672607,-0.5837837226450825,-0.5368005233048917,-0.18628792024253582,-0.6851227961043906,-0.813331838254304,-1.1527799227791846
E0710,M16,extended,1,欠拧,-1.1288162341315655,0.15292553801374906,-0.543721543808136,-0.5294318342750343,-0.3874877064486061,-0.6336917762541907,-0.7501190827289432,-1.4184299023872056
B0945,M12,benchmark,2,过拧,0.3613840696179439,-0.45699171336888383,-0.6512761075584835,-0.5613457773539934,-0.7726022692923765,-0.7402205658326828,-0.6960754129026535,-1.2455863438979942
E1055,M20,extended,2,过拧,0.9138410364619631,0.8261519263895774,1.0432143689062667,0.6334560077906335,0.4867537265785335,0.8942881674381513,0.9172701623474351,0.558945618547433
B1141,M12,benchmark,4,虚拧,1.4282148671380257,-1.9366866067742752,-1.1329771543504747,-0.6526975159960728,-1.1968139083821177,-1.2546991194709574,-0.7787410129895731,1.2001286247563518
E0718,M16,extended,1,欠拧,-0.9058861776012193,-0.032835771359446674,-0.5397982658751798,-0.3989401446758875,-0.6894113214572826,-0.6512442028824107,-0.6097241999366952,-1.3182612865713477
E1552,M24,extended,4,虚拧,-3.2900701391500213,-1.8210888357896822,-1.140490859098292,-0.6611803049517893,-1.2315335441549402,-1.2590231773231335,-2.1990503663750993,1.006817554038831
E0910,M16,extended,2,过拧,0.9778997456954207,-0.24529789021325835,0.010284587670367995,-0.30442314825239175,-0.39473668532392736,-0.127888980690651,0.37296806521139936,-0.15405697161485124
B0556,M24,benchmark,0,合格,0.16805826233514068,1.2975479002123826,1.7351627342444829,0.23041153111968551,0.7627054851432629,1.6039534773019741,1.2492090432532195,1.0707556183580111
E1426,M16,extended,3,滑牙,0.08352088553966867,-0.14344494426566498,-0.7884653339707022,1.2195692588597649,-0.4349568204440337,-0.4350911488038426,-0.24556766888829235,-0.6093521988547257
E0007,M20,extended,0,合格,0.6756777254644336,0.43625442295883776,0.6078669327407891,-0.3242113751410376,0.6040006617592064,0.5208403076170064,0.7102465901419369,0.48590409356551206
E1047,M20,extended,2,过拧,0.7985497308365187,0.9433055589554562,1.1560017887591247,0.22412406753706646,2.1107643153010742,1.0930896485655361,0.9056739657280214,0.4663835856343344
B0583,M20,benchmark,0,合格,0.3687132769559282,0.33711349150364317,0.604942208162118,-0.4313473765721531,-0.09149383996968227,0.5788575058890446,0.7235507537052951,0.32039218124763513
E0848,M24,extended,1,欠拧,-2.2254668458208964,1.580386624966298,0.7135662607509348,0.3509086481920334,1.260696184791868,0.5770591252053789,0.2533204861382262,-0.4914654381248095
E1299,M20,extended,3,滑牙,-0.9590229308016036,1.0103245369829095,-0.5870140154633162,2.9917258083405844,0.6578770364219174,0.07336300114363378,-0.06416360084196367,-0.4634829885708827
B0680,M24,benchmark,0,合格,0.2552183456780283,1.127701240772569,1.6425428182027597,0.3179361798810912,1.1145543060662384,1.5618766071111307,1.3738726515617667,1.0857549444835326
E1007,M20,extended,2,过拧,1.3543838814539224,0.5177452651552842,1.017824922144034,-0.07628104669648614,0.7317000997514751,0.9542731854884161,1.1390361860690867,0.8517837860408198
B0409,M12,benchmark,0,合格,0.3743898198941702,-0.6213493069804477,-0.7172843038797232,-0.5940399811759789,-0.7161709491823526,-0.7997114216557979,-0.7444558239148109,-1.1821370559902367
E1572,M24,extended,4,虚拧,-3.485874943032437,-1.9066557098264028,-1.1373315017642425,-0.6555367004853238,-1.1946889670733858,-1.2545423880106958,-1.47503418953727,0.8403280888981092
E1490,M16,extended,3,滑牙,-0.4209728862248961,0.19856305625172324,-0.9180699201509191,0.9698950051083087,-0.2543330150111352,-0.5540103299009798,-0.5367670435311452,-0.900326906279565
E1754,M16,extended,4,虚拧,-0.5050791331769577,-1.9392226171799962,-1.1416694794508908,-0.6610901037923833,-1.2094476542842199,-1.2582706925788376,-0.7642143046663388,0.7782229361217629
B0149,M12,benchmark,0,合格,0.23685939984611756,-0.3516083226901235,-0.7046577876949379,-0.6396289665556524,-0.7528267160267795,-0.7933630870806718,-0.9045372730609469,-1.2481829685836754
B0481,M12,benchmark,0,合格,0.4241134618342185,-0.42401658819948407,-0.7193523460724777,-0.6525151756055511,-0.8083529169349354,-0.7814839997393527,-0.8798346774716845,-1.1554070959905793
B0793,M12,benchmark,1,欠拧,-0.467930111669725,-0.47748282073590986,-0.8691353492152427,-0.6657122634267357,-0.7881441705068646,-0.9717572004782825,-1.1699733147493507,-1.7043335545435387
B0554,M16,benchmark,0,合格,0.45687932993344077,-0.24514784348877067,-0.18790369856454525,-0.4600864381584659,-0.5051721955668268,-0.2123665666528118,0.05084549958344394,-0.34715420265237495
E0368,M24,extended,0,合格,0.022120810340576676,1.137190869743369,1.633413967045826,0.22467149222785848,1.827611472295437,1.6516439988235336,1.3412235150333096,1.0146074280958735
E0834,M16,extended,1,欠拧,-1.2359160727322045,0.2771956503255867,-0.5379757695892168,-0.4049294357877579,0.2647025282628326,-0.6372986640052221,-0.7610320925707789,-1.4678268684665725
E1675,M20,extended,4,虚拧,-1.3703208014155286,-1.9190658210674156,-1.1329989806533005,-0.6524371682369207,-1.2051959694484726,-1.2563131157261593,-1.4585657924777615,1.2644638199098122
E0450,M16,extended,0,合格,0.12081361699470475,0.3763109421107954,-0.1556225966850335,-0.34983956303458535,0.7194000433151825,-0.2282289090318318,-0.29522456045855594,-0.5736715208208976
B0765,M12,benchmark,1,欠拧,-0.2536945069814971,-0.4072848033364914,-0.8084254879049911,-0.6376621760089326,-0.7538913717666246,-0.9109667883580579,-1.0551979361162722,-1.5944810560763765
E0755,M20,extended,1,欠拧,-0.9035868184363617,0.8575600215746473,0.22309104022293033,-0.08716052003083495,0.08620815763529181,0.15305029405080592,0.02366185727560955,-0.5935280625349288
B0486,M16,benchmark,0,合格,0.3009181090795762,-0.020589104109458266,-0.15617916740709406,-0.5200642607349718,-0.4852144894095962,-0.255671599982055,-0.09963537747778191,-0.5171567482501936
B0826,M16,benchmark,2,过拧,0.9246552100341842,-0.11365403609088479,0.02967725773118356,-0.2559136304587921,-0.26399166519883127,-0.0823846042851563,0.3125240139951698,-0.13688870016364296
E1198,M16,extended,2,过拧,1.480166013269029,-0.18179747124575374,0.1419353897405133,-0.10724641453122759,-0.27952541444657497,0.010204030612285286,0.5423084930536562,0.13642895939856545
B0857,M12,benchmark,2,过拧,0.7456285425578397,-0.7052491561994617,-0.6305956856309397,-0.6494734436823177,-0.672162614137487,-0.715351806524425,-0.519040144512941,-0.9631652236730452
E0857,M12,extended,1,欠拧,-0.506444377681092,-0.3470202204250948,-0.847287220086513,-0.6549306642367088,-0.7234609559243529,-0.947779191411825,-1.1650831357098461,-1.7476513640058404
B1038,M16,benchmark,3,滑牙,-0.3573093793478982,0.04860625565084018,-0.9245741583930384,1.4736827868210276,-0.5218745704068852,-0.551581598041859,-0.45521611660764205,-0.947616024084673
B0079,M20,benchmark,0,合格,0.7271258867781257,0.1572891985216652,0.5607548580910756,-0.3161428683547437,0.5732646880272885,0.558474907341423,0.9344577033833408,0.5354232537477344
B0606,M16,benchmark,0,合格,0.7698077412757968,-0.21184125485254388,-0.14198661399455012,-0.4735714071886436,-0.3351640000037001,-0.20259623515600558,0.0923940428198232,-0.1712863401174872
B0854,M16,benchmark,2,过拧,1.3478810063158089,-0.05225576455273476,0.09294079647206578,-0.45243792401981126,-0.40210792047703026,0.025492532036786995,0.42370367274625964,0.13594018298714383
B0105,M12,benchmark,0,合格,0.23764980455903761,-0.5500160950154903,-0.7150471078400682,-0.6195658400703193,-0.6265441659412412,-0.7951335625982855,-0.8038750949646739,-1.270361198251962
E1716,M24,extended,4,虚拧,-2.885454781108964,-1.9381348794004762,-1.135137958330239,-0.6504090321396228,-1.209810205070804,-1.2557961418618793,-0.1108180663107667,1.3508550506287043
E1683,M20,extended,4,虚拧,-1.2216528604126968,-1.8767786838743798,-1.1376207002766858,-0.6554011936737748,-1.2443379348710133,-1.2553241529196004,-2.1396310953252367,1.3908736193139049
B0767,M20,benchmark,1,欠拧,-0.9188919278774456,0.5166165636497286,0.1920103849988433,-0.2207246096925883,-0.07832891368464903,0.06978460964956092,0.1065791577542683,-0.5183481407530355
E0964,M24,extended,2,过拧,1.8236327885196515,0.7874203486472128,2.392958392235866,0.6049584577822108,1.3627270876716564,2.1615965992302835,2.324365245166653,2.0124139234887903
E0412,M24,extended,0,合格,0.48598059436367136,0.9965800158452127,1.7181327614645716,0.21698854328510137,1.166605049040564,1.6259099603967975,1.5214230169191718,1.2013505657849073
E1005,M12,extended,2,过拧,0.5290935787047538,-0.4705891090118075,-0.6251663928029961,-0.474426433241768,-0.40387864906857573,-0.6865914663569782,-0.6383820873961452,-1.0877421115343044
B0951,M20,benchmark,3,滑牙,-0.4719899176951769,0.5521413460080418,-0.7032008819813088,2.9112302665265806,-0.27759991069686585,-0.033541212570444755,0.04991061241412702,-0.16862861838037832
E1195,M20,extended,2,过拧,1.5508353801014538,0.37085029175927975,1.1111378233004794,0.2599991508870096,0.4151458352893733,0.8852856976438301,1.3788167663995012,0.9536936678223694
B0926,M16,benchmark,2,过拧,0.8580097217402615,-0.12067314719087965,-0.012027350393412189,-0.5241779368302677,-0.3692980598268611,-0.07799940407395231,0.19350568590134465,-0.12466928987808479
E0752,M24,extended,1,欠拧,-1.724889170133979,1.3621527124299664,0.8509410107371734,0.4430952697381137,0.7210949706048243,0.6906147790446877,0.49340670265861025,-0.1647489556147135
B0406,M16,benchmark,0,合格,0.44890342783034126,-0.01752607873353318,-0.1749825272916102,-0.4913234901941742,-0.5062316679224277,-0.22986288950577044,-0.05542600152873136,-0.39551251885746813
E0802,M16,extended,1,欠拧,-0.563245734550468,-0.2006091718053905,-0.4128510320640166,-0.45979157695335443,-0.6501757710111459,-0.5449735739198586,-0.39824193507753153,-1.055849450688999
E1766,M16,extended,4,虚拧,0.5216565889059178,-1.9170091139171557,-1.1429135787119673,-0.6670796107084088,-1.223761377345128,-1.2603904184489776,-1.4818121215148186,1.6512387039734233
E0480,M24,extended,0,合格,-0.6753394938372815,1.7758428041621308,1.667108322033315,0.4463523111499339,6.025672153987398,1.6477945177486986,0.9313833628842405,0.5093653613137831
E0967,M20,extended,2,过拧,1.5707032803853025,0.5505249348678782,1.1337116769981705,0.23460063691886218,0.20547936980871045,0.9844517840157101,1.265623504514498,0.9694567070907388
B0873,M12,benchmark,2,过拧,0.8839493673188125,-0.53917422119189,-0.5763300402300363,-0.5742598595137071,-0.7186537086026794,-0.6644778794506166,-0.5083968136622545,-0.9003269062795652
E0849,M12,extended,1,欠拧,-0.589508727511577,0.094590606177408,-0.8284565773234644,-0.5855200290320556,-0.5383879479879349,-0.9404801957343192,-1.2265519670924423,-1.8157134792963958
E1175,M20,extended,2,过拧,0.6029604918758081,0.8815437919949806,1.0217372869255772,0.2244751716737478,0.6911969745359742,0.8695064787978379,0.8051016806287983,0.37592940099549377
E0232,M24,extended,0,合格,0.8575785918968506,0.8873726341193182,1.58189297922528,0.32751744741508443,0.43432936761335417,1.5589548395452002,1.6079899730780491,1.4528871265131105
B0004,M24,benchmark,0,合格,0.3632882264263416,0.9385897769867223,1.6767555478823646,-0.2281952395552545,0.3449405900185714,1.6571663576450313,1.478238421136488,1.1754454159795253
E0063,M20,extended,0,合格,-0.09952966047517706,0.7812503323934672,0.5412967091217822,-0.13725521890413309,0.811184968334027,0.6491831029867758,0.4476871243591241,-0.07405038277016313
B0728,M24,benchmark,1,欠拧,-1.8960477179680761,1.2217802506545863,0.7309563675274737,0.160444574194824,0.5554588361952368,0.6018261154433754,0.41302438469675334,-0.2797641549275245
B0200,M24,benchmark,0,合格,0.5848171109656027,0.8423511279594209,1.6857534412223434,0.4650844704984548,0.2539219255479411,1.5683797439973013,1.6615661993196809,1.2371839864473049
B0310,M16,benchmark,0,合格,0.4311911767635468,-0.1974266756698837,-0.16107917239150946,-0.5357991148867616,-0.5982672247735538,-0.22654960039568334,0.028623950712754108,-0.4028441650288025
E0957,M12,extended,2,过拧,0.41682018198318527,-0.33389369282477976,-0.5721666729659952,-0.48800351979685225,-0.4888895082841076,-0.6696646061520247,-0.7061074713734018,-1.1192070930196152
B0673,M12,benchmark,0,合格,0.39741933902969856,-0.44678242985844063,-0.7136393113077972,-0.6475496630802745,-0.6842176197920532,-0.8036481152633577,-0.8254134570577859,-1.1755691229617493
B1015,M20,benchmark,3,滑牙,-0.7129196451879257,0.6562934146213774,-0.5942821743043423,2.0956732749358076,0.06667541761834031,0.05368943683165907,0.06592954448838641,-0.3818573278633583
B1031,M20,benchmark,3,滑牙,-0.2612392792411868,0.6401439759428514,-0.6666472813236264,2.9222157070692116,0.3655828069230157,0.18342703415443984,0.2241591978952983,-0.09855030039270625
B1007,M20,benchmark,3,滑牙,0.11678973845620393,0.5226629263381787,-0.2249320213086911,1.7972239115813569,0.008872894874689771,0.3405798395906171,0.47330662851829314,0.12063537160448329
B0256,M24,benchmark,0,合格,0.6299779620628867,0.7578919827076781,1.6550274634191773,0.17411709184359286,0.760116373319177,1.6183234873334156,1.6856035867307748,1.3364055979660325
B0227,M20,benchmark,0,合格,0.3244865405193671,0.545713668158797,0.5634340367629552,-0.2543532353831623,0.3534357364363937,0.5047618464129763,0.5617253804163947,0.2720338650425407
E0219,M20,extended,0,合格,-0.44838555876843394,1.2673217779057595,0.6375397914326053,0.09834296250565784,1.566086470966433,0.5509917264114946,0.21387543903281064,-0.2585940266077957
B1093,M12,benchmark,4,虚拧,1.6032535835628197,-1.8104429719359334,-1.1369386283133762,-0.6474626377947817,-1.197169330048091,-1.2554579420139718,-2.123126741066909,1.348961042034443
E0195,M20,extended,0,合格,0.109640168552974,0.5061208629477035,0.7275350945595133,-0.08332226352670649,0.7959582441725813,0.6216079919051243,0.6576232296690327,0.13966710312423847
E1295,M20,extended,3,滑牙,-0.8899343733950191,0.8522310581825667,-0.5923287202014238,2.4197054909705185,0.12226671732028728,0.005866099387093751,-0.07065387522895329,-0.4676681365936862
E1791,M20,extended,4,虚拧,-1.7308172054808781,-1.9140940817337342,-1.138324598542821,-0.6598112989690201,-1.214029626227939,-1.254497864900098,-1.4727149502133872,0.957939912896601
E1129,M12,extended,2,过拧,0.6719771943084909,-0.4246324595660842,-0.5878870675763525,-0.5036666208893761,-0.7852712582654598,-0.7019597120201284,-0.6083398477821297,-1.0934852343685164
E0233,M12,extended,0,合格,0.4157064298877076,-0.6986924744484814,-0.7096505544663634,-0.6134577028359013,-0.5369837885370649,-0.7725734248195583,-0.733003456090677,-1.1161522404482256
B0820,M24,benchmark,1,欠拧,-1.1155589914466832,1.1266194849241378,1.0444148155616915,0.015118636713602822,0.45985185166920417,0.9299662907611537,0.757943814376517,0.24991673242568138
B0308,M24,benchmark,0,合格,0.24361376739288773,1.027811274342474,1.6531394882247368,-0.11357819040384422,0.6782844234752005,1.6803092153986086,1.4216417901939864,1.0823946066550048
B0057,M12,benchmark,0,合格,0.5805058125314949,-0.5452899716904273,-0.7172788473040168,-0.641130848620589,-0.779941601102289,-0.7808271995650867,-0.7785072911972437,-1.0236207560608408
B0118,M16,benchmark,0,合格,0.7628018813203712,-0.265636205059573,-0.1656626959849493,-0.5292897293561738,-0.43502705467920283,-0.20951707747287124,0.1170247240114457,-0.2003074395456865
E0914,M16,extended,2,过拧,1.0867241036697026,0.25387991196479326,0.08494691306207848,-0.33305620452284124,0.3638595792001627,0.008550288419578776,0.1326481268986865,-0.029602277856447555
B1077,M12,benchmark,4,虚拧,1.414346857174977,-1.933584750625169,-1.1341994273087252,-0.6521908132808251,-1.2250061394146143,-1.2567506411847706,-0.8282001399663271,1.1883368938307883
E0499,M20,extended,0,合格,0.5389017826423503,0.39108571372540113,0.5790944090405412,-0.21101979625552428,0.010201270618010459,0.5161312899818935,0.7565235050231314,0.41839185173780674
E0226,M16,extended,0,合格,0.871698094268555,-0.27630520678018367,-0.15255054456228762,-0.49783948279192564,-0.2980592357510431,-0.24325585192562837,0.15783614467201681,-0.09952785321555031
B0193,M12,benchmark,0,合格,0.52097396665385,-0.4011546047692385,-0.714954346053058,-0.6693663961049042,-0.7828657464216112,-0.7770889313092907,-0.8719420723307195,-1.059637467877522
E1778,M16,extended,4,虚拧,-0.12051131285450338,-1.9288146014079357,-1.1370368466760927,-0.660157380437448,-1.2163512279888002,-1.2579168991639875,-0.8362905097008018,1.1052143553632834
E0730,M16,extended,1,欠拧,-0.492863787613651,0.034189525338104605,-0.34878537669428245,-0.2682862189981948,-0.5017617283879602,-0.5101142434563163,-0.40422880868104266,-1.0266145115808027
E1331,M20,extended,3,滑牙,-0.29957390781779836,0.6177463743366974,-0.20714358450557954,1.3546890274225762,0.7455134732440197,0.23537953437205492,0.30491906644476374,-0.15937241508906855
E1578,M16,extended,4,虚拧,-0.09022444135489345,-1.9343578555438468,-1.136513015408271,-0.6600504718287827,-1.2153726633751634,-1.2612713549150556,-0.16153569524621716,1.1309667625400956
B0373,M12,benchmark,0,合格,0.6038946065365319,-0.823922089895464,-0.7154181549881086,-0.6188861778941162,-0.744872855459033,-0.7668698360294217,-0.6275769491507692,-0.9925529054098109
E1485,M12,extended,3,滑牙,-0.0069085991157518106,0.04098312164144429,-1.024942411937957,-0.6509441778891988,-0.5403153285962371,-0.9355965408936043,-1.1503946199919224,-1.3273036501826605
E0968,M24,extended,2,过拧,1.0934425437295217,1.2544543680967766,2.189739143199582,0.8295138463715548,1.6502719310537088,2.0493378404577576,1.8379182809318153,1.4811445127984617
B1118,M16,benchmark,4,虚拧,0.17646529428165206,-1.8694834977796961,-1.140010680436122,-0.6675190108787814,-1.238293266039409,-1.2613799630138613,-2.1055796280428036,1.3577284689143305
E1201,M12,extended,3,滑牙,0.19428532780929922,-0.5323229603746266,-1.041541315237057,-0.6683453918732986,-0.8606519046543701,-0.9751673226463684,-1.0058646593353877,-1.2509628844236393
E0758,M16,extended,1,欠拧,-0.7123448053967105,0.015407071909056587,-0.37009330482807107,-0.2922339610290462,-0.39829211317551616,-0.5156113738630096,-0.47285312262879636,-1.1348173896594147
B0737,M12,benchmark,1,欠拧,-0.4871153897015068,-0.295876436342691,-0.8322052448338134,-0.564123430870225,-0.8317336539715737,-0.9416488391413931,-1.136605034244496,-1.7645752472513379
E0626,M16,extended,1,欠拧,-0.9306402161103909,0.1688342791353769,-0.4891612433190829,-0.4317393736800236,-0.2531035893005068,-0.5893166035961365,-0.6511648715766148,-1.263457231440622
B0311,M20,benchmark,0,合格,0.8271839379363874,0.5062549044177735,0.6395259849897624,-0.3953025979463595,0.0387525753363412,0.5820452799256903,0.7173661155082747,0.542418866136216
B1046,M16,benchmark,3,滑牙,0.06541343211641394,0.03083274944113052,-0.8800157611739557,1.640952366763259,-0.35915300306378883,-0.4198683450720708,-0.2658655076221185,-0.6269176011402148
E1729,M12,extended,4,虚拧,1.4824653724338872,-1.935384568496185,-1.140687295823725,-0.6561742880127938,-1.2017471146185337,-1.2599740430152526,-0.13992541875546502,1.2462568985843312
B0494,M16,benchmark,0,合格,0.5423508213896371,-0.1717550972108954,-0.18380035363327543,-0.5492435996026057,-0.21877766272463212,-0.22309085064357934,0.024201215257907874,-0.27872550505325194
E0274,M16,extended,0,合格,0.49507024856225007,-0.17390366309859784,-0.16157572078079882,-0.4980431520657088,-0.4835238986742021,-0.2523065339854005,0.06161468062999983,-0.37840534445768786
B0112,M24,benchmark,0,合格,0.7275210891345855,0.9848323704015982,1.6927596844294583,0.12353483119700602,1.2478979570804034,1.636111484095234,1.5170002814643262,1.425485098947747
E0504,M24,extended,0,合格,-0.3409623727852379,1.526587846108292,1.61879034415247,0.541082159233575,2.4967966012686964,1.6298383333492734,1.1007597479253168,0.6560593817919013
E1438,M16,extended,3,滑牙,0.4672264461753009,-0.0863275489978654,-0.8696537239073578,1.9619645115652682,-0.4441452825408134,-0.41503953678248034,-0.1451751697831685,-0.3921216325032262
E0687,M20,extended,1,欠拧,-1.540904509458411,1.036710794667859,0.23678158867047844,0.04683505725542495,0.4635062438593631,0.06172263995350124,-0.16833160582317577,-0.9383598207933636
E1644,M24,extended,4,虚拧,-3.268657356927284,-1.9254875037290768,-1.1339920774318792,-0.6581896295900723,-1.1951790533314521,-1.2552771083613703,-1.4612446037898432,1.0250244753643118
E1381,M12,extended,3,滑牙,0.19744694666097837,-0.5037511518119531,-1.0410556799991808,-0.6768808018381193,-0.8725724705912916,-0.9602744580697099,-1.0097480368079352,-1.2503824624350757
E0340,M24,extended,0,合格,0.6862404066279991,0.8044519482246456,1.6908935355378438,0.2858075210158659,1.249169923390469,1.631554463353678,1.6607391837468235,1.314380110926315
E1617,M12,extended,4,虚拧,1.7403528737674616,-1.9345035833863196,-1.1367913007693013,-0.661707894085854,-1.2241788465815595,-1.2582760932415662,-0.7190340843491512,1.465534216158662
E1376,M24,extended,3,滑牙,-0.6105622348648055,1.073153209002345,0.45130686257058084,1.7067725434380845,0.850525755351142,1.08234584595687,0.9155082596052604,0.5467262082618752
E1619,M20,extended,4,虚拧,-1.8380966815162714,-1.9242947589865305,-1.141647653148065,-0.6649586180734469,-1.200493105028455,-1.2574521097756106,-1.5205380246438365,0.8667220151149136
B0170,M16,benchmark,0,合格,0.5111298352293033,-0.13131377817256118,-0.17646671588377164,-0.5163044264199975,-0.2984046081934538,-0.24738564441679156,0.014852343564737134,-0.37113479533778115
B0320,M24,benchmark,0,合格,0.5496081737537192,1.0351388564436177,1.6457021755368098,-0.10754767769909308,0.8482622990993115,1.6220834842042486,1.4750382304415184,1.256246266492775
E0669,M12,extended,1,欠拧,-0.8038521146606579,-0.13714457047794545,-0.8737734385657472,-0.6511112475518308,-0.7141854717300483,-0.9842312073844743,-1.2782044831972101,-1.9640876686887785
E1744,M24,extended,4,虚拧,-2.1689529088471273,-1.8823253218096982,-1.1427280551379473,-0.6649827175756375,-1.2264370270925293,-1.260657185431178,-2.131253068000203,1.9600842989408902
E1124,M24,extended,2,过拧,0.6910546898794195,1.354405311366867,2.0940690013379393,0.8486222429263522,1.477866036332984,1.9605529267231105,1.6415560181764137,1.2538940300128048
E1774,M16,extended,4,虚拧,-0.6428610456336663,-1.9352445244730452,-1.1440267201560885,-0.6617518698769578,-1.1992713013262593,-1.2598590303447696,-0.7835952348302577,0.66106934000898
B0608,M24,benchmark,0,合格,0.5008545739613454,1.2369890748943801,1.7107500145337098,0.24824420910371478,1.56796685053167,1.6169830588775906,1.3958784572395377,1.2116454189504897
E0735,M20,extended,1,欠拧,-2.0135306002975253,1.0002133703574165,-0.002931238690716759,-0.2741955685028572,0.16558282652594086,-0.14378750306555743,-0.40484008106098057,-1.2152822063898112
B0073,M12,benchmark,0,合格,0.5420993289809806,-0.9121787881673639,-0.6958345047775664,-0.595805938808385,-0.6654511406130295,-0.7723934027286099,-0.5642563220289486,-0.9830523139127899
E1157,M12,extended,2,过拧,0.3946888500214297,-0.671938500300765,-0.6416125119823146,-0.5958884906981893,-0.7901802274267481,-0.7524186849157554,-0.6380225154079464,-1.165946337361873
B0886,M16,benchmark,2,过拧,1.0501139944667333,0.14758003065287392,0.09616017613888661,-0.3725521339050784,-0.021610400872677696,0.013648605912542739,0.19862958673317843,-0.04924497989048136
E1574,M16,extended,4,虚拧,-0.3899674649862678,-1.8979072027578425,-1.139104888868847,-0.6655564417765343,-1.2459083588393118,-1.2584890714893209,-2.1314508325937123,0.8761004125090792
E0042,M16,extended,0,合格,0.22115908804857404,0.2823160698698519,-0.11620975035715775,-0.32527265999120186,-0.19258397373532693,-0.19828796098409976,-0.22561142354325522,-0.5652706762495766
E1745,M12,extended,4,虚拧,1.611085775718116,-1.9410654407166035,-1.1368949757077245,-0.6579699310578518,-1.2169818296852173,-1.259115796283568,-0.10377045534206897,1.3556206206400714
E1601,M12,extended,4,虚拧,0.43898744143189194,-1.9184348561904687,-1.1393831742298774,-0.6681094737415054,-1.197391878848354,-1.2573288711232842,-1.4960331936480837,0.3590055177499969
E0965,M12,extended,2,过拧,0.6101459892659886,-0.4250681431483342,-0.6507195368364231,-0.5030489329786658,-0.32801364646207065,-0.7025542684960827,-0.6966866852825915,-1.0434162007234444
E0065,M12,extended,0,合格,0.43956228122310653,-0.4842026519217046,-0.7033864055553292,-0.6125191426872488,-0.47336272747424635,-0.772902331847206,-0.8236515543156114,-1.120337388471029
E1077,M12,extended,2,过拧,0.5336204420605676,-0.2610835050177813,-0.5966285018581269,-0.4789855344341596,0.058059697777564,-0.6770044852014068,-0.6972620004637096,-1.0836180605629286
B0805,M12,benchmark,1,欠拧,-0.21561137081354095,-0.5938382102848684,-0.7892947334780864,-0.6105936781258156,-0.729922384855022,-0.8929933870310861,-0.9715614916612156,-1.5769462023166012
E0881,M12,extended,1,欠拧,-0.6359270406521423,-0.6577211424726449,-0.876545379024637,-0.6357602395257486,-0.7619780631450075,-0.982301827768468,-1.153756618081582,-1.8089928036393392
B0013,M12,benchmark,0,合格,0.5874038900260679,-0.9167834697363892,-0.6984536611166747,-0.5888288504506615,-0.690958818092444,-0.7769333376128352,-0.54158530817301,-1.002022948381118
B0250,M16,benchmark,0,合格,0.3493124340024404,-0.10815149000943579,-0.15508239569009244,-0.548044966791486,-0.48364383771123454,-0.24777626377921458,-0.03778899550757676,-0.44426796589684375
E1038,M16,extended,2,过拧,0.4360413875019182,0.29323153878412694,-0.000546715106986856,-0.35547865198375295,0.7778568847214129,-0.0528138421119385,-0.031963929298755134,-0.4536463632910084
B0276,M24,benchmark,0,合格,0.5780268159318825,1.1528981616570642,1.6695801508283483,0.17792023511404098,1.4195187233892033,1.6157838059629583,1.4624711894539677,1.207338076824831
E1410,M16,extended,3,滑牙,-0.4946960894481471,0.699981882130668,-0.8976132178273407,0.03687754111352314,0.23865000241249507,-0.5634789885551308,-0.6931089440000128,-0.9475243785075314
E0633,M12,extended,1,欠拧,-0.4963846813348394,-0.4149091473009025,-0.8225416492576445,-0.5784673755957934,-0.660916404140962,-0.926098041976375,-1.1196512150009192,-1.7113902639834482
B0480,M24,benchmark,0,合格,0.5203631993756853,0.8188068982345472,1.6548637661479826,0.15570393900577484,0.22254797710358737,1.5889710144420832,1.622696467395383,1.1971959662878182
E1264,M24,extended,3,滑牙,-0.6340228838437442,1.0074263521294242,-0.3891640369222045,4.184094249460118,0.1415065390323424,0.8716129433478307,0.8035195638807234,0.5728146492215406
B0996,M24,benchmark,3,滑牙,-0.2818616567510039,1.1838475652349651,0.30520159145398057,2.8471196516035486,1.8464726620952212,1.2572684690319775,1.0889118509141644,0.7239993029796015
B0428,M24,benchmark,0,合格,0.3259236399974039,0.9119047004386137,1.6816937488967252,0.048470432543112715,0.3804157264180865,1.6430942298538331,1.4917942850915853,1.1423308141056647
B0900,M24,benchmark,2,过拧,1.355785053445007,1.168730074792324,2.2234716942170163,1.0819919808823466,1.4319155292010983,2.0938654784230484,2.0229540260589527,1.6063934682254266
B0488,M24,benchmark,0,合格,0.5399077522769753,0.8035161036302588,1.6474100837329366,-0.14475691201050195,0.7642689512945806,1.6239708476215484,1.605886476947086,1.2782412050067782
E1549,M12,extended,4,虚拧,0.8092201944609365,-1.930472232538954,-1.1436120204023963,-0.6671958219604311,-1.2328540634320095,-1.2603693536194085,-1.4939296975171206,0.6738080752316737
B1011,M20,benchmark,3,滑牙,0.04137794334626015,0.5322132058407867,-0.429318977546161,2.414988183072856,-0.32501275437718735,0.2926245474727195,0.4066779391050432,0.1382007738899715
E1506,M16,extended,4,虚拧,0.347551987141847,-1.9362186711509524,-1.140043419890361,-0.6476879783997261,-1.2112077166592485,-1.2536182844612238,-0.8221952877634062,1.5032005483638935
E1359,M20,extended,3,滑牙,-0.9303887237017349,1.0037946569427367,-0.36684118570701135,2.777677189177143,0.7024066839134284,0.1314157371809157,-0.015729254031576424,-0.51963117883302
B0559,M20,benchmark,0,合格,0.44168200295320914,0.4867988076608125,0.6274342132242117,-0.22673670515340183,0.7226216137725425,0.5116260903531777,0.642341420170581,0.3778539581154691
B1026,M16,benchmark,3,滑牙,-0.02192628866122853,0.137840512716944,-0.8958562004498554,1.236305318409417,-0.3817943284331812,-0.4953464532428959,-0.3867536100545778,-0.6470796281113846
E0886,M16,extended,1,欠拧,-0.4058474142185667,-0.03314341802962047,-0.3829489971925284,-0.4977615088626556,-0.43904514471999007,-0.49723411345369867,-0.4516563539244734,-0.9122408313079838
E0363,M20,extended,0,合格,-0.2014559409548854,0.6525790881659526,0.6425489279311503,0.017861782689503503,0.6772715433585014,0.5249328786669305,0.5019465373783333,-0.10655401412974602
E1387,M20,extended,3,滑牙,-0.36334519715564945,0.4765723046166846,-0.7420298747085918,3.048509275556534,-0.17260787666572952,0.023708037242340378,0.13624384678067494,-0.09396802153562155
B0602,M16,benchmark,0,合格,0.5734640250891176,-0.16810838738626693,-0.1549459812974305,-0.4982141794688999,-0.34632818748468064,-0.23690521548073257,0.051097199975183326,-0.32919166953260515
B1120,M24,benchmark,4,虚拧,-3.184155907618763,-1.9356435110455659,-1.1352034372387168,-0.6569903563715751,-1.1683818013026146,-1.2584832641185537,-0.18159981218771395,1.0968746078433902
B0516,M24,benchmark,0,合格,0.282810655656321,1.3451182780588813,1.6578212301808928,-0.26600777058230013,1.9039116562239,1.6697705690288376,1.2083616653938283,1.164173009991098
E1444,M24,extended,3,滑牙,-0.6647049576998149,0.9413176173696222,0.0249082105637236,3.319667089759446,0.31050130091645156,0.8099958951570491,0.8284019454640847,0.5542411455874929
B0184,M24,benchmark,0,合格,0.28101428130877654,1.1449136039700678,1.668254202931675,0.13401702682313857,0.935829582981323,1.6019123462594107,1.3455383788916961,1.0806227921635991
B0115,M20,benchmark,0,合格,0.31155264521704296,0.3827903972209517,0.6012808458630723,-0.2469825983810298,0.23074463447957208,0.5232322533123919,0.715945806154889,0.26280821027694495
E1468,M24,extended,3,滑牙,-0.018369467453089105,0.8152047239734332,-0.017571231311191867,3.632402411378892,0.5124279994791123,1.0044558544501043,1.1367169467452036,0.8926882619717238
B0923,M20,benchmark,2,过拧,1.0438985392242273,0.7417147590379808,1.044764036406906,0.13452216798583938,1.1071578705679384,0.9112410890422203,0.9789008011247209,0.66201634430611
B0964,M24,benchmark,3,滑牙,-1.1723962758030098,1.3431857752639944,-0.3934638185789075,4.126036513655396,0.7205640252746259,0.8175251872266529,0.6069056007335826,0.20449107468912175
E0385,M12,extended,0,合格,0.5686138143507462,-0.8866426998943193,-0.6998941971031845,-0.6130134980215751,-0.8543524320019765,-0.7944984486258696,-0.5509881156644103,-1.0766835452258747
B0324,M24,benchmark,0,合格,0.5886254245823982,0.8242012793077625,1.7265358880525443,0.4184092426302626,1.7054109362016199,1.5809505997843911,1.6751580204735979,1.2299745343788258
E1582,M16,extended,4,虚拧,-0.7438172839657008,-1.9354690384503153,-1.143644759856635,-0.6481858696148635,-1.2233599981395578,-1.2575892339553933,-0.7979421571593925,0.5752279827529381
B0858,M16,benchmark,2,过拧,1.5246442421142457,-0.08469131244205692,0.1590635808831414,-0.4299958659499866,-0.2450044800764139,0.05923266639312226,0.45834843380922036,0.29161547002514643
B0239,M20,benchmark,0,合格,0.09634699838114012,0.5660569730264199,0.577430153450066,-0.2500418602325762,0.9028706911999613,0.4932526604651685,0.528069442320981,0.1474875257069953
E0206,M16,extended,0,合格,0.2349193155507688,-0.1870231843560563,-0.12859072063515156,-0.41173850407680773,0.05919285592961065,-0.20751475176261505,0.001170629413770306,-0.5383268765699228
E0073,M12,extended,0,合格,0.46586120167116674,-0.8320615560087516,-0.7079917554515948,-0.6107863865054156,-0.7726165302835041,-0.8072867512429096,-0.6024069099768484,-1.1595005984362412
E1418,M16,extended,3,滑牙,-0.1302835893051489,0.24736808743080177,-0.903795518102778,0.683073383136028,-0.43636231212328475,-0.5097956453860135,-0.46136479760584265,-0.7056717004306333
B0334,M16,benchmark,0,合格,0.7954599669587407,-0.02732223671313473,-0.15671936840203513,-0.5230841439605164,-0.5320180455475709,-0.20380879699589524,-0.03428316862263792,-0.1439454096035523
E1738,M16,extended,4,虚拧,-0.6285619058272075,-1.8674096410977803,-1.1396014372581365,-0.6522993554270269,-1.252646222009843,-1.255242432084741,-2.141159276275082,0.6732276532431096
E0055,M20,extended,0,合格,0.4644241021931304,0.581558750000673,0.5952022205260582,-0.33531026502182726,0.09529145290209248,0.5233037541499251,0.5962802484823059,0.3601052646756971
E0213,M12,extended,0,合格,0.026360253800783433,-0.0530740070289381,-0.7049797256616199,-0.5747073396423182,-0.6087384702748042,-0.7827771836142752,-1.0272771712326303,-1.3711102360563843
B0435,M20,benchmark,0,合格,0.6124812759177977,0.2382811798126226,0.5792963023416807,-0.292405866442068,0.443098859087551,0.5127343078069797,0.8405554786652067,0.46910240442287093
E0335,M20,extended,0,合格,0.35595901908835736,0.4691719536481502,0.573796074029553,-0.3598814790755302,1.037887238486391,0.5306975283688032,0.6382962353033438,0.32023943861906534
E0476,M24,extended,0,合格,0.15142383587687333,1.0901812361524037,1.7035091385712162,0.03316265360146621,2.3374268670093916,1.676787764469385,1.4535717827460455,1.0386491178327086
B0799,M20,benchmark,1,欠拧,-1.5580419207339908,0.4713041940785222,-0.08954892145531608,-0.26450810885757686,-0.4935851640226866,-0.2475519314889491,-0.21701765302530238,-0.9164565278565012
E1002,M16,extended,2,过拧,0.618804513621156,0.38168205835132474,0.15902538485319603,0.02189316615837398,0.736501254396892,0.01635623019396476,0.114597613091103,-0.3446186750181214
B0218,M16,benchmark,0,合格,0.42767028304235793,-0.27832498495006386,-0.1303804774668757,-0.5192341066712888,-0.2356576333968515,-0.22815222173673186,0.09762581524811666,-0.38408737024047235
E0974,M16,extended,2,过拧,0.8801410537020165,0.26524193907503857,0.0876533746124906,-0.3037700085660354,0.22901903463424952,0.04544782835216247,0.14782206480067858,-0.24026491117945992
E0006,M16,extended,0,合格,-0.05677595100360335,0.07857278758144884,-0.10398702077465155,-0.28605771839920363,-0.2630667018038079,-0.2371572983624879,-0.14479761919555967,-0.6997758349678517
B0806,M16,benchmark,1,欠拧,-1.1889229198004245,-0.03982694807909868,-0.5466899209924589,-0.4093930652976458,-0.6620885066464696,-0.6920001171832235,-0.7113392438016952,-1.4501392720782276
B0091,M20,benchmark,0,合格,0.1258793926547816,0.7023601120103901,0.5836015405740905,-0.30830951734540785,-0.07441384686450103,0.5059652626431137,0.46746358371006175,0.1851538579122266
B0259,M20,benchmark,0,合格,0.18066881025490722,0.5771976657369426,0.6232599328087576,-0.192957974987361,0.7254716790090697,0.524550929898334,0.5871471199820549,0.15536904534118023
E1258,M16,extended,3,滑牙,0.4745197260263341,-0.17805152311878727,-0.88008669665814,1.4050028006814037,-0.3583706471469056,-0.44124259974177465,-0.13582629808999802,-0.34782627021807994
E1674,M16,extended,4,虚拧,-0.3837160822568111,-1.9365934504457922,-1.1443977673041288,-0.6591399429468783,-1.243872410996839,-1.2605660348519294,-0.7060535355751719,0.8814158559832965
E1663,M20,extended,4,虚拧,-0.8522464395835229,-1.928430866702358,-1.14427226606288,-0.664409892881773,-1.2165688169744322,-1.2616933201249552,-1.520142495456818,1.7049735607041623
B0693,M12,benchmark,0,合格,0.4793699367647055,-0.7365569666018765,-0.7177972219961319,-0.6055652483990603,-0.5874257240318268,-0.7795931751190737,-0.705747899385203,-1.0313189845407427
E1116,M24,extended,2,过拧,0.678444141959653,1.9324064620218577,2.399353498963856,0.9882027010843213,4.09059712778658,2.3880598763225533,1.568113439586795,1.238253184847291
E1105,M12,extended,2,过拧,1.2424338321149115,-0.8164643953185348,-0.5801878392545149,-0.6220145913943075,-0.7753615946316988,-0.6581798721570686,-0.251734328485903,-0.636693129368661
B1175,M20,benchmark,4,虚拧,-1.3497343513926614,-1.920057925509772,-1.1387502114479262,-0.6628776895819772,-1.2271407387787812,-1.261220454551301,-1.4535138060435677,1.2819681251438737
E1750,M16,extended,4,虚拧,-0.6667168969690652,-1.9377836228981877,-1.145718258625096,-0.661506548269994,-1.2332055339749761,-1.2606867476795232,-0.8193007332584054,0.6407851189349544
E0137,M12,extended,0,合格,0.5825536792876959,-0.6036782246400499,-0.7063165867097065,-0.6232621997320313,-0.6619890249611775,-0.7681803799912201,-0.7845840577978045,-0.9732767856843441
E0162,M16,extended,0,合格,0.03796483208592502,0.17622898763535352,-0.20417520732125655,-0.35909788525150377,-0.2598626418928785,-0.21982577599184408,-0.24632277006351,-0.6111851103975594
E1405,M12,extended,3,滑牙,0.35355187746264716,-0.48778383101333284,-1.0235728114356317,-0.4492077450518894,-0.8069262915088224,-0.9177586443596119,-0.9362874796189067,-1.12873823304235
B0368,M24,benchmark,0,合格,0.594697169877101,1.0277302451846626,1.6138575997138158,0.01558752156214993,1.725272827613035,1.633751902509843,1.4907695049252188,1.320092685234813
B0424,M24,benchmark,0,合格,0.7708137109104217,0.8342851794248385,1.6094050339373314,0.1799255926166744,1.0781928930182763,1.5969115309165298,1.6485496933468815,1.4040094853708796
B0946,M16,benchmark,2,过拧,0.6900846477317456,-0.1308977005181404,0.02500642892644017,-0.31280658775218334,-0.49014735513008945,-0.10196745833420444,0.2289415053383431,-0.27463200260759013
B0627,M20,benchmark,0,合格,0.3294086062316407,0.23359242077120332,0.6313029254001031,-0.5399581927536399,0.22880022425195382,0.5789112524844203,0.7675983222596562,0.30621766531638794
E1051,M20,extended,2,过拧,1.9725162944441894,0.38146449459338305,1.1609727292277243,0.11371567547724001,0.1465626141505936,1.0026237219552743,1.4377865724641155,1.2709401073611577
E1090,M16,extended,2,过拧,1.3252466895367407,-0.025158060817149545,0.1382303748358163,-0.10856686005674235,0.3412547452240594,-0.002765518378267204,0.44790286755204345,0.08025022061071503
E1325,M12,extended,3,滑牙,-0.21755145510888974,-0.11967635864731149,-1.0468069107938063,-0.6510840430872363,-0.639520690962602,-0.9745448758940437,-1.144192003195492,-1.544564765059874
B0362,M16,benchmark,0,合格,0.4546518257424854,0.1599740935241699,-0.18996082760588673,-0.448258689080956,-0.4195341858495826,-0.19893952556271519,-0.18264257095349054,-0.35338610189800873
B0174,M16,benchmark,0,合格,0.30828324390451056,-0.007538748594076103,-0.1744095868424303,-0.5649152827038235,-0.5170016388446227,-0.26743410461208655,-0.13442396733602238,-0.4475366581482304
B0011,M20,benchmark,0,合格,0.774514242066365,0.46763559367242163,0.5779758110207137,-0.36999439376229765,0.15288140637409775,0.5612540301681839,0.6963491327980507,0.6041879851297093
E0265,M12,extended,0,合格,0.7483590315661085,-0.7650057381167304,-0.7173770656667333,-0.618252075828277,-0.7136173874736735,-0.7808389519229983,-0.653699854093417,-0.890062601639697
B0668,M24,benchmark,0,合格,0.5415604166767165,1.0998131693634998,1.6726903989810398,-0.03906029916029617,0.7894472772920056,1.6529314611589934,1.4677748762799012,1.2893303198409216
B1155,M20,benchmark,4,虚拧,-2.0491347398658695,-1.9179701646215812,-1.1408728193977453,-0.660629315158658,-1.223067701625389,-1.2569314032313856,-1.5465710365894347,0.6872799750715006
E1392,M24,extended,3,滑牙,-1.0623863107593479,1.9749913734878863,0.19383288128480627,3.9037691295760792,1.8165238238492967,1.2556850318095665,0.5507404561769196,0.36755910494988764
B0976,M24,benchmark,3,滑牙,-0.1536005283362843,1.1367320739824123,0.5146959025527118,2.2144533839716107,0.1305553076649162,1.256070138620309,1.078232562864658,0.8593598204178653
B0255,M20,benchmark,0,合格,0.5087226936035927,0.22254614822402458,0.6047021188310328,-0.14439880295642316,0.3327618797140033,0.502140837547276,0.8171473422334601,0.4269759874634111
B0855,M20,benchmark,2,过拧,1.3093667403044418,0.46655118996253814,1.135997982219184,0.10314239307524765,0.725794703233083,0.9894379417125777,1.2579825997652718,0.8055944151614118
B1098,M16,benchmark,4,虚拧,-0.7026803114069182,-1.9362887472033983,-1.1447524447250497,-0.6546314185066461,-1.2301406683172005,-1.2591932175488256,-0.757777966077579,0.6102060446953465
B0790,M16,benchmark,1,欠拧,-0.7994689612526481,-0.02579623058845037,-0.5095906627641289,-0.5181216191643484,-0.6543641720304033,-0.6190395843086991,-0.6025687173715378,-1.223774696538274
E1404,M24,extended,3,滑牙,-0.769577292109498,1.5174357581817577,0.5190338802393604,2.4553643133420104,1.9959568034152932,1.267584369345084,0.8275749298912275,0.4452745543660328
E1341,M12,extended,3,滑牙,-0.1929770540344729,-0.10423597985020644,-1.0291166923534114,-0.3958221302114472,-0.43360796067693136,-0.9315249301452391,-1.1212333317489942,-1.526052358477254
E1130,M16,extended,2,过拧,0.6287564275065564,0.01734202820771329,0.036732610119657005,-0.4000083746306091,0.14379463150488422,-0.06468160171799038,0.17015148526782808,-0.34083065782959826
E0851,M20,extended,1,欠拧,-1.7014285211550404,0.4947621439273718,-0.06641849703556463,-0.07463835029258356,-0.029933285531757288,-0.24500335207990673,-0.24865998798680256,-0.9876040442441599
E0491,M20,extended,0,合格,0.03782112213812124,0.7243183685487387,0.5621844809261722,-0.17484795062390096,0.5829026266497391,0.48022741198118896,0.4776394709760897,0.10056499021045466
E0887,M20,extended,1,欠拧,-1.4479960282033781,0.4442362137453106,0.003927676972323547,-0.23637358072651393,-0.04966843626582764,-0.12769974534791,-0.12183894774906197,-0.8489137375030819
B0169,M12,benchmark,0,合格,0.48928592316315483,-0.49209760689327564,-0.713131849767095,-0.6165960769678772,-0.5392814758436791,-0.7877060414696623,-0.8207030640123807,-1.0755227012487467
E1436,M24,extended,3,滑牙,-0.512156848106285,1.3656811047515678,0.12776466263079536,3.633131910219088,1.1841697690329946,1.281736505816558,0.9545397989242478,0.6019273942268816
E0526,M16,extended,0,合格,0.7425747061670128,-0.4430411478237338,-0.15522426665846073,-0.5308010947400645,-0.5440031532740083,-0.2489122968723052,0.25520823907627005,-0.23675183072236228
E0572,M24,extended,0,合格,0.2454460692273833,1.1013119716262325,1.6897149151852449,0.015236676917524056,1.661677291363483,1.6516879626869732,1.3587886066568242,1.0396877677069807
E1637,M12,extended,4,虚拧,0.45238839406457854,-1.9176721954531422,-1.136327491834251,-0.6707154222012182,-1.221923021566257,-1.2564290380135,-1.5319724138685604,0.37040011784127946
E0160,M24,extended,0,合格,0.8620336002787623,0.5665346036477437,1.7244132801027257,-0.1830925357741351,0.43434116274018364,1.6442199157203115,1.8431680319595187,1.4602493212101584
B0864,M24,benchmark,2,过拧,1.7717894248495007,1.3462484212082875,2.6021198522165028,0.534520844402107,2.1828362837218713,2.4845567712930623,2.0559627345756084,1.9754502073749793
B0233,M12,benchmark,0,合格,0.4823878456685814,-0.6621393636698611,-0.719837981310354,-0.6322767128213275,-0.7785874279719524,-0.773249967609884,-0.752078750064627,-1.0778138406772888
E0037,M12,extended,0,合格,0.4483645155260772,-0.5881485220833449,-0.709956122705926,-0.6396435049507343,-0.7820104164515423,-0.8092001757874774,-0.7580656236681381,-1.1349090352365567
E0238,M16,extended,0,合格,0.9886779917806917,-0.09967901044989734,-0.18093565138737552,-0.5316817837082414,-0.3990047065313159,-0.21344850847975708,0.023518028480329828,-0.007821179022440955
E1032,M24,extended,2,过拧,1.1142804861610442,1.8917139847677702,2.6051809911878356,0.8993956057063569,3.577893150979395,2.456924923897568,1.7571404337829397,1.5383924499862989
B1142,M16,benchmark,4,虚拧,-0.0018068959687233747,-1.9270100578121454,-1.1336592263137841,-0.653678454084499,-1.2001091877210874,-1.2546117111087929,-1.5209874896290851,1.206146684321989
E0577,M12,extended,0,合格,0.6002300028675398,-0.8847662726635492,-0.7160347480429403,-0.6189531307465235,-0.639999617850556,-0.784969523752775,-0.5707286178165282,-1.000098391261143
B0429,M12,benchmark,0,合格,0.2648828396678211,-0.7579640349468337,-0.7038774973689118,-0.6350346096825813,-0.6166605371538133,-0.8016259423055673,-0.7029791950760718,-1.2428980736351716
E1278,M16,extended,3,滑牙,-0.31469937982412827,0.5528916016095273,-0.8588933566141872,1.7632382304241263,0.41200955085983176,-0.38416148114384113,-0.47085749809429284,-0.8668151735714236
B0257,M12,benchmark,0,合格,0.45842421187232973,-0.34239134157132023,-0.7068567877046477,-0.6196409206449636,-0.6720383591979406,-0.7765767732230314,-0.8857136794787359,-1.112639159991128
E1664,M24,extended,4,虚拧,-3.3286203326483395,-1.9346622031546163,-1.1398633528920474,-0.6705204448799853,-1.2224992278901123,-1.258263016938146,-0.8893633351589545,0.9740389859478227
B1050,M16,benchmark,3,滑牙,-0.03058481301639588,0.06841332112930472,-0.8828695502684426,1.702982882770961,-0.2574088083379428,-0.4454400265829334,-0.34452188004062073,-0.6567940592884031
E1520,M24,extended,4,虚拧,-3.041883059293191,-1.9323949439290886,-1.1341721444301929,-0.6545513865961765,-1.2138001827349816,-1.2554703619304683,-0.7976724781682434,1.2178467696704103
B0093,M12,benchmark,0,合格,0.5632246913081107,-0.8327036043882561,-0.7057872988661785,-0.6228848401272528,-0.7437805679245858,-0.7863637372173601,-0.6361886982681321,-1.0119512192381337
E0150,M16,extended,0,合格,0.12663386988075057,0.3183601962625638,-0.18191237843883473,-0.4951453710060722,0.09164852275236905,-0.23899374189875758,-0.3163673933646494,-0.5626435030381822
B0040,M24,benchmark,0,合格,0.6519655840768385,0.8303052159759996,1.6467334683453334,0.18025260663463732,0.39535537114598235,1.5695115114506655,1.6401357088230282,1.2997473671093596
E0146,M16,extended,0,合格,0.41462860527918055,0.12210669975846014,-0.17470424193058,-0.44539331913560526,-0.22726479716216172,-0.1894855149608883,-0.16917659999544304,-0.3852176656918862
B0605,M12,benchmark,0,合格,0.5717035782285237,-0.9338261598703245,-0.7159801822858756,-0.6335298059515705,-0.6801818418085018,-0.7725019774555872,-0.5807247190884566,-0.9949051418897809
B0045,M12,benchmark,0,合格,0.5335845145736166,-0.8893081537685015,-0.7194069118295424,-0.6273419640328687,-0.7033628790647248,-0.7694470019529207,-0.6012383010152021,-1.0074911344839053
B0526,M16,benchmark,0,合格,0.6157147497433789,-0.2272588602255823,-0.1772088101798525,-0.5369147585715428,-0.3498977098564008,-0.215298669909099,0.0776156341048497,-0.27316567337332315
E1509,M12,extended,4,虚拧,0.9695286412358605,-1.930256400264746,-1.141200213940134,-0.6662185745894286,-1.2223565503449185,-1.2601925081196401,-1.5180569779252642,0.810115596967068
E0129,M12,extended,0,合格,0.22532667653487815,-0.1638338359994314,-0.7219005669274019,-0.5708741769254919,-0.544525876760497,-0.779785717264907,-0.9754988049319934,-1.225485413978252
E0393,M12,extended,0,合格,0.026252471339930725,-0.3746999863678859,-0.7426028151577717,-0.5396506140473696,-0.5533290554869469,-0.793166285152851,-0.9352447208531302,-1.3551639056337317
B0245,M12,benchmark,0,合格,0.52255477607969,-0.8832798795598853,-0.6966420779821247,-0.5990922113841823,-0.5392022710697472,-0.783045202590492,-0.5740366801079577,-1.043996622712008
E1432,M24,extended,3,滑牙,0.00602529618657337,0.8286798231878844,-0.29716071393531335,3.9731614562643283,1.0961884451914725,1.0465889949888563,1.133696542044333,0.9770021929420711
B0600,M24,benchmark,0,合格,0.41832913643512376,0.7746172950558282,1.678474369229904,-0.3829636862000023,0.9141162165277699,1.6518023238420432,1.5821367471265508,1.2781495594296368
B0328,M24,benchmark,0,合格,0.16927979689147107,1.4065773787583475,1.6849458680177847,0.23338551686274925,0.8912155659878703,1.636823229971887,1.2575690919788431,0.9636219386793851
E1133,M12,extended,2,过拧,0.5604223473259402,-0.37223458253131275,-0.6009773926961882,-0.543965156034654,-0.7374499212995933,-0.707559699700843,-0.6766765041393245,-1.1229034646309966
E1099,M20,extended,2,过拧,1.5459851693630824,0.42351762112109814,0.935577956520322,-0.09292002836259784,1.512298031058462,0.8243311346098965,1.154084273775209,0.9952702113189796
B0416,M24,benchmark,0,合格,0.1018798313715789,1.1887505733289951,1.6417898107552664,0.14902622712098262,0.7482855637654384,1.6141131482623232,1.3049966372222739,0.9613613477765566
E0943,M20,extended,2,过拧,1.7561609680258583,0.4603830291010139,1.0777272102497273,-0.06075565702050494,0.16640236196221866,0.945709888236819,1.2730666446702144,1.0913453246891758
B0750,M16,benchmark,1,欠拧,-0.6707767029945172,-0.07896134247392535,-0.437962193465219,-0.3977240044691646,-0.5506821564840204,-0.5597053773379754,-0.4978973116068475,-1.1120892865282779
B0706,M16,benchmark,1,欠拧,-0.6904649658436115,-0.16827088074266255,-0.4312997145276118,-0.4288023670928203,-0.5868504819784843,-0.5504882234865935,-0.46190415558814096,-1.1639301346647557
B0003,M20,benchmark,0,合格,0.3406898371342246,0.480800675432371,0.5673900541501504,-0.4163936397795901,0.20686686599705445,0.585509821470123,0.6290192780078127,0.3108610412249003
E0490,M16,extended,0,合格,0.7468860046011212,-0.1706258682386122,-0.16587004586179543,-0.4528502871478399,-0.5771328244130236,-0.2546121502465109,0.07766956990307927,-0.2596632250077827
B0371,M20,benchmark,0,合格,0.6133794630915704,0.1784082760589474,0.6387184117852042,-0.30093647811561347,0.015266397558059568,0.52539497484556,0.9097011719958491,0.47197396583997675
E0650,M16,extended,1,欠拧,-0.9354904268487628,0.04321760623446411,-0.48766614157550847,-0.4141528061860959,-0.30826119543513525,-0.5945201310225271,-0.6124749256464167,-1.2829166423203726
E1686,M16,extended,4,虚拧,-0.6832076134795294,-1.928825860368968,-1.1436829558865804,-0.6534842653723139,-1.148181959928555,-1.2571628242352535,-0.9011572963718775,0.626763345632277
E1049,M12,extended,2,过拧,0.4768550126781426,-0.3109416739454396,-0.6022596879872101,-0.5040361534356168,-0.28827395876108575,-0.6931749543674787,-0.6804520100154127,-1.2180926707554895
B1177,M12,benchmark,4,虚拧,0.8756860453201049,-1.9296650657063978,-1.1408346233678002,-0.6487279352155223,-1.1940615710722957,-1.2564553504108014,-0.8262404726306434,0.7303228478023773
E0940,M24,extended,2,过拧,1.6138162647263843,0.8702425922704852,2.1588712944280477,0.7796764976557281,0.8514556523264122,2.0093889525315465,2.0950841668916453,1.8392648797424396
E1182,M16,extended,2,过拧,0.501716833648167,0.2943221466813258,0.14328862051571947,-0.27227009691700543,0.9817801626606709,0.03433464546317753,0.07553011657329602,-0.3723872848920507
E0875,M20,extended,1,欠拧,-1.3721171757630735,0.7263476546311999,0.04483016846806722,-0.03653803021393758,-0.1498088666503581,-0.07984666424856275,-0.1524565025441956,-0.8200759292291658
B1086,M16,benchmark,4,虚拧,0.25514649070412715,-1.9308203671523834,-1.1390175836575436,-0.6566841387030811,-1.1572470007494902,-1.2579262866795888,-0.7801972795417783,1.4246297402277581
E1280,M24,extended,3,滑牙,-0.4980373457345806,1.2594676108684533,-0.41717809659925204,4.844822914834372,2.3071432511703365,1.0859652351810136,0.8907697068171787,0.6255414046037214
E1733,M12,extended,4,虚拧,1.4106103985320833,-1.933621127953268,-1.1383846208755923,-0.6532136325768803,-1.1934032280540718,-1.2585082622721329,-0.15087438579612067,1.1851598471565434
E1610,M16,extended,4,虚拧,0.5506141433883441,-1.9340103711699104,-1.140867362822039,-0.6649921951374367,-1.2037542741131333,-1.2582991405141974,-0.09402605446187963,1.6758608156988213
E1178,M16,extended,2,过拧,0.8395070659605465,-0.1983182379212646,0.025950416523660366,-0.39844785769465774,0.03724680823265076,-0.08658804814602299,0.3037145002842974,-0.17217224736319045
E1162,M16,extended,2,过拧,1.2023028291907545,-0.05296525896263238,0.05029765732595618,-0.44374851598522846,-0.37635100240792924,-0.036411722507003384,0.2873719534206591,0.06955823661085234
B0885,M12,benchmark,2,过拧,1.1462200220603964,-0.6221682973015918,-0.5770175687690523,-0.5982731069540735,-0.7165505407107002,-0.6436069974096758,-0.4131282153889647,-0.6926885770022285
E0072,M24,extended,0,合格,-0.2645086805537181,1.2371375093137658,1.8680630921514112,0.25023951811832884,3.5562253945916353,1.6518486152368588,1.2794310688613344,0.7527454656763757
E1356,M24,extended,3,滑牙,-1.4059608684708234,1.8636542448922966,-0.20214536115844758,4.373891068061201,1.8360381211455914,0.9231221293690445,0.47501459546223823,0.02361325393715576
E0920,M24,extended,2,过拧,1.4054009129242027,1.1901962582898717,2.337132166182911,0.6565154622396632,3.694696315184412,2.2608181601770414,2.0054428702336677,1.7934726396973135
E1420,M24,extended,3,滑牙,-0.574814385348658,1.091352110245127,0.19376740237632856,3.5634072528535388,0.7203124550352233,0.990687532552908,0.8792454245954047,0.6073955803296687
E0557,M12,extended,0,合格,0.22245247757880604,-0.5394800247668058,-0.709154006077074,-0.5754410810930091,-0.6910049370650369,-0.8048480519841943,-0.8247662274790282,-1.2627240668234887
E0231,M20,extended,0,合格,-0.18201917051444758,0.8761085230942367,0.608210697010297,-0.25109196210122864,1.5114790788436232,0.5871574916732071,0.4377090016866054,-0.049061688736197547
E0889,M12,extended,1,欠拧,-0.3883866555604282,-0.5075983462000206,-0.8120486541740912,-0.5178496166366289,-0.8707105882316076,-0.9461533919060148,-1.029884068147072,-1.7381202239831055
E1214,M16,extended,3,滑牙,-0.3029870190781345,0.21823699385799758,-0.9189757117181941,0.6645637995657975,-0.20735712564231107,-0.5726783174271433,-0.5661620535664027,-0.7700374441098079
E0643,M20,extended,1,欠拧,-0.3242560913530684,0.3318238500507641,0.26027214708685764,-0.059465039159027545,-0.11873614004896371,0.12117475899698839,0.36119208259788643,-0.20336229211707615
E0081,M12,extended,0,合格,0.20391389431214096,-0.2551789811216282,-0.7151562393541977,-0.6107694198884395,-0.6820636299445122,-0.7876401221754713,-0.9513175887256193,-1.3069583320572067
E1167,M20,extended,2,过拧,0.6625641927273551,0.8960269447738679,1.228323243172757,0.3353509237075263,1.4294800075852419,1.0221679974491467,0.9343138745880615,0.42098847642348797
E1464,M24,extended,3,滑牙,-1.6432978472684812,1.5716134705059726,-0.3459588704783279,4.083485280248167,1.5293552456605843,0.8087638868314552,0.3627921779453714,0.0021070918345746504
E1317,M12,extended,3,滑牙,-0.21417427133550465,0.044183231847420644,-1.054631640356893,-0.648129380239182,-0.517396792855898,-1.0066341982681963,-1.2211044514712297,-1.4831622283749468
E1472,M24,extended,3,滑牙,-0.8934193396292559,1.2434223875144224,0.05892450351789461,3.5540413862459816,1.5600135740032703,1.003388952286116,0.7673106646690973,0.41167117608075054
B0721,M12,benchmark,1,欠拧,-0.42021840899892715,-0.636637250712555,-0.8292204979223711,-0.6450699555433093,-0.7561968112768858,-0.941675789816997,-1.0458131072242818,-1.6945885748408065
B0592,M24,benchmark,0,合格,0.37640175916342117,0.8444228511991491,1.6806188034825493,-0.06857297502256884,0.5911660516627165,1.6396217420080113,1.5459458265143347,1.2010756290534828
B1074,M16,benchmark,3,滑牙,-0.5055102630203686,0.1264470396963807,-0.9258291708055278,1.4098513245983408,-0.5354675133148022,-0.5882114073687598,-0.5620449543015257,-0.9682362789415516
B0671,M20,benchmark,0,合格,0.34392331095980594,0.4192463218283406,0.6067701610237873,-0.308645092454315,0.11337340429312186,0.543647744054144,0.707711607625135,0.2843143723795265
E1414,M16,extended,3,滑牙,-0.25391007190320247,0.009255611781754396,-0.9253107961134127,1.5008032764111545,-0.4655184247490987,-0.5325328708203457,-0.4139911881606418,-0.8412460575488945
E0289,M12,extended,0,合格,0.45149020689080577,-0.8380769934759426,-0.7041394130028227,-0.630216742416853,-0.7614419158847692,-0.7977166054384786,-0.6095983497408258,-1.1265692877166638
E1056,M24,extended,2,过拧,0.2092311623808738,1.6864483201976883,2.322344846018361,1.026954960071049,2.5367911300083863,2.1866420680687373,1.462381296456918,1.1335328387000625
B1063,M20,benchmark,3,滑牙,-0.46034941192308526,0.5114220032770296,-0.7392142816440501,3.0550935415883282,-0.019467247343924132,0.020135663773366636,0.13232451210930748,-0.21998069010543478
E0068,M24,extended,0,合格,0.2927266420547703,0.8775608604569318,1.6237012622882985,-0.044904340999562364,1.7784819181482783,1.6252608894344875,1.5138180693687657,1.1820438975337266
E0174,M16,extended,0,合格,-0.15830702912685243,0.0855119205719452,-0.1673869739081957,-0.3800363895343687,0.1940084995185761,-0.23925274640910327,-0.2236517562075715,-0.8075510336864695
B1090,M16,benchmark,4,虚拧,0.05574893812662113,-1.9352635837544359,-1.1398742660434602,-0.6635465877400907,-1.2306966375912112,-1.2616427009607794,-0.7220544890500216,1.2550854225156467
E1192,M24,extended,2,过拧,2.2105718229808646,0.7677363621237028,2.30424538439998,0.6574116845264522,1.54509323540894,2.249373771259595,2.4735696416697737,2.23984769742873
E0859,M20,extended,1,欠拧,-0.8061874013124661,0.4487054347250653,0.2490588840100495,0.06242281840635681,-0.3514652156985917,0.07416033501125603,0.19933075211016651,-0.45639573060525895
E0705,M12,extended,1,欠拧,-0.3956440079245103,-0.4142382778168545,-0.7901514158640032,-0.5401319937195072,-0.6679393520950858,-0.8994238681388547,-1.0649782941952814,-1.6900673930351504
E0509,M12,extended,0,合格,0.23179362418604071,-0.46806776782005627,-0.7039211499745637,-0.6427162751993757,-0.7529147901144786,-0.7880196535971796,-0.8626651150351886,-1.235535878938123
E0298,M16,extended,0,合格,0.8323215685703664,-0.42605487134118736,-0.17743798635952432,-0.5266674956132794,-0.5412953560544407,-0.22198261410570103,0.2521878343754,-0.11932329787815343
E1259,M20,extended,3,滑牙,-0.2621374664149585,0.5820967693259239,-0.6589917056074406,3.0536823935962376,0.3266240206197959,0.14904073536144433,0.24368395685449654,-0.03748379749063161
E0347,M20,extended,0,合格,0.22252433255270768,0.5936040252257382,0.5670135504264034,-0.11322791504515689,0.5818340354134945,0.5604084343395715,0.6114182291854784,0.1400336854328052
E1126,M16,extended,2,过拧,1.4284304320597305,0.046673463664158754,0.1177900422393573,-0.4894563055052009,-0.23256549222800188,0.052401870510772226,0.3693004309317708,0.16914643043814617
E1424,M24,extended,3,滑牙,-1.1202295647503004,1.4836520661838544,-0.0547468815994125,3.5212615028282825,0.5202529766103717,0.9473891174472664,0.5819513047525811,0.27096466664255453
B0701,M12,benchmark,1,欠拧,-0.34283060210668453,-0.5928201263908717,-0.8017248129374388,-0.6217610035695749,-0.8270174390029801,-0.9225400942608492,-1.0070872040952639,-1.6390819036186615
E1189,M12,extended,2,过拧,0.7117489223631394,-0.6361991238427224,-0.6429439164546948,-0.5746494236424194,-0.746538413967427,-0.7319188864527615,-0.5702791528312797,-0.9707107095243769
E1110,M16,extended,2,过拧,0.33127683555308834,0.5749318016297286,0.030364786270199555,-0.3071192210715041,0.14003614865220157,-0.07955386018130606,-0.12358287189182662,-0.5522570042954578
B0561,M12,benchmark,0,合格,0.42784992047711223,-0.46959850462044295,-0.7143213832711067,-0.633076502206424,-0.8015102867792754,-0.774851755681129,-0.8360567879084726,-1.1422712299336053
E1785,M12,extended,4,虚拧,1.5581645874394374,-1.9255686051676333,-1.1341612312787799,-0.6429604447795392,-1.0730113142758722,-1.2548469088016425,-0.7922609197458504,1.3106226422635057
E0186,M16,extended,0,合格,-0.07491933191380916,0.13555685971248424,-0.20677253735753912,-0.38594716125392836,0.11447203712096138,-0.23562620138694637,-0.19774459445784304,-0.7189908576418913
E1212,M24,extended,3,滑牙,-1.1139781820208432,1.4680915400754313,0.23413514945283767,2.5427459197210003,1.1073354167665346,1.1187278567613637,0.669255383487266,0.3074396063449443
E0280,M24,extended,0,合格,1.1289748283239638,0.8913595684921177,1.7274744190740583,0.22978996652815206,1.3958315773240078,1.6050360567188993,1.7197089898114377,1.5953043533912832
B0375,M20,benchmark,0,合格,0.1276757670023271,0.6603303665595086,0.6097603645109361,-0.23490282123103545,0.17205674097528356,0.5263165060023743,0.5009936716096063,0.10612482189038343
E0268,M24,extended,0,合格,0.9986299056660911,0.7826814907043893,1.6774703592999127,0.14545129018380268,0.8612695714723015,1.5895944234926784,1.7101803321241678,1.5529946452775403
E0600,M24,extended,0,合格,-0.7023210365374091,1.6807199477675792,1.6478684360922808,0.2973918848877256,4.118477574324028,1.649432518751785,0.9663337601371703,0.5422355749819326
E1656,M24,extended,4,虚拧,-2.9292503877021137,-1.9332251628181085,-1.1355308317811055,-0.6447224741720754,-1.2213764174512372,-1.2589107321586117,-0.11507899437092343,1.3136163977834674
E0165,M12,extended,0,合格,0.16213022698824164,-0.42268020000410206,-0.69773339312342,-0.5370139157020926,-0.5244402398850242,-0.7741046430220971,-0.8530285857514589,-1.354491838068026
E1202,M16,extended,3,滑牙,-0.01107618760205642,0.22032355878440968,-0.881210751253674,1.3709826629882016,-0.2556606103787084,-0.4593585561281619,-0.3994644798374077,-0.6575883209569644
E1768,M24,extended,4,虚拧,-3.1988861772686326,-1.933029065808826,-1.1359782709890365,-0.6630091011100102,-1.2212740896138512,-1.2588603846596966,-0.7834514060349783,1.0843497123006938
B1043,M20,benchmark,3,滑牙,-0.5230428766524082,0.3306306001079702,-0.7460131749743192,2.6013248384925265,0.040157122363160505,-0.017800061575658884,0.14386677293049108,-0.19633613120288
E1300,M24,extended,3,滑牙,-0.29360994498394877,0.9544960092004623,0.320545482340591,2.369278293274722,0.4430928545912696,1.1707310618464166,1.0872757983678594,0.76988318860187
E0375,M20,extended,0,合格,-0.17691746736741965,0.9975037909843224,0.5637668878810501,-0.03327672080897804,0.7516176039295691,0.49962163669797627,0.33888064073014695,-0.055904558496109896
B0632,M24,benchmark,0,合格,0.931229940146199,0.6048700992410913,1.7498027268649579,0.061584035226732864,0.5916056313748428,1.6299112687062747,1.8777948144230694,1.5293806349006995
B0391,M20,benchmark,0,合格,0.12185551411628077,0.7091720737991871,0.60535690791581,-0.1447888854068515,0.35678040064696714,0.5153009077433207,0.49971719105150036,0.1276004354672505
