id,spec,grade,wear,temp,target_torque,speed,label,label_name,source,workstation_id,workstation_name,device_no,operator,workshop,batch_id,record_time
E1116,M24,12.9,2,50.0,520.0,123.96,2,过拧,extended,WS-004,四号装配工位,WS-004,刘洋,总装二车间,M24-03,2026-08-01 08:02:14
E1242,M16,12.9,2,50.0,180.0,127.02,3,滑牙,extended,WS-002,二号装配工位,WS-002,李强,总装一车间,M16-05,2026-08-01 08:04:36
E0288,M24,12.9,2,50.0,520.0,168.44,0,合格,extended,WS-004,四号装配工位,WS-004,刘洋,总装二车间,M24-06,2026-08-01 08:05:19
E1059,M20,12.9,2,50.0,320.0,186.47,2,过拧,extended,WS-003,三号装配工位,WS-003,王芳,总装二车间,M20-01,2026-08-01 08:05:23
E0209,M12,10.9,1,20.0,80.0,184.2,0,合格,extended,WS-001,一号装配工位,WS-001,张伟,总装一车间,M12-05,2026-08-01 08:06:37
E0282,M16,12.9,2,50.0,180.0,167.91,0,合格,extended,WS-002,二号装配工位,WS-002,李强,总装一车间,M16-05,2026-08-01 08:07:10
E0749,M12,10.9,1,20.0,80.0,121.12,1,欠拧,extended,WS-001,一号装配工位,WS-001,张伟,总装一车间,M12-02,2026-08-01 08:07:10
E0796,M24,8.8,0,-10.0,520.0,178.63,1,欠拧,extended,WS-004,四号装配工位,WS-004,刘洋,总装二车间,M24-01,2026-08-01 08:09:58
E0713,M12,10.9,1,20.0,80.0,112.05,1,欠拧,extended,WS-001,一号装配工位,WS-001,张伟,总装一车间,M12-05,2026-08-01 08:13:17
E0539,M20,10.9,1,20.0,320.0,143.17,0,合格,extended,WS-003,三号装配工位,WS-003,王芳,总装二车间,M20-03,2026-08-01 08:14:01
E0422,M16,10.9,1,20.0,180.0,180.84,0,合格,extended,WS-002,二号装配工位,WS-002,李强,总装一车间,M16-04,2026-08-01 08:17:18
B0901,M12,8.8,0,20.0,80.0,173.5,2,过拧,benchmark,WS-001,一号装配工位,WS-001,张伟,总装一车间,M12-04,2026-08-01 08:18:55
E0094,M16,8.8,0,-10.0,180.0,172.39,0,合格,extended,WS-002,二号装配工位,WS-002,李强,总装一车间,M16-06,2026-08-01 08:19:26
E1428,M24,12.9,2,50.0,520.0,185.86,3,滑牙,extended,WS-004,四号装配工位,WS-004,刘洋,总装二车间,M24-03,2026-08-01 08:19:57
E0037,M12,8.8,0,-10.0,80.0,119.91,0,合格,extended,WS-001,一号装配工位,WS-001,张伟,总装一车间,M12-04,2026-08-01 08:20:21
E1589,M12,10.9,1,20.0,80.0,163.29,4,虚拧,extended,WS-001,一号装配工位,WS-001,张伟,总装一车间,M12-02,2026-08-01 08:20:27
E0350,M16,10.9,1,20.0,180.0,122.38,0,合格,extended,WS-002,二号装配工位,WS-002,李强,总装一车间,M16-04,2026-08-01 08:20:28
B0773,M12,8.8,0,20.0,80.0,145.7,1,欠拧,benchmark,WS-001,一号装配工位,WS-001,张伟,总装一车间,M12-02,2026-08-01 08:21:07
B0381,M12,8.8,0,20.0,80.0,185.27,0,合格,benchmark,WS-001,一号装配工位,WS-001,张伟,总装一车间,M12-06,2026-08-01 08:22:55
B0846,M16,8.8,0,20.0,180.0,168.81,2,过拧,benchmark,WS-002,二号装配工位,WS-002,李强,总装一车间,M16-02,2026-08-01 08:23:27
E1446,M16,12.9,2,50.0,180.0,153.92,3,滑牙,extended,WS-002,二号装配工位,WS-002,李强,总装一车间,M16-02,2026-08-01 08:23:38
B0845,M12,8.8,0,20.0,80.0,178.31,2,过拧,benchmark,WS-001,一号装配工位,WS-001,张伟,总装一车间,M12-02,2026-08-01 08:23:38
E1201,M12,8.8,0,-10.0,80.0,163.9,3,滑牙,extended,WS-001,一号装配工位,WS-001,张伟,总装一车间,M12-01,2026-08-01 08:27:54
B0465,M12,8.8,0,20.0,80.0,163.29,0,合格,benchmark,WS-001,一号装配工位,WS-001,张伟,总装一车间,M12-03,2026-08-01 08:28:07
B0575,M20,8.8,0,20.0,320.0,118.25,0,合格,benchmark,WS-003,三号装配工位,WS-003,王芳,总装二车间,M20-06,2026-08-01 08:30:34
B1190,M16,8.8,0,20.0,180.0,153.02,4,虚拧,benchmark,WS-002,二号装配工位,WS-002,李强,总装一车间,M16-04,2026-08-01 08:31:35
B0104,M24,8.8,0,20.0,520.0,123.75,0,合格,benchmark,WS-004,四号装配工位,WS-004,刘洋,总装二车间,M24-02,2026-08-01 08:31:48
E1002,M16,12.9,2,50.0,180.0,147.91,2,过拧,extended,WS-002,二号装配工位,WS-002,李强,总装一车间,M16-05,2026-08-01 08:32:25
B0707,M20,8.8,0,20.0,320.0,172.84,1,欠拧,benchmark,WS-003,三号装配工位,WS-003,王芳,总装二车间,M20-03,2026-08-01 08:33:55
E0079,M20,8.8,0,-10.0,320.0,172.03,0,合格,extended,WS-003,三号装配工位,WS-003,王芳,总装二车间,M20-02,2026-08-01 08:35:05
B1175,M20,8.8,0,20.0,320.0,157.59,4,虚拧,benchmark,WS-003,三号装配工位,WS-003,王芳,总装二车间,M20-06,2026-08-01 08:36:55
E0607,M20,8.8,0,-10.0,320.0,181.17,1,欠拧,extended,WS-003,三号装配工位,WS-003,王芳,总装二车间,M20-02,2026-08-01 08:37:04
E0332,M24,10.9,1,20.0,520.0,181.61,0,合格,extended,WS-004,四号装配工位,WS-004,刘洋,总装二车间,M24-05,2026-08-01 08:40:00
E1243,M20,8.8,0,-10.0,320.0,148.05,3,滑牙,extended,WS-003,三号装配工位,WS-003,王芳,总装二车间,M20-05,2026-08-01 08:40:47
B0303,M20,8.8,0,20.0,320.0,168.39,0,合格,benchmark,WS-003,三号装配工位,WS-003,王芳,总装二车间,M20-04,2026-08-01 08:42:50
E0563,M20,10.9,1,20.0,320.0,164.88,0,合格,extended,WS-003,三号装配工位,WS-003,王芳,总装二车间,M20-03,2026-08-01 08:44:01
B1070,M16,8.8,0,20.0,180.0,111.7,3,滑牙,benchmark,WS-002,二号装配工位,WS-002,李强,总装一车间,M16-04,2026-08-01 08:46:20
B0801,M12,8.8,0,20.0,80.0,181.09,1,欠拧,benchmark,WS-001,一号装配工位,WS-001,张伟,总装一车间,M12-03,2026-08-01 08:52:14
B0790,M16,8.8,0,20.0,180.0,184.97,1,欠拧,benchmark,WS-002,二号装配工位,WS-002,李强,总装一车间,M16-06,2026-08-01 08:53:08
E0482,M16,10.9,1,20.0,180.0,129.02,0,合格,extended,WS-002,二号装配工位,WS-002,李强,总装一车间,M16-01,2026-08-01 08:53:52
B1121,M12,8.8,0,20.0,80.0,122.1,4,虚拧,benchmark,WS-001,一号装配工位,WS-001,张伟,总装一车间,M12-05,2026-08-01 09:00:04
B0410,M16,8.8,0,20.0,180.0,159.42,0,合格,benchmark,WS-002,二号装配工位,WS-002,李强,总装一车间,M16-01,2026-08-01 09:00:12
B0839,M20,8.8,0,20.0,320.0,144.57,2,过拧,benchmark,WS-003,三号装配工位,WS-003,王芳,总装二车间,M20-06,2026-08-01 09:02:57
B1038,M16,8.8,0,20.0,180.0,168.36,3,滑牙,benchmark,WS-002,二号装配工位,WS-002,李强,总装一车间,M16-02,2026-08-01 09:03:25
B0889,M12,8.8,0,20.0,80.0,180.72,2,过拧,benchmark,WS-001,一号装配工位,WS-001,张伟,总装一车间,M12-01,2026-08-01 09:08:02
E0424,M24,8.8,0,-10.0,520.0,139.81,0,合格,extended,WS-004,四号装配工位,WS-004,刘洋,总装二车间,M24-04,2026-08-01 09:11:37
E1775,M20,10.9,1,20.0,320.0,149.01,4,虚拧,extended,WS-003,三号装配工位,WS-003,王芳,总装二车间,M20-06,2026-08-01 09:14:50
E0166,M16,8.8,0,-10.0,180.0,168.69,0,合格,extended,WS-002,二号装配工位,WS-002,李强,总装一车间,M16-06,2026-08-01 09:16:19
B0478,M16,8.8,0,20.0,180.0,157.07,0,合格,benchmark,WS-002,二号装配工位,WS-002,李强,总装一车间,M16-06,2026-08-01 09:17:03
B0415,M20,8.8,0,20.0,320.0,113.93,0,合格,benchmark,WS-003,三号装配工位,WS-003,王芳,总装二车间,M20-02,2026-08-01 09:17:35
E0452,M24,10.9,1,20.0,520.0,121.75,0,合格,extended,WS-004,四号装配工位,WS-004,刘洋,总装二车间,M24-05,2026-08-01 09:18:27
E0394,M16,8.8,0,-10.0,180.0,135.78,0,合格,extended,WS-002,二号装配工位,WS-002,李强,总装一车间,M16-03,2026-08-01 09:22:13
B0233,M12,8.8,0,20.0,80.0,172.29,0,合格,benchmark,WS-001,一号装配工位,WS-001,张伟,总装一车间,M12-05,2026-08-01 09:24:20
E0890,M16,10.9,1,20.0,180.0,177.52,1,欠拧,extended,WS-002,二号装配工位,WS-002,李强,总装一车间,M16-01,2026-08-01 09:25:23
E0329,M12,10.9,1,20.0,80.0,165.92,0,合格,extended,WS-001,一号装配工位,WS-001,张伟,总装一车间,M12-05,2026-08-01 09:28:49
E0971,M20,10.9,1,20.0,320.0,172.23,2,过拧,extended,WS-003,三号装配工位,WS-003,王芳,总装二车间,M20-03,2026-08-01 09:30:18
B0540,M24,8.8,0,20.0,520.0,159.43,0,合格,benchmark,WS-004,四号装配工位,WS-004,刘洋,总装二车间,M24-03,2026-08-01 09:31:21
B0300,M24,8.8,0,20.0,520.0,126.75,0,合格,benchmark,WS-004,四号装配工位,WS-004,刘洋,总装二车间,M24-03,2026-08-01 09:33:21
B1167,M20,8.8,0,20.0,320.0,118.19,4,虚拧,benchmark,WS-003,三号装配工位,WS-003,王芳,总装二车间,M20-04,2026-08-01 09:34:46
B0369,M12,8.8,0,20.0,80.0,140.34,0,合格,benchmark,WS-001,一号装配工位,WS-001,张伟,总装一车间,M12-03,2026-08-01 09:35:31
B0170,M16,8.8,0,20.0,180.0,129.23,0,合格,benchmark,WS-002,二号装配工位,WS-002,李强,总装一车间,M16-01,2026-08-01 09:38:06
B0272,M24,8.8,0,20.0,520.0,146.15,0,合格,benchmark,WS-004,四号装配工位,WS-004,刘洋,总装二车间,M24-02,2026-08-01 09:38:30
E0544,M24,8.8,0,-10.0,520.0,188.23,0,合格,extended,WS-004,四号装配工位,WS-004,刘洋,总装二车间,M24-04,2026-08-01 09:39:57
E0938,M16,10.9,1,20.0,180.0,181.07,2,过拧,extended,WS-002,二号装配工位,WS-002,李强,总装一车间,M16-01,2026-08-01 09:40:20
E0583,M20,8.8,0,-10.0,320.0,110.91,0,合格,extended,WS-003,三号装配工位,WS-003,王芳,总装二车间,M20-02,2026-08-01 09:42:19
E1061,M12,10.9,1,20.0,80.0,134.17,2,过拧,extended,WS-001,一号装配工位,WS-001,张伟,总装一车间,M12-02,2026-08-01 09:42:40
B0821,M12,8.8,0,20.0,80.0,161.52,1,欠拧,benchmark,WS-001,一号装配工位,WS-001,张伟,总装一车间,M12-02,2026-08-01 09:43:32
E1512,M24,12.9,2,50.0,520.0,170.2,4,虚拧,extended,WS-004,四号装配工位,WS-004,刘洋,总装二车间,M24-06,2026-08-01 09:43:33
B1180,M24,8.8,0,20.0,520.0,129.02,4,虚拧,benchmark,WS-004,四号装配工位,WS-004,刘洋,总装二车间,M24-01,2026-08-01 09:47:14
B0454,M16,8.8,0,20.0,180.0,162.72,0,合格,benchmark,WS-002,二号装配工位,WS-002,李强,总装一车间,M16-06,2026-08-01 09:47:23
E0199,M20,8.8,0,-10.0,320.0,179.93,0,合格,extended,WS-003,三号装配工位,WS-003,王芳,总装二车间,M20-02,2026-08-01 09:48:02
B0429,M12,8.8,0,20.0,80.0,158.64,0,合格,benchmark,WS-001,一号装配工位,WS-001,张伟,总装一车间,M12-06,2026-08-01 09:48:26
E1129,M12,8.8,0,-10.0,80.0,174.3,2,过拧,extended,WS-001,一号装配工位,WS-001,张伟,总装一车间,M12-01,2026-08-01 09:53:49
E1023,M20,12.9,2,50.0,320.0,182.16,2,过拧,extended,WS-003,三号装配工位,WS-003,王芳,总装二车间,M20-04,2026-08-01 09:54:03
E1436,M24,10.9,1,20.0,520.0,164.68,3,滑牙,extended,WS-004,四号装配工位,WS-004,刘洋,总装二车间,M24-05,2026-08-01 09:54:37
E1210,M16,8.8,0,-10.0,180.0,123.02,3,滑牙,extended,WS-002,二号装配工位,WS-002,李强,总装一车间,M16-03,2026-08-01 09:54:48
E1269,M12,12.9,2,50.0,80.0,160.42,3,滑牙,extended,WS-001,一号装配工位,WS-001,张伟,总装一车间,M12-06,2026-08-01 09:56:34
B0830,M16,8.8,0,20.0,180.0,123.28,2,过拧,benchmark,WS-002,二号装配工位,WS-002,李强,总装一车间,M16-04,2026-08-01 10:05:16
E0293,M12,10.9,1,20.0,80.0,113.66,0,合格,extended,WS-001,一号装配工位,WS-001,张伟,总装一车间,M12-02,2026-08-01 10:06:21
E0100,M24,8.8,0,-10.0,520.0,159.33,0,合格,extended,WS-004,四号装配工位,WS-004,刘洋,总装二车间,M24-01,2026-08-01 10:07:54
E0390,M16,12.9,2,50.0,180.0,164.54,0,合格,extended,WS-002,二号装配工位,WS-002,李强,总装一车间,M16-02,2026-08-01 10:08:53
E0744,M24,12.9,2,50.0,520.0,155.96,1,欠拧,extended,WS-004,四号装配工位,WS-004,刘洋,总装二车间,M24-06,2026-08-01 10:09:50
E0669,M12,12.9,2,50.0,80.0,142.94,1,欠拧,extended,WS-001,一号装配工位,WS-001,张伟,总装一车间,M12-06,2026-08-01 10:10:17
B0138,M16,8.8,0,20.0,180.0,111.61,0,合格,benchmark,WS-002,二号装配工位,WS-002,李强,总装一车间,M16-05,2026-08-01 10:13:07
E1359,M20,12.9,2,50.0,320.0,138.52,3,滑牙,extended,WS-003,三号装配工位,WS-003,王芳,总装二车间,M20-04,2026-08-01 10:14:08
E0336,M24,12.9,2,50.0,520.0,131.82,0,合格,extended,WS-004,四号装配工位,WS-004,刘洋,总装二车间,M24-06,2026-08-01 10:15:08
E1751,M20,10.9,1,20.0,320.0,117.5,4,虚拧,extended,WS-003,三号装配工位,WS-003,王芳,总装二车间,M20-06,2026-08-01 10:15:58
E1063,M20,8.8,0,-10.0,320.0,158.05,2,过拧,extended,WS-003,三号装配工位,WS-003,王芳,总装二车间,M20-02,2026-08-01 10:17:15
B0385,M12,8.8,0,20.0,80.0,162.66,0,合格,benchmark,WS-001,一号装配工位,WS-001,张伟,总装一车间,M12-01,2026-08-01 10:17:51
E1299,M20,12.9,2,50.0,320.0,123.66,3,滑牙,extended,WS-003,三号装配工位,WS-003,王芳,总装二车间,M20-01,2026-08-01 10:19:37
B0787,M20,8.8,0,20.0,320.0,135.75,1,欠拧,benchmark,WS-003,三号装配工位,WS-003,王芳,总装二车间,M20-05,2026-08-01 10:19:52
B0147,M20,8.8,0,20.0,320.0,129.35,0,合格,benchmark,WS-003,三号装配工位,WS-003,王芳,总装二车间,M20-01,2026-08-01 10:29:52
E1122,M16,12.9,2,50.0,180.0,123.18,2,过拧,extended,WS-002,二号装配工位,WS-002,李强,总装一车间,M16-05,2026-08-01 10:30:30
B0663,M20,8.8,0,20.0,320.0,157.29,0,合格,benchmark,WS-003,三号装配工位,WS-003,王芳,总装二车间,M20-04,2026-08-01 10:31:50
E0483,M20,12.9,2,50.0,320.0,121.55,0,合格,extended,WS-003,三号装配工位,WS-003,王芳,总装二车间,M20-01,2026-08-01 10:31:56
E1666,M16,8.8,0,-10.0,180.0,135.9,4,虚拧,extended,WS-002,二号装配工位,WS-002,李强,总装一车间,M16-03,2026-08-01 10:31:57
E0246,M16,12.9,2,50.0,180.0,158.49,0,合格,extended,WS-002,二号装配工位,WS-002,李强,总装一车间,M16-02,2026-08-01 10:34:50
E1564,M24,8.8,0,-10.0,520.0,153.49,4,虚拧,extended,WS-004,四号装配工位,WS-004,刘洋,总装二车间,M24-01,2026-08-01 10:35:04
B0970,M16,8.8,0,20.0,180.0,152.92,3,滑牙,benchmark,WS-002,二号装配工位,WS-002,李强,总装一车间,M16-03,2026-08-01 10:35:46
B0844,M24,8.8,0,20.0,520.0,130.63,2,过拧,benchmark,WS-004,四号装配工位,WS-004,刘洋,总装二车间,M24-01,2026-08-01 10:36:13
E0709,M12,8.8,0,-10.0,80.0,178.02,1,欠拧,extended,WS-001,一号装配工位,WS-001,张伟,总装一车间,M12-04,2026-08-01 10:37:52
E0066,M16,12.9,2,50.0,180.0,112.46,0,合格,extended,WS-002,二号装配工位,WS-002,李强,总装一车间,M16-05,2026-08-01 10:39:42
B0117,M12,8.8,0,20.0,80.0,183.82,0,合格,benchmark,WS-001,一号装配工位,WS-001,张伟,总装一车间,M12-06,2026-08-01 10:40:58
B0328,M24,8.8,0,20.0,520.0,141.6,0,合格,benchmark,WS-004,四号装配工位,WS-004,刘洋,总装二车间,M24-04,2026-08-01 10:41:37
E1430,M16,10.9,1,20.0,180.0,111.87,3,滑牙,extended,WS-002,二号装配工位,WS-002,李强,总装一车间,M16-04,2026-08-01 10:46:30
E1003,M20,8.8,0,-10.0,320.0,187.25,2,过拧,extended,WS-003,三号装配工位,WS-003,王芳,总装二车间,M20-05,2026-08-01 10:49:12
E1528,M24,8.8,0,-10.0,520.0,160.34,4,虚拧,extended,WS-004,四号装配工位,WS-004,刘洋,总装二车间,M24-04,2026-08-01 10:53:12
B0870,M16,8.8,0,20.0,180.0,173.25,2,过拧,benchmark,WS-002,二号装配工位,WS-002,李强,总装一车间,M16-02,2026-08-01 10:53:27
E0838,M16,8.8,0,-10.0,180.0,150.65,1,欠拧,extended,WS-002,二号装配工位,WS-002,李强,总装一车间,M16-06,2026-08-01 10:53:53
E1572,M24,12.9,2,50.0,520.0,132.38,4,虚拧,extended,WS-004,四号装配工位,WS-004,刘洋,总装二车间,M24-03,2026-08-01 10:54:31
E1681,M12,8.8,0,-10.0,80.0,170.43,4,虚拧,extended,WS-001,一号装配工位,WS-001,张伟,总装一车间,M12-01,2026-08-01 10:55:35
E0040,M24,8.8,0,-10.0,520.0,173.84,0,合格,extended,WS-004,四号装配工位,WS-004,刘洋,总装二车间,M24-04,2026-08-01 10:56:53
E0252,M24,12.9,2,50.0,520.0,111.01,0,合格,extended,WS-004,四号装配工位,WS-004,刘洋,总装二车间,M24-03,2026-08-01 10:57:27
B1099,M20,8.8,0,20.0,320.0,177.5,4,虚拧,benchmark,WS-003,三号装配工位,WS-003,王芳,总装二车间,M20-05,2026-08-01 10:58:06
B0250,M16,8.8,0,20.0,180.0,167.89,0,合格,benchmark,WS-002,二号装配工位,WS-002,李强,总装一车间,M16-03,2026-08-01 10:59:46
B1019,M20,8.8,0,20.0,320.0,190.59,3,滑牙,benchmark,WS-003,三号装配工位,WS-003,王芳,总装二车间,M20-03,2026-08-01 10:59:59
B0902,M16,8.8,0,20.0,180.0,163.16,2,过拧,benchmark,WS-002,二号装配工位,WS-002,李强,总装一车间,M16-04,2026-08-01 11:02:57
E0671,M20,10.9,1,20.0,320.0,194.26,1,欠拧,extended,WS-003,三号装配工位,WS-003,王芳,总装二车间,M20-06,2026-08-01 11:06:27
B0817,M12,8.8,0,20.0,80.0,186.5,1,欠拧,benchmark,WS-001,一号装配工位,WS-001,张伟,总装一车间,M12-01,2026-08-01 11:06:42
E1139,M20,10.9,1,20.0,320.0,153.84,2,过拧,extended,WS-003,三号装配工位,WS-003,王芳,总装二车间,M20-03,2026-08-01 11:07:42
B0562,M16,8.8,0,20.0,180.0,187.19,0,合格,benchmark,WS-002,二号装配工位,WS-002,李强,总装一车间,M16-03,2026-08-01 11:07:48
B0056,M24,8.8,0,20.0,520.0,168.68,0,合格,benchmark,WS-004,四号装配工位,WS-004,刘洋,总装二车间,M24-02,2026-08-01 11:09:13
E1171,M20,8.8,0,-10.0,320.0,166.05,2,过拧,extended,WS-003,三号装配工位,WS-003,王芳,总装二车间,M20-05,2026-08-01 11:09:48
B0811,M20,8.8,0,20.0,320.0,119.72,1,欠拧,benchmark,WS-003,三号装配工位,WS-003,王芳,总装二车间,M20-05,2026-08-01 11:10:49
E1322,M16,10.9,1,20.0,180.0,135.43,3,滑牙,extended,WS-002,二号装配工位,WS-002,李强,总装一车间,M16-01,2026-08-01 11:10:50
B1110,M16,8.8,0,20.0,180.0,166.17,4,虚拧,benchmark,WS-002,二号装配工位,WS-002,李强,总装一车间,M16-02,2026-08-01 11:12:53
B0397,M12,8.8,0,20.0,80.0,178.96,0,合格,benchmark,WS-001,一号装配工位,WS-001,张伟,总装一车间,M12-04,2026-08-01 11:13:28
B0352,M24,8.8,0,20.0,520.0,183.74,0,合格,benchmark,WS-004,四号装配工位,WS-004,刘洋,总装二车间,M24-04,2026-08-01 11:14:00
E1580,M24,10.9,1,20.0,520.0,139.81,4,虚拧,extended,WS-004,四号装配工位,WS-004,刘洋,总装二车间,M24-05,2026-08-01 11:14:53
E0606,M16,12.9,2,50.0,180.0,183.52,1,欠拧,extended,WS-002,二号装配工位,WS-002,李强,总装一车间,M16-02,2026-08-01 11:15:08
E0581,M12,10.9,1,20.0,80.0,178.5,0,合格,extended,WS-001,一号装配工位,WS-001,张伟,总装一车间,M12-02,2026-08-01 11:22:01
E0326,M16,10.9,1,20.0,180.0,162.87,0,合格,extended,WS-002,二号装配工位,WS-002,李强,总装一车间,M16-04,2026-08-01 11:24:39
E0263,M20,10.9,1,20.0,320.0,123.28,0,合格,extended,WS-003,三号装配工位,WS-003,王芳,总装二车间,M20-06,2026-08-01 11:25:15
E0318,M16,12.9,2,50.0,180.0,135.7,0,合格,extended,WS-002,二号装配工位,WS-002,李强,总装一车间,M16-02,2026-08-01 11:29:49
E0070,M16,8.8,0,-10.0,180.0,152.49,0,合格,extended,WS-002,二号装配工位,WS-002,李强,总装一车间,M16-06,2026-08-01 11:30:22
E0086,M16,10.9,1,20.0,180.0,168.02,0,合格,extended,WS-002,二号装配工位,WS-002,李强,总装一车间,M16-04,2026-08-01 11:31:31
E1684,M24,8.8,0,-10.0,520.0,121.9,4,虚拧,extended,WS-004,四号装配工位,WS-004,刘洋,总装二车间,M24-01,2026-08-01 11:32:11
B0574,M16,8.8,0,20.0,180.0,144.05,0,合格,benchmark,WS-002,二号装配工位,WS-002,李强,总装一车间,M16-06,2026-08-01 11:32:46
E1212,M24,12.9,2,50.0,520.0,163.65,3,滑牙,extended,WS-004,四号装配工位,WS-004,刘洋,总装二车间,M24-03,2026-08-01 11:33:39
E0776,M24,10.9,1,20.0,520.0,184.13,1,欠拧,extended,WS-004,四号装配工位,WS-004,刘洋,总装二车间,M24-02,2026-08-01 11:36:27
B0699,M20,8.8,0,20.0,320.0,166.63,0,合格,benchmark,WS-003,三号装配工位,WS-003,王芳,总装二车间,M20-01,2026-08-01 11:36:37
E0442,M16,8.8,0,-10.0,180.0,157.04,0,合格,extended,WS-002,二号装配工位,WS-002,李强,总装一车间,M16-03,2026-08-01 11:38:14
E1772,M24,10.9,1,20.0,520.0,126.62,4,虚拧,extended,WS-004,四号装配工位,WS-004,刘洋,总装二车间,M24-05,2026-08-01 11:39:36
E1305,M12,12.9,2,50.0,80.0,123.34,3,滑牙,extended,WS-001,一号装配工位,WS-001,张伟,总装一车间,M12-03,2026-08-01 11:39:43
E0264,M24,12.9,2,50.0,520.0,140.23,0,合格,extended,WS-004,四号装配工位,WS-004,刘洋,总装二车间,M24-06,2026-08-01 11:40:08
E0253,M12,8.8,0,-10.0,80.0,113.68,0,合格,extended,WS-001,一号装配工位,WS-001,张伟,总装一车间,M12-04,2026-08-01 11:41:23
E1078,M16,8.8,0,-10.0,180.0,125.96,2,过拧,extended,WS-002,二号装配工位,WS-002,李强,总装一车间,M16-06,2026-08-01 11:42:07
B0848,M24,8.8,0,20.0,520.0,137.72,2,过拧,benchmark,WS-004,四号装配工位,WS-004,刘洋,总装二车间,M24-02,2026-08-01 11:43:09
E0453,M12,12.9,2,50.0,80.0,172.38,0,合格,extended,WS-001,一号装配工位,WS-001,张伟,总装一车间,M12-06,2026-08-01 11:44:15
B0584,M24,8.8,0,20.0,520.0,180.48,0,合格,benchmark,WS-004,四号装配工位,WS-004,刘洋,总装二车间,M24-02,2026-08-01 11:44:28
E1418,M16,10.9,1,20.0,180.0,155.28,3,滑牙,extended,WS-002,二号装配工位,WS-002,李强,总装一车间,M16-01,2026-08-01 11:47:07
E1114,M16,8.8,0,-10.0,180.0,153.77,2,过拧,extended,WS-002,二号装配工位,WS-002,李强,总装一车间,M16-03,2026-08-01 11:48:07
B0887,M20,8.8,0,20.0,320.0,129.76,2,过拧,benchmark,WS-003,三号装配工位,WS-003,王芳,总装二车间,M20-06,2026-08-01 11:49:04
B0546,M16,8.8,0,20.0,180.0,159.33,0,合格,benchmark,WS-002,二号装配工位,WS-002,李强,总装一车间,M16-05,2026-08-01 11:50:36
E0783,M20,12.9,2,50.0,320.0,163.92,1,欠拧,extended,WS-003,三号装配工位,WS-003,王芳,总装二车间,M20-04,2026-08-01 11:53:41
B0898,M16,8.8,0,20.0,180.0,174.57,2,过拧,benchmark,WS-002,二号装配工位,WS-002,李强,总装一车间,M16-03,2026-08-01 11:55:26
E0067,M20,8.8,0,-10.0,320.0,166.84,0,合格,extended,WS-003,三号装配工位,WS-003,王芳,总装二车间,M20-05,2026-08-01 11:57:49
E1288,M24,8.8,0,-10.0,520.0,163.98,3,滑牙,extended,WS-004,四号装配工位,WS-004,刘洋,总装二车间,M24-04,2026-08-01 11:58:46
B0542,M16,8.8,0,20.0,180.0,128.57,0,合格,benchmark,WS-002,二号装配工位,WS-002,李强,总装一车间,M16-04,2026-08-01 11:59:18
B1026,M16,8.8,0,20.0,180.0,150.26,3,滑牙,benchmark,WS-002,二号装配工位,WS-002,李强,总装一车间,M16-05,2026-08-01 12:00:03
B1021,M12,8.8,0,20.0,80.0,142.9,3,滑牙,benchmark,WS-001,一号装配工位,WS-001,张伟,总装一车间,M12-04,2026-08-01 12:01:41
E0601,M12,8.8,0,-10.0,80.0,108.97,1,欠拧,extended,WS-001,一号装配工位,WS-001,张伟,总装一车间,M12-01,2026-08-01 12:06:26
E0779,M20,10.9,1,20.0,320.0,129.41,1,欠拧,extended,WS-003,三号装配工位,WS-003,王芳,总装二车间,M20-03,2026-08-01 12:06:39
B0858,M16,8.8,0,20.0,180.0,129.33,2,过拧,benchmark,WS-002,二号装配工位,WS-002,李强,总装一车间,M16-05,2026-08-01 12:07:14
B1136,M24,8.8,0,20.0,520.0,124.52,4,虚拧,benchmark,WS-004,四号装配工位,WS-004,刘洋,总装二车间,M24-02,2026-08-01 12:11:01
E1457,M12,10.9,1,20.0,80.0,155.61,3,滑牙,extended,WS-001,一号装配工位,WS-001,张伟,总装一车间,M12-05,2026-08-01 12:11:43
B0150,M16,8.8,0,20.0,180.0,181.49,0,合格,benchmark,WS-002,二号装配工位,WS-002,李强,总装一车间,M16-02,2026-08-01 12:11:52
E1260,M24,12.9,2,50.0,520.0,176.65,3,滑牙,extended,WS-004,四号装配工位,WS-004,刘洋,总装二车间,M24-03,2026-08-01 12:16:58
E1588,M24,8.8,0,-10.0,520.0,130.5,4,虚拧,extended,WS-004,四号装配工位,WS-004,刘洋,总装二车间,M24-01,2026-08-01 12:18:26
E0415,M20,8.8,0,-10.0,320.0,134.89,0,合格,extended,WS-003,三号装配工位,WS-003,王芳,总装二车间,M20-02,2026-08-01 12:20:11
E0151,M20,8.8,0,-10.0,320.0,179.71,0,合格,extended,WS-003,三号装配工位,WS-003,王芳,总装二车间,M20-02,2026-08-01 12:20:27
E1782,M16,12.9,2,50.0,180.0,147.21,4,虚拧,extended,WS-002,二号装配工位,WS-002,李强,总装一车间,M16-02,2026-08-01 12:20:37
E0270,M16,12.9,2,50.0,180.0,178.26,0,合格,extended,WS-002,二号装配工位,WS-002,李强,总装一车间,M16-02,2026-08-01 12:21:28
E0211,M20,8.8,0,-10.0,320.0,161.1,0,合格,extended,WS-003,三号装配工位,WS-003,王芳,总装二车间,M20-05,2026-08-01 12:21:54
E1173,M12,12.9,2,50.0,80.0,139.04,2,过拧,extended,WS-001,一号装配工位,WS-001,张伟,总装一车间,M12-06,2026-08-01 12:24:04
B0619,M20,8.8,0,20.0,320.0,142.29,0,合格,benchmark,WS-003,三号装配工位,WS-003,王芳,总装二车间,M20-05,2026-08-01 12:24:05
E0689,M12,10.9,1,20.0,80.0,132.24,1,欠拧,extended,WS-001,一号装配工位,WS-001,张伟,总装一车间,M12-05,2026-08-01 12:25:34
E0802,M16,8.8,0,-10.0,180.0,146.05,1,欠拧,extended,WS-002,二号装配工位,WS-002,李强,总装一车间,M16-03,2026-08-01 12:28:06
E1325,M12,10.9,1,20.0,80.0,183.5,3,滑牙,extended,WS-001,一号装配工位,WS-001,张伟,总装一车间,M12-02,2026-08-01 12:29:15
E1604,M24,10.9,1,20.0,520.0,114.28,4,虚拧,extended,WS-004,四号装配工位,WS-004,刘洋,总装二车间,M24-05,2026-08-01 12:32:39
E1688,M24,10.9,1,20.0,520.0,158.3,4,虚拧,extended,WS-004,四号装配工位,WS-004,刘洋,总装二车间,M24-02,2026-08-01 12:33:34
B0036,M24,8.8,0,20.0,520.0,153.21,0,合格,benchmark,WS-004,四号装配工位,WS-004,刘洋,总装二车间,M24-03,2026-08-01 12:35:41
E0929,M12,10.9,1,20.0,80.0,167.98,2,过拧,extended,WS-001,一号装配工位,WS-001,张伟,总装一车间,M12-05,2026-08-01 12:37:02
B0279,M20,8.8,0,20.0,320.0,130.88,0,合格,benchmark,WS-003,三号装配工位,WS-003,王芳,总装二车间,M20-04,2026-08-01 12:40:36
E1131,M20,12.9,2,50.0,320.0,153.11,2,过拧,extended,WS-003,三号装配工位,WS-003,王芳,总装二车间,M20-01,2026-08-01 12:41:29
E0256,M24,8.8,0,-10.0,520.0,160.12,0,合格,extended,WS-004,四号装配工位,WS-004,刘洋,总装二车间,M24-04,2026-08-01 12:43:05
E1511,M20,10.9,1,20.0,320.0,118.67,4,虚拧,extended,WS-003,三号装配工位,WS-003,王芳,总装二车间,M20-06,2026-08-01 12:45:23
E1240,M24,8.8,0,-10.0,520.0,123.14,3,滑牙,extended,WS-004,四号装配工位,WS-004,刘洋,总装二车间,M24-04,2026-08-01 12:45:27
B1035,M20,8.8,0,20.0,320.0,125.15,3,滑牙,benchmark,WS-003,三号装配工位,WS-003,王芳,总装二车间,M20-01,2026-08-01 12:47:27
B0518,M16,8.8,0,20.0,180.0,171.4,0,合格,benchmark,WS-002,二号装配工位,WS-002,李强,总装一车间,M16-04,2026-08-01 12:47:32
E1764,M24,12.9,2,50.0,520.0,167.45,4,虚拧,extended,WS-004,四号装配工位,WS-004,刘洋,总装二车间,M24-03,2026-08-01 12:48:41
E0162,M16,12.9,2,50.0,180.0,173.13,0,合格,extended,WS-002,二号装配工位,WS-002,李强,总装一车间,M16-05,2026-08-01 12:50:09
E1112,M24,10.9,1,20.0,520.0,168.53,2,过拧,extended,WS-004,四号装配工位,WS-004,刘洋,总装二车间,M24-02,2026-08-01 12:51:40
B0387,M20,8.8,0,20.0,320.0,117.91,0,合格,benchmark,WS-003,三号装配工位,WS-003,王芳,总装二车间,M20-01,2026-08-01 12:52:13
E0569,M12,10.9,1,20.0,80.0,146.27,0,合格,extended,WS-001,一号装配工位,WS-001,张伟,总装一车间,M12-05,2026-08-01 12:52:23
B0045,M12,8.8,0,20.0,80.0,152.79,0,合格,benchmark,WS-001,一号装配工位,WS-001,张伟,总装一车间,M12-06,2026-08-01 12:53:24
E1505,M12,10.9,1,20.0,80.0,147.92,4,虚拧,extended,WS-001,一号装配工位,WS-001,张伟,总装一车间,M12-05,2026-08-01 12:57:39
E1595,M20,10.9,1,20.0,320.0,158.86,4,虚拧,extended,WS-003,三号装配工位,WS-003,王芳,总装二车间,M20-03,2026-08-01 12:59:03
E1032,M24,12.9,2,50.0,520.0,142.15,2,过拧,extended,WS-004,四号装配工位,WS-004,刘洋,总装二车间,M24-06,2026-08-01 13:00:50
B0899,M20,8.8,0,20.0,320.0,120.35,2,过拧,benchmark,WS-003,三号装配工位,WS-003,王芳,总装二车间,M20-03,2026-08-01 13:03:16
E1391,M20,10.9,1,20.0,320.0,166.82,3,滑牙,extended,WS-003,三号装配工位,WS-003,王芳,总装二车间,M20-06,2026-08-01 13:04:38
E0753,M12,12.9,2,50.0,80.0,143.58,1,欠拧,extended,WS-001,一号装配工位,WS-001,张伟,总装一车间,M12-03,2026-08-01 13:09:58
E0634,M16,8.8,0,-10.0,180.0,155.33,1,欠拧,extended,WS-002,二号装配工位,WS-002,李强,总装一车间,M16-03,2026-08-01 13:10:16
B1022,M16,8.8,0,20.0,180.0,180.96,3,滑牙,benchmark,WS-002,二号装配工位,WS-002,李强,总装一车间,M16-04,2026-08-01 13:11:17
B0659,M20,8.8,0,20.0,320.0,135.69,0,合格,benchmark,WS-003,三号装配工位,WS-003,王芳,总装二车间,M20-03,2026-08-01 13:13:03
E0825,M12,12.9,2,50.0,80.0,172.75,1,欠拧,extended,WS-001,一号装配工位,WS-001,张伟,总装一车间,M12-03,2026-08-01 13:14:43
E0053,M12,10.9,1,20.0,80.0,166.8,0,合格,extended,WS-001,一号装配工位,WS-001,张伟,总装一车间,M12-02,2026-08-01 13:19:48
E0015,M20,12.9,2,50.0,320.0,125.99,0,合格,extended,WS-003,三号装配工位,WS-003,王芳,总装二车间,M20-04,2026-08-01 13:20:26
E0711,M20,12.9,2,50.0,320.0,139.72,1,欠拧,extended,WS-003,三号装配工位,WS-003,王芳,总装二车间,M20-04,2026-08-01 13:21:02
B0069,M12,8.8,0,20.0,80.0,163.81,0,合格,benchmark,WS-001,一号装配工位,WS-001,张伟,总装一车间,M12-06,2026-08-01 13:29:48
B1055,M20,8.8,0,20.0,320.0,121.88,3,滑牙,benchmark,WS-003,三号装配工位,WS-003,王芳,总装二车间,M20-06,2026-08-01 13:30:57
E1469,M12,10.9,1,20.0,80.0,158.57,3,滑牙,extended,WS-001,一号装配工位,WS-001,张伟,总装一车间,M12-02,2026-08-01 13:31:20
E1656,M24,12.9,2,50.0,520.0,166.62,4,虚拧,extended,WS-004,四号装配工位,WS-004,刘洋,总装二车间,M24-06,2026-08-01 13:34:31
B1027,M20,8.8,0,20.0,320.0,146.53,3,滑牙,benchmark,WS-003,三号装配工位,WS-003,王芳,总装二车间,M20-05,2026-08-01 13:35:25
E1279,M20,8.8,0,-10.0,320.0,190.58,3,滑牙,extended,WS-003,三号装配工位,WS-003,王芳,总装二车间,M20-02,2026-08-01 13:36:04
E0388,M24,8.8,0,-10.0,520.0,112.47,0,合格,extended,WS-004,四号装配工位,WS-004,刘洋,总装二车间,M24-01,2026-08-01 13:37:25
B0127,M20,8.8,0,20.0,320.0,169.76,0,合格,benchmark,WS-003,三号装配工位,WS-003,王芳,总装二车间,M20-02,2026-08-01 13:42:07
B0217,M12,8.8,0,20.0,80.0,132.36,0,合格,benchmark,WS-001,一号装配工位,WS-001,张伟,总装一车间,M12-01,2026-08-01 13:42:22
E0371,M20,10.9,1,20.0,320.0,128.27,0,合格,extended,WS-003,三号装配工位,WS-003,王芳,总装二车间,M20-03,2026-08-01 13:43:12
B1096,M24,8.8,0,20.0,520.0,167.97,4,虚拧,benchmark,WS-004,四号装配工位,WS-004,刘洋,总装二车间,M24-04,2026-08-01 13:45:48
E1552,M24,8.8,0,-10.0,520.0,147.73,4,虚拧,extended,WS-004,四号装配工位,WS-004,刘洋,总装二车间,M24-04,2026-08-01 13:48:46
B0439,M20,8.8,0,20.0,320.0,129.72,0,合格,benchmark,WS-003,三号装配工位,WS-003,王芳,总装二车间,M20-02,2026-08-01 13:49:21
E0651,M20,12.9,2,50.0,320.0,168.69,1,欠拧,extended,WS-003,三号装配工位,WS-003,王芳,总装二车间,M20-01,2026-08-01 13:53:25
E0161,M12,10.9,1,20.0,80.0,132.49,0,合格,extended,WS-001,一号装配工位,WS-001,张伟,总装一车间,M12-05,2026-08-01 13:56:03
B0280,M24,8.8,0,20.0,520.0,132.27,0,合格,benchmark,WS-004,四号装配工位,WS-004,刘洋,总装二车间,M24-04,2026-08-01 13:57:23
E1435,M20,8.8,0,-10.0,320.0,119.74,3,滑牙,extended,WS-003,三号装配工位,WS-003,王芳,总装二车间,M20-05,2026-08-01 13:59:41
B1122,M16,8.8,0,20.0,180.0,141.67,4,虚拧,benchmark,WS-002,二号装配工位,WS-002,李强,总装一车间,M16-05,2026-08-01 14:03:22
B0431,M20,8.8,0,20.0,320.0,168.74,0,合格,benchmark,WS-003,三号装配工位,WS-003,王芳,总装二车间,M20-06,2026-08-01 14:04:33
B0246,M16,8.8,0,20.0,180.0,185.85,0,合格,benchmark,WS-002,二号装配工位,WS-002,李强,总装一车间,M16-02,2026-08-01 14:04:47
B0678,M16,8.8,0,20.0,180.0,163.29,0,合格,benchmark,WS-002,二号装配工位,WS-002,李强,总装一车间,M16-02,2026-08-01 14:05:00
E0128,M24,10.9,1,20.0,520.0,161.45,0,合格,extended,WS-004,四号装配工位,WS-004,刘洋,总装二车间,M24-02,2026-08-01 14:06:23
E0056,M24,10.9,1,20.0,520.0,121.01,0,合格,extended,WS-004,四号装配工位,WS-004,刘洋,总装二车间,M24-02,2026-08-01 14:06:25
B0007,M20,8.8,0,20.0,320.0,120.56,0,合格,benchmark,WS-003,三号装配工位,WS-003,王芳,总装二车间,M20-02,2026-08-01 14:11:17
E1166,M16,10.9,1,20.0,180.0,131.84,2,过拧,extended,WS-002,二号装配工位,WS-002,李强,总装一车间,M16-04,2026-08-01 14:11:26
B0881,M12,8.8,0,20.0,80.0,144.26,2,过拧,benchmark,WS-001,一号装配工位,WS-001,张伟,总装一车间,M12-05,2026-08-01 14:11:37
B0753,M12,8.8,0,20.0,80.0,137.15,1,欠拧,benchmark,WS-001,一号装配工位,WS-001,张伟,总装一车间,M12-03,2026-08-01 14:12:38
E1329,M12,12.9,2,50.0,80.0,184.91,3,滑牙,extended,WS-001,一号装配工位,WS-001,张伟,总装一车间,M12-03,2026-08-01 14:13:08
E1665,M12,12.9,2,50.0,80.0,190.83,4,虚拧,extended,WS-001,一号装配工位,WS-001,张伟,总装一车间,M12-03,2026-08-01 14:14:48
E1117,M12,8.8,0,-10.0,80.0,110.26,2,过拧,extended,WS-001,一号装配工位,WS-001,张伟,总装一车间,M12-04,2026-08-01 14:15:04
B0196,M24,8.8,0,20.0,520.0,129.98,0,合格,benchmark,WS-004,四号装配工位,WS-004,刘洋,总装二车间,M24-01,2026-08-01 14:18:38
B0728,M24,8.8,0,20.0,520.0,152.67,1,欠拧,benchmark,WS-004,四号装配工位,WS-004,刘洋,总装二车间,M24-02,2026-08-01 14:18:54
E0521,M12,10.9,1,20.0,80.0,146.25,0,合格,extended,WS-001,一号装配工位,WS-001,张伟,总装一车间,M12-05,2026-08-01 14:23:29
E0343,M20,8.8,0,-10.0,320.0,121.75,0,合格,extended,WS-003,三号装配工位,WS-003,王芳,总装二车间,M20-02,2026-08-01 14:23:52
B0001,M12,8.8,0,20.0,80.0,181.51,0,合格,benchmark,WS-001,一号装配工位,WS-001,张伟,总装一车间,M12-01,2026-08-01 14:25:33
E0731,M20,10.9,1,20.0,320.0,138.97,1,欠拧,extended,WS-003,三号装配工位,WS-003,王芳,总装二车间,M20-03,2026-08-01 14:26:16
E1654,M16,8.8,0,-10.0,180.0,191.44,4,虚拧,extended,WS-002,二号装配工位,WS-002,李强,总装一车间,M16-06,2026-08-01 14:27:44
E0331,M20,8.8,0,-10.0,320.0,140.48,0,合格,extended,WS-003,三号装配工位,WS-003,王芳,总装二车间,M20-05,2026-08-01 14:28:01
E0609,M12,12.9,2,50.0,80.0,113.02,1,欠拧,extended,WS-001,一号装配工位,WS-001,张伟,总装一车间,M12-03,2026-08-01 14:28:06
B0172,M24,8.8,0,20.0,520.0,175.98,0,合格,benchmark,WS-004,四号装配工位,WS-004,刘洋,总装二车间,M24-01,2026-08-01 14:29:00
B0695,M20,8.8,0,20.0,320.0,150.17,0,合格,benchmark,WS-003,三号装配工位,WS-003,王芳,总装二车间,M20-06,2026-08-01 14:29:15
B0826,M16,8.8,0,20.0,180.0,151.63,2,过拧,benchmark,WS-002,二号装配工位,WS-002,李强,总装一车间,M16-03,2026-08-01 14:30:42
B0133,M12,8.8,0,20.0,80.0,110.06,0,合格,benchmark,WS-001,一号装配工位,WS-001,张伟,总装一车间,M12-04,2026-08-01 14:31:14
E1712,M24,10.9,1,20.0,520.0,179.16,4,虚拧,extended,WS-004,四号装配工位,WS-004,刘洋,总装二车间,M24-02,2026-08-01 14:31:18
E0833,M12,10.9,1,20.0,80.0,173.97,1,欠拧,extended,WS-001,一号装配工位,WS-001,张伟,总装一车间,M12-05,2026-08-01 14:31:48
B0359,M20,8.8,0,20.0,320.0,132.8,0,合格,benchmark,WS-003,三号装配工位,WS-003,王芳,总装二车间,M20-06,2026-08-01 14:32:48
E0433,M12,8.8,0,-10.0,80.0,173.05,0,合格,extended,WS-001,一号装配工位,WS-001,张伟,总装一车间,M12-01,2026-08-01 14:33:33
E0882,M16,12.9,2,50.0,180.0,170.13,1,欠拧,extended,WS-002,二号装配工位,WS-002,李强,总装一车间,M16-05,2026-08-01 14:36:14
B0910,M16,8.8,0,20.0,180.0,111.01,2,过拧,benchmark,WS-002,二号装配工位,WS-002,李强,总装一车间,M16-06,2026-08-01 14:36:14
B0033,M12,8.8,0,20.0,80.0,193.23,0,合格,benchmark,WS-001,一号装配工位,WS-001,张伟,总装一车间,M12-03,2026-08-01 14:38:01
E1140,M24,12.9,2,50.0,520.0,161.69,2,过拧,extended,WS-004,四号装配工位,WS-004,刘洋,总装二车间,M24-03,2026-08-01 14:40:42
B0581,M12,8.8,0,20.0,80.0,111.95,0,合格,benchmark,WS-001,一号装配工位,WS-001,张伟,总装一车间,M12-02,2026-08-01 14:43:08
B0951,M20,8.8,0,20.0,320.0,189.25,3,滑牙,benchmark,WS-003,三号装配工位,WS-003,王芳,总装二车间,M20-04,2026-08-01 14:43:31
E0490,M16,8.8,0,-10.0,180.0,181.11,0,合格,extended,WS-002,二号装配工位,WS-002,李强,总装一车间,M16-03,2026-08-01 14:46:23
B0010,M16,8.8,0,20.0,180.0,108.98,0,合格,benchmark,WS-002,二号装配工位,WS-002,李强,总装一车间,M16-03,2026-08-01 14:46:50
E1616,M24,10.9,1,20.0,520.0,161.28,4,虚拧,extended,WS-004,四号装配工位,WS-004,刘洋,总装二车间,M24-02,2026-08-01 14:47:18
B0376,M24,8.8,0,20.0,520.0,168.95,0,合格,benchmark,WS-004,四号装配工位,WS-004,刘洋,总装二车间,M24-04,2026-08-01 14:48:05
E1394,M16,10.9,1,20.0,180.0,159.63,3,滑牙,extended,WS-002,二号装配工位,WS-002,李强,总装一车间,M16-01,2026-08-01 14:48:50
B0243,M20,8.8,0,20.0,320.0,148.35,0,合格,benchmark,WS-003,三号装配工位,WS-003,王芳,总装二车间,M20-01,2026-08-01 14:49:04
B0700,M24,8.8,0,20.0,520.0,177.47,0,合格,benchmark,WS-004,四号装配工位,WS-004,刘洋,总装二车间,M24-01,2026-08-01 14:50:36
E1253,M12,10.9,1,20.0,80.0,183.05,3,滑牙,extended,WS-001,一号装配工位,WS-001,张伟,总装一车间,M12-02,2026-08-01 14:50:38
B0674,M16,8.8,0,20.0,180.0,141.68,0,合格,benchmark,WS-002,二号装配工位,WS-002,李强,总装一车间,M16-01,2026-08-01 14:50:48
E1066,M16,8.8,0,-10.0,180.0,125.95,2,过拧,extended,WS-002,二号装配工位,WS-002,李强,总装一车间,M16-03,2026-08-01 14:51:15
B0977,M12,8.8,0,20.0,80.0,112.69,3,滑牙,benchmark,WS-001,一号装配工位,WS-001,张伟,总装一车间,M12-05,2026-08-01 14:51:26
B0791,M20,8.8,0,20.0,320.0,116.19,1,欠拧,benchmark,WS-003,三号装配工位,WS-003,王芳,总装二车间,M20-06,2026-08-01 14:53:19
E1106,M16,10.9,1,20.0,180.0,144.27,2,过拧,extended,WS-002,二号装配工位,WS-002,李强,总装一车间,M16-01,2026-08-01 14:55:07
B0218,M16,8.8,0,20.0,180.0,112.3,0,合格,benchmark,WS-002,二号装配工位,WS-002,李强,总装一车间,M16-01,2026-08-01 14:56:24
E1542,M16,12.9,2,50.0,180.0,142.96,4,虚拧,extended,WS-002,二号装配工位,WS-002,李强,总装一车间,M16-02,2026-08-01 14:58:13
E0642,M16,12.9,2,50.0,180.0,165.83,1,欠拧,extended,WS-002,二号装配工位,WS-002,李强,总装一车间,M16-05,2026-08-01 14:58:56
B0087,M20,8.8,0,20.0,320.0,181.37,0,合格,benchmark,WS-003,三号装配工位,WS-003,王芳,总装二车间,M20-04,2026-08-01 15:00:01
E1121,M12,10.9,1,20.0,80.0,139.03,2,过拧,extended,WS-001,一号装配工位,WS-001,张伟,总装一车间,M12-05,2026-08-01 15:06:56
E0588,M24,12.9,2,50.0,520.0,143.18,0,合格,extended,WS-004,四号装配工位,WS-004,刘洋,总装二车间,M24-03,2026-08-01 15:07:21
E1757,M12,10.9,1,20.0,80.0,125.66,4,虚拧,extended,WS-001,一号装配工位,WS-001,张伟,总装一车间,M12-02,2026-08-01 15:07:38
B0588,M24,8.8,0,20.0,520.0,137.51,0,合格,benchmark,WS-004,四号装配工位,WS-004,刘洋,总装二车间,M24-03,2026-08-01 15:08:10
E1272,M24,12.9,2,50.0,520.0,147.5,3,滑牙,extended,WS-004,四号装配工位,WS-004,刘洋,总装二车间,M24-06,2026-08-01 15:08:21
E1302,M16,12.9,2,50.0,180.0,117.36,3,滑牙,extended,WS-002,二号装配工位,WS-002,李强,总装一车间,M16-02,2026-08-01 15:11:16
E0538,M16,8.8,0,-10.0,180.0,156.18,0,合格,extended,WS-002,二号装配工位,WS-002,李强,总装一车间,M16-03,2026-08-01 15:11:24
B0891,M20,8.8,0,20.0,320.0,171.61,2,过拧,benchmark,WS-003,三号装配工位,WS-003,王芳,总装二车间,M20-01,2026-08-01 15:11:54
E0680,M24,10.9,1,20.0,520.0,140.53,1,欠拧,extended,WS-004,四号装配工位,WS-004,刘洋,总装二车间,M24-02,2026-08-01 15:13:42
E1482,M16,12.9,2,50.0,180.0,154.29,3,滑牙,extended,WS-002,二号装配工位,WS-002,李强,总装一车间,M16-05,2026-08-01 15:16:46
B0580,M24,8.8,0,20.0,520.0,153.39,0,合格,benchmark,WS-004,四号装配工位,WS-004,刘洋,总装二车间,M24-01,2026-08-01 15:19:13
E0236,M24,10.9,1,20.0,520.0,173.91,0,合格,extended,WS-004,四号装配工位,WS-004,刘洋,总装二车间,M24-05,2026-08-01 15:20:10
E0089,M12,10.9,1,20.0,80.0,192.56,0,合格,extended,WS-001,一号装配工位,WS-001,张伟,总装一车间,M12-05,2026-08-01 15:20:12
E0250,M16,8.8,0,-10.0,180.0,183.12,0,合格,extended,WS-002,二号装配工位,WS-002,李强,总装一车间,M16-03,2026-08-01 15:24:58
E0159,M20,12.9,2,50.0,320.0,178.41,0,合格,extended,WS-003,三号装配工位,WS-003,王芳,总装二车间,M20-04,2026-08-01 15:25:02
E1356,M24,12.9,2,50.0,520.0,145.91,3,滑牙,extended,WS-004,四号装配工位,WS-004,刘洋,总装二车间,M24-03,2026-08-01 15:26:11
B0258,M16,8.8,0,20.0,180.0,182.75,0,合格,benchmark,WS-002,二号装配工位,WS-002,李强,总装一车间,M16-05,2026-08-01 15:26:42
E1315,M20,8.8,0,-10.0,320.0,190.41,3,滑牙,extended,WS-003,三号装配工位,WS-003,王芳,总装二车间,M20-05,2026-08-01 15:26:44
E1223,M20,10.9,1,20.0,320.0,185.38,3,滑牙,extended,WS-003,三号装配工位,WS-003,王芳,总装二车间,M20-06,2026-08-01 15:28:28
E1423,M20,8.8,0,-10.0,320.0,162.25,3,滑牙,extended,WS-003,三号装配工位,WS-003,王芳,总装二车间,M20-02,2026-08-01 15:28:56
E1415,M20,10.9,1,20.0,320.0,178.99,3,滑牙,extended,WS-003,三号装配工位,WS-003,王芳,总装二车间,M20-06,2026-08-01 15:31:51
E0530,M16,10.9,1,20.0,180.0,131.86,0,合格,extended,WS-002,二号装配工位,WS-002,李强,总装一车间,M16-01,2026-08-01 15:31:56
E1275,M20,12.9,2,50.0,320.0,179.4,3,滑牙,extended,WS-003,三号装配工位,WS-003,王芳,总装二车间,M20-01,2026-08-01 15:32:05
B1166,M16,8.8,0,20.0,180.0,119.76,4,虚拧,benchmark,WS-002,二号装配工位,WS-002,李强,总装一车间,M16-04,2026-08-01 15:33:30
E0627,M20,12.9,2,50.0,320.0,159.33,1,欠拧,extended,WS-003,三号装配工位,WS-003,王芳,总装二车间,M20-01,2026-08-01 15:34:34
E0977,M12,10.9,1,20.0,80.0,138.86,2,过拧,extended,WS-001,一号装配工位,WS-001,张伟,总装一车间,M12-05,2026-08-01 15:34:39
B0516,M24,8.8,0,20.0,520.0,138.67,0,合格,benchmark,WS-004,四号装配工位,WS-004,刘洋,总装二车间,M24-03,2026-08-01 15:34:48
B0460,M24,8.8,0,20.0,520.0,187.5,0,合格,benchmark,WS-004,四号装配工位,WS-004,刘洋,总装二车间,M24-01,2026-08-01 15:37:28
E1065,M12,12.9,2,50.0,80.0,152.51,2,过拧,extended,WS-001,一号装配工位,WS-001,张伟,总装一车间,M12-03,2026-08-01 15:37:47
B0171,M20,8.8,0,20.0,320.0,174.75,0,合格,benchmark,WS-003,三号装配工位,WS-003,王芳,总装二车间,M20-01,2026-08-01 15:38:32
B0818,M16,8.8,0,20.0,180.0,179.74,1,欠拧,benchmark,WS-002,二号装配工位,WS-002,李强,总装一车间,M16-01,2026-08-01 15:39:43
E0655,M20,8.8,0,-10.0,320.0,134.02,1,欠拧,extended,WS-003,三号装配工位,WS-003,王芳,总装二车间,M20-02,2026-08-01 15:40:48
B0583,M20,8.8,0,20.0,320.0,188.83,0,合格,benchmark,WS-003,三号装配工位,WS-003,王芳,总装二车间,M20-02,2026-08-01 15:41:07
E0027,M20,12.9,2,50.0,320.0,154.77,0,合格,extended,WS-003,三号装配工位,WS-003,王芳,总装二车间,M20-01,2026-08-01 15:43:19
E1746,M16,12.9,2,50.0,180.0,169.58,4,虚拧,extended,WS-002,二号装配工位,WS-002,李强,总装一车间,M16-05,2026-08-01 15:43:35
E1304,M24,10.9,1,20.0,520.0,132.91,3,滑牙,extended,WS-004,四号装配工位,WS-004,刘洋,总装二车间,M24-02,2026-08-01 15:43:58
B0322,M16,8.8,0,20.0,180.0,126.01,0,合格,benchmark,WS-002,二号装配工位,WS-002,李强,总装一车间,M16-03,2026-08-01 15:45:26
B0310,M16,8.8,0,20.0,180.0,184.92,0,合格,benchmark,WS-002,二号装配工位,WS-002,李强,总装一车间,M16-06,2026-08-01 15:49:02
B0480,M24,8.8,0,20.0,520.0,169.2,0,合格,benchmark,WS-004,四号装配工位,WS-004,刘洋,总装二车间,M24-06,2026-08-01 15:51:30
E0072,M24,12.9,2,50.0,520.0,156.83,0,合格,extended,WS-004,四号装配工位,WS-004,刘洋,总装二车间,M24-06,2026-08-01 15:52:05
B0808,M24,8.8,0,20.0,520.0,196.05,1,欠拧,benchmark,WS-004,四号装配工位,WS-004,刘洋,总装二车间,M24-04,2026-08-01 15:57:44
E0338,M16,10.9,1,20.0,180.0,153.13,0,合格,extended,WS-002,二号装配工位,WS-002,李强,总装一车间,M16-01,2026-08-01 15:57:55
E0616,M24,8.8,0,-10.0,520.0,173.03,1,欠拧,extended,WS-004,四号装配工位,WS-004,刘洋,总装二车间,M24-04,2026-08-01 15:58:11
E0667,M20,8.8,0,-10.0,320.0,155.4,1,欠拧,extended,WS-003,三号装配工位,WS-003,王芳,总装二车间,M20-05,2026-08-01 15:59:29
E0289,M12,8.8,0,-10.0,80.0,168.89,0,合格,extended,WS-001,一号装配工位,WS-001,张伟,总装一车间,M12-01,2026-08-01 15:59:55
E0266,M16,10.9,1,20.0,180.0,113.47,0,合格,extended,WS-002,二号装配工位,WS-002,李强,总装一车间,M16-01,2026-08-01 16:02:06
E1044,M24,12.9,2,50.0,520.0,157.46,2,过拧,extended,WS-004,四号装配工位,WS-004,刘洋,总装二车间,M24-03,2026-08-01 16:03:10
E0284,M24,10.9,1,20.0,520.0,171.14,0,合格,extended,WS-004,四号装配工位,WS-004,刘洋,总装二车间,M24-05,2026-08-01 16:04:08
E1711,M20,8.8,0,-10.0,320.0,178.53,4,虚拧,extended,WS-003,三号装配工位,WS-003,王芳,总装二车间,M20-02,2026-08-01 16:04:37
E0379,M20,8.8,0,-10.0,320.0,167.53,0,合格,extended,WS-003,三号装配工位,WS-003,王芳,总装二车间,M20-05,2026-08-01 16:08:01
E1523,M20,10.9,1,20.0,320.0,139.55,4,虚拧,extended,WS-003,三号装配工位,WS-003,王芳,总装二车间,M20-03,2026-08-01 16:10:45
B0501,M12,8.8,0,20.0,80.0,169.45,0,合格,benchmark,WS-001,一号装配工位,WS-001,张伟,总装一车间,M12-06,2026-08-01 16:11:18
B0873,M12,8.8,0,20.0,80.0,144.89,2,过拧,benchmark,WS-001,一号装配工位,WS-001,张伟,总装一车间,M12-03,2026-08-01 16:11:18
E1653,M12,12.9,2,50.0,80.0,119.83,4,虚拧,extended,WS-001,一号装配工位,WS-001,张伟,总装一车间,M12-06,2026-08-01 16:12:49
E0016,M24,8.8,0,-10.0,520.0,156.56,0,合格,extended,WS-004,四号装配工位,WS-004,刘洋,总装二车间,M24-04,2026-08-01 16:12:55
B0120,M24,8.8,0,20.0,520.0,180.89,0,合格,benchmark,WS-004,四号装配工位,WS-004,刘洋,总装二车间,M24-06,2026-08-01 16:14:46
E0121,M12,8.8,0,-10.0,80.0,152.77,0,合格,extended,WS-001,一号装配工位,WS-001,张伟,总装一车间,M12-01,2026-08-01 16:14:52
E1306,M16,8.8,0,-10.0,180.0,125.78,3,滑牙,extended,WS-002,二号装配工位,WS-002,李强,总装一车间,M16-03,2026-08-01 16:18:12
E1015,M20,8.8,0,-10.0,320.0,159.34,2,过拧,extended,WS-003,三号装配工位,WS-003,王芳,总装二车间,M20-02,2026-08-01 16:18:17
B0538,M16,8.8,0,20.0,180.0,173.23,0,合格,benchmark,WS-002,二号装配工位,WS-002,李强,总装一车间,M16-03,2026-08-01 16:18:55
E1014,M16,12.9,2,50.0,180.0,196.5,2,过拧,extended,WS-002,二号装配工位,WS-002,李强,总装一车间,M16-02,2026-08-01 16:19:50
B1020,M24,8.8,0,20.0,520.0,117.84,3,滑牙,benchmark,WS-004,四号装配工位,WS-004,刘洋,总装二车间,M24-03,2026-08-01 16:20:30
B0365,M12,8.8,0,20.0,80.0,124.73,0,合格,benchmark,WS-001,一号装配工位,WS-001,张伟,总装一车间,M12-02,2026-08-01 16:21:02
B0726,M16,8.8,0,20.0,180.0,125.87,1,欠拧,benchmark,WS-002,二号装配工位,WS-002,李强,总装一车间,M16-02,2026-08-01 16:25:53
E1481,M12,10.9,1,20.0,80.0,127.43,3,滑牙,extended,WS-001,一号装配工位,WS-001,张伟,总装一车间,M12-05,2026-08-01 16:26:40
E1586,M16,10.9,1,20.0,180.0,133.41,4,虚拧,extended,WS-002,二号装配工位,WS-002,李强,总装一车间,M16-01,2026-08-01 16:27:37
B0198,M16,8.8,0,20.0,180.0,127.81,0,合格,benchmark,WS-002,二号装配工位,WS-002,李强,总装一车间,M16-02,2026-08-01 16:29:47
E1069,M12,8.8,0,-10.0,80.0,112.46,2,过拧,extended,WS-001,一号装配工位,WS-001,张伟,总装一车间,M12-04,2026-08-01 16:30:46
E1500,M24,12.9,2,50.0,520.0,114.7,3,滑牙,extended,WS-004,四号装配工位,WS-004,刘洋,总装二车间,M24-03,2026-08-01 16:31:29
B0778,M16,8.8,0,20.0,180.0,160.41,1,欠拧,benchmark,WS-002,二号装配工位,WS-002,李强,总装一车间,M16-03,2026-08-01 16:31:49
B0313,M12,8.8,0,20.0,80.0,170.93,0,合格,benchmark,WS-001,一号装配工位,WS-001,张伟,总装一车间,M12-01,2026-08-01 16:33:32
B0497,M12,8.8,0,20.0,80.0,114.92,0,合格,benchmark,WS-001,一号装配工位,WS-001,张伟,总装一车间,M12-05,2026-08-01 16:33:37
E1164,M24,12.9,2,50.0,520.0,129.38,2,过拧,extended,WS-004,四号装配工位,WS-004,刘洋,总装二车间,M24-03,2026-08-01 16:33:41
E0746,M16,10.9,1,20.0,180.0,174.14,1,欠拧,extended,WS-002,二号装配工位,WS-002,李强,总装一车间,M16-01,2026-08-01 16:33:52
B0946,M16,8.8,0,20.0,180.0,183.06,2,过拧,benchmark,WS-002,二号装配工位,WS-002,李强,总装一车间,M16-03,2026-08-01 16:35:01
E0143,M20,10.9,1,20.0,320.0,130.49,0,合格,extended,WS-003,三号装配工位,WS-003,王芳,总装二车间,M20-06,2026-08-01 16:35:33
B1050,M16,8.8,0,20.0,180.0,122.82,3,滑牙,benchmark,WS-002,二号装配工位,WS-002,李强,总装一车间,M16-05,2026-08-01 16:36:59
B0724,M24,8.8,0,20.0,520.0,154.08,1,欠拧,benchmark,WS-004,四号装配工位,WS-004,刘洋,总装二车间,M24-01,2026-08-01 16:37:14
B1157,M12,8.8,0,20.0,80.0,113.95,4,虚拧,benchmark,WS-001,一号装配工位,WS-001,张伟,总装一车间,M12-02,2026-08-01 16:39:07
B0863,M20,8.8,0,20.0,320.0,154.55,2,过拧,benchmark,WS-003,三号装配工位,WS-003,王芳,总装二车间,M20-06,2026-08-01 16:39:23
E0676,M24,8.8,0,-10.0,520.0,178.56,1,欠拧,extended,WS-004,四号装配工位,WS-004,刘洋,总装二车间,M24-01,2026-08-01 16:41:13
E0419,M20,10.9,1,20.0,320.0,118.21,0,合格,extended,WS-003,三号装配工位,WS-003,王芳,总装二车间,M20-03,2026-08-01 16:44:14
B0418,M16,8.8,0,20.0,180.0,172.91,0,合格,benchmark,WS-002,二号装配工位,WS-002,李强,总装一车间,M16-03,2026-08-01 16:46:18
B0784,M24,8.8,0,20.0,520.0,166.95,1,欠拧,benchmark,WS-004,四号装配工位,WS-004,刘洋,总装二车间,M24-04,2026-08-01 16:46:42
E1310,M16,10.9,1,20.0,180.0,115.51,3,滑牙,extended,WS-002,二号装配工位,WS-002,李强,总装一车间,M16-04,2026-08-01 16:46:54
B0783,M20,8.8,0,20.0,320.0,117.33,1,欠拧,benchmark,WS-003,三号装配工位,WS-003,王芳,总装二车间,M20-04,2026-08-01 16:50:14
B0386,M16,8.8,0,20.0,180.0,124.69,0,合格,benchmark,WS-002,二号装配工位,WS-002,李强,总装一车间,M16-01,2026-08-01 16:50:18
E1723,M20,8.8,0,-10.0,320.0,176.44,4,虚拧,extended,WS-003,三号装配工位,WS-003,王芳,总装二车间,M20-05,2026-08-01 16:54:10
B0436,M24,8.8,0,20.0,520.0,135.3,0,合格,benchmark,WS-004,四号装配工位,WS-004,刘洋,总装二车间,M24-01,2026-08-01 16:54:36
E0038,M16,10.9,1,20.0,180.0,153.04,0,合格,extended,WS-002,二号装配工位,WS-002,李强,总装一车间,M16-04,2026-08-01 16:55:07
E0405,M12,12.9,2,50.0,80.0,162.8,0,合格,extended,WS-001,一号装配工位,WS-001,张伟,总装一车间,M12-06,2026-08-01 16:56:26
B0874,M16,8.8,0,20.0,180.0,113.67,2,过拧,benchmark,WS-002,二号装配工位,WS-002,李强,总装一车间,M16-03,2026-08-01 16:59:40
E0728,M24,10.9,1,20.0,520.0,126.2,1,欠拧,extended,WS-004,四号装配工位,WS-004,刘洋,总装二车间,M24-02,2026-08-01 17:02:52
E0880,M24,8.8,0,-10.0,520.0,142.26,1,欠拧,extended,WS-004,四号装配工位,WS-004,刘洋,总装二车间,M24-04,2026-08-01 17:03:29
E0410,M16,10.9,1,20.0,180.0,116.3,0,合格,extended,WS-002,二号装配工位,WS-002,李强,总装一车间,M16-01,2026-08-01 17:04:26
B0157,M12,8.8,0,20.0,80.0,163.14,0,合格,benchmark,WS-001,一号装配工位,WS-001,张伟,总装一车间,M12-04,2026-08-01 17:05:31
E0430,M16,8.8,0,-10.0,180.0,146.97,0,合格,extended,WS-002,二号装配工位,WS-002,李强,总装一车间,M16-06,2026-08-01 17:08:15
E1630,M16,8.8,0,-10.0,180.0,176.65,4,虚拧,extended,WS-002,二号装配工位,WS-002,李强,总装一车间,M16-06,2026-08-01 17:08:21
E1623,M20,12.9,2,50.0,320.0,117.14,4,虚拧,extended,WS-003,三号装配工位,WS-003,王芳,总装二车间,M20-04,2026-08-01 17:08:26
E1619,M20,10.9,1,20.0,320.0,132.72,4,虚拧,extended,WS-003,三号装配工位,WS-003,王芳,总装二车间,M20-03,2026-08-01 17:10:46
B0221,M12,8.8,0,20.0,80.0,118.79,0,合格,benchmark,WS-001,一号装配工位,WS-001,张伟,总装一车间,M12-02,2026-08-01 17:11:07
E1709,M12,10.9,1,20.0,80.0,189.09,4,虚拧,extended,WS-001,一号装配工位,WS-001,张伟,总装一车间,M12-02,2026-08-01 17:11:12
E1497,M12,12.9,2,50.0,80.0,157.31,3,滑牙,extended,WS-001,一号装配工位,WS-001,张伟,总装一车间,M12-03,2026-08-01 17:12:00
B0759,M20,8.8,0,20.0,320.0,118.54,1,欠拧,benchmark,WS-003,三号装配工位,WS-003,王芳,总装二车间,M20-04,2026-08-01 17:12:37
E0605,M12,10.9,1,20.0,80.0,130.95,1,欠拧,extended,WS-001,一号装配工位,WS-001,张伟,总装一车间,M12-02,2026-08-01 17:12:49
E1350,M16,12.9,2,50.0,180.0,169.87,3,滑牙,extended,WS-002,二号装配工位,WS-002,李强,总装一车间,M16-02,2026-08-01 17:13:11
B0018,M16,8.8,0,20.0,180.0,140.59,0,合格,benchmark,WS-002,二号装配工位,WS-002,李强,总装一车间,M16-05,2026-08-01 17:13:27
B1005,M12,8.8,0,20.0,80.0,146.84,3,滑牙,benchmark,WS-001,一号装配工位,WS-001,张伟,总装一车间,M12-06,2026-08-01 17:14:07
E1499,M20,10.9,1,20.0,320.0,156.09,3,滑牙,extended,WS-003,三号装配工位,WS-003,王芳,总装二车间,M20-03,2026-08-01 17:16:16
E0806,M16,10.9,1,20.0,180.0,189.59,1,欠拧,extended,WS-002,二号装配工位,WS-002,李强,总装一车间,M16-04,2026-08-01 17:17:24
B0945,M12,8.8,0,20.0,80.0,162.47,2,过拧,benchmark,WS-001,一号装配工位,WS-001,张伟,总装一车间,M12-03,2026-08-01 17:18:43
B0705,M12,8.8,0,20.0,80.0,138.93,1,欠拧,benchmark,WS-001,一号装配工位,WS-001,张伟,总装一车间,M12-03,2026-08-01 17:18:44
E0904,M24,8.8,0,-10.0,520.0,141.22,2,过拧,extended,WS-004,四号装配工位,WS-004,刘洋,总装二车间,M24-04,2026-08-01 17:18:50
B0074,M16,8.8,0,20.0,180.0,148.9,0,合格,benchmark,WS-002,二号装配工位,WS-002,李强,总装一车间,M16-01,2026-08-01 17:21:15
B0434,M16,8.8,0,20.0,180.0,162.43,0,合格,benchmark,WS-002,二号装配工位,WS-002,李强,总装一车间,M16-01,2026-08-01 17:26:10
E0576,M24,12.9,2,50.0,520.0,161.87,0,合格,extended,WS-004,四号装配工位,WS-004,刘洋,总装二车间,M24-06,2026-08-01 17:26:23
E0885,M12,12.9,2,50.0,80.0,168.9,1,欠拧,extended,WS-001,一号装配工位,WS-001,张伟,总装一车间,M12-06,2026-08-01 17:27:11
E0726,M16,12.9,2,50.0,180.0,162.39,1,欠拧,extended,WS-002,二号装配工位,WS-002,李强,总装一车间,M16-02,2026-08-01 17:29:10
B0414,M16,8.8,0,20.0,180.0,132.44,0,合格,benchmark,WS-002,二号装配工位,WS-002,李强,总装一车间,M16-02,2026-08-01 17:29:28
E0445,M12,8.8,0,-10.0,80.0,146.92,0,合格,extended,WS-001,一号装配工位,WS-001,张伟,总装一车间,M12-04,2026-08-01 17:30:21
B0670,M16,8.8,0,20.0,180.0,117.3,0,合格,benchmark,WS-002,二号装配工位,WS-002,李强,总装一车间,M16-06,2026-08-01 17:30:41
B0443,M20,8.8,0,20.0,320.0,186.84,0,合格,benchmark,WS-003,三号装配工位,WS-003,王芳,总装二车间,M20-03,2026-08-01 17:31:10
E1231,M20,8.8,0,-10.0,320.0,119.31,3,滑牙,extended,WS-003,三号装配工位,WS-003,王芳,总装二车间,M20-02,2026-08-01 17:31:25
E1561,M12,8.8,0,-10.0,80.0,157.61,4,虚拧,extended,WS-001,一号装配工位,WS-001,张伟,总装一车间,M12-01,2026-08-01 17:37:46
E0695,M20,10.9,1,20.0,320.0,140.97,1,欠拧,extended,WS-003,三号装配工位,WS-003,王芳,总装二车间,M20-06,2026-08-01 17:39:16
B0948,M24,8.8,0,20.0,520.0,153.98,2,过拧,benchmark,WS-004,四号装配工位,WS-004,刘洋,总装二车间,M24-03,2026-08-01 17:39:17
E1007,M20,10.9,1,20.0,320.0,159.55,2,过拧,extended,WS-003,三号装配工位,WS-003,王芳,总装二车间,M20-06,2026-08-01 17:40:11
E0158,M16,10.9,1,20.0,180.0,178.04,0,合格,extended,WS-002,二号装配工位,WS-002,李强,总装一车间,M16-04,2026-08-01 17:40:27
B0604,M24,8.8,0,20.0,520.0,137.84,0,合格,benchmark,WS-004,四号装配工位,WS-004,刘洋,总装二车间,M24-01,2026-08-01 17:41:15
E1280,M24,10.9,1,20.0,520.0,114.17,3,滑牙,extended,WS-004,四号装配工位,WS-004,刘洋,总装二车间,M24-02,2026-08-01 17:41:52
E0619,M20,8.8,0,-10.0,320.0,172.42,1,欠拧,extended,WS-003,三号装配工位,WS-003,王芳,总装二车间,M20-05,2026-08-01 17:44:59
E1527,M20,12.9,2,50.0,320.0,192.4,4,虚拧,extended,WS-003,三号装配工位,WS-003,王芳,总装二车间,M20-04,2026-08-01 17:49:07
B0823,M20,8.8,0,20.0,320.0,176.27,1,欠拧,benchmark,WS-003,三号装配工位,WS-003,王芳,总装二车间,M20-02,2026-08-01 17:49:47
E0142,M16,8.8,0,-10.0,180.0,145.67,0,合格,extended,WS-002,二号装配工位,WS-002,李强,总装一车间,M16-06,2026-08-01 17:51:04
E1178,M16,10.9,1,20.0,180.0,134.38,2,过拧,extended,WS-002,二号装配工位,WS-002,李强,总装一车间,M16-01,2026-08-01 17:52:45
B0682,M16,8.8,0,20.0,180.0,150.4,0,合格,benchmark,WS-002,二号装配工位,WS-002,李强,总装一车间,M16-03,2026-08-01 17:53:36
E0636,M24,12.9,2,50.0,520.0,154.01,1,欠拧,extended,WS-004,四号装配工位,WS-004,刘洋,总装二车间,M24-03,2026-08-01 17:55:16
E1034,M16,10.9,1,20.0,180.0,120.28,2,过拧,extended,WS-002,二号装配工位,WS-002,李强,总装一车间,M16-01,2026-08-01 17:56:08
E0328,M24,8.8,0,-10.0,520.0,147.51,0,合格,extended,WS-004,四号装配工位,WS-004,刘洋,总装二车间,M24-04,2026-08-01 17:57:02
E1010,M16,10.9,1,20.0,180.0,111.03,2,过拧,extended,WS-002,二号装配工位,WS-002,李强,总装一车间,M16-01,2026-08-01 17:57:34
E0908,M24,10.9,1,20.0,520.0,182.44,2,过拧,extended,WS-004,四号装配工位,WS-004,刘洋,总装二车间,M24-05,2026-08-01 17:58:59
B0721,M12,8.8,0,20.0,80.0,149.34,1,欠拧,benchmark,WS-001,一号装配工位,WS-001,张伟,总装一车间,M12-01,2026-08-01 18:01:03
E1536,M24,12.9,2,50.0,520.0,141.89,4,虚拧,extended,WS-004,四号装配工位,WS-004,刘洋,总装二车间,M24-06,2026-08-01 18:03:10
E0245,M12,10.9,1,20.0,80.0,133.1,0,合格,extended,WS-001,一号装配工位,WS-001,张伟,总装一车间,M12-02,2026-08-01 18:03:22
B0100,M24,8.8,0,20.0,520.0,119.99,0,合格,benchmark,WS-004,四号装配工位,WS-004,刘洋,总装二车间,M24-01,2026-08-01 18:03:43
B0620,M24,8.8,0,20.0,520.0,121.41,0,合格,benchmark,WS-004,四号装配工位,WS-004,刘洋,总装二车间,M24-05,2026-08-01 18:03:47
B0118,M16,8.8,0,20.0,180.0,156.56,0,合格,benchmark,WS-002,二号装配工位,WS-002,李强,总装一车间,M16-06,2026-08-01 18:03:55
B0769,M12,8.8,0,20.0,80.0,114.2,1,欠拧,benchmark,WS-001,一号装配工位,WS-001,张伟,总装一车间,M12-01,2026-08-01 18:04:29
B0241,M12,8.8,0,20.0,80.0,178.69,0,合格,benchmark,WS-001,一号装配工位,WS-001,张伟,总装一车间,M12-01,2026-08-01 18:05:46
B0306,M16,8.8,0,20.0,180.0,164.97,0,合格,benchmark,WS-002,二号装配工位,WS-002,李强,总装一车间,M16-05,2026-08-01 18:05:52
B0462,M16,8.8,0,20.0,180.0,152.48,0,合格,benchmark,WS-002,二号装配工位,WS-002,李强,总装一车间,M16-02,2026-08-01 18:06:16
B0329,M12,8.8,0,20.0,80.0,142.75,0,合格,benchmark,WS-001,一号装配工位,WS-001,张伟,总装一车间,M12-05,2026-08-01 18:10:15
B1090,M16,8.8,0,20.0,180.0,168.94,4,虚拧,benchmark,WS-002,二号装配工位,WS-002,李强,总装一车间,M16-03,2026-08-01 18:11:41
B1187,M20,8.8,0,20.0,320.0,127.68,4,虚拧,benchmark,WS-003,三号装配工位,WS-003,王芳,总装二车间,M20-03,2026-08-01 18:15:11
E0763,M20,8.8,0,-10.0,320.0,134.04,1,欠拧,extended,WS-003,三号装配工位,WS-003,王芳,总装二车间,M20-05,2026-08-01 18:15:49
B0834,M16,8.8,0,20.0,180.0,143.48,2,过拧,benchmark,WS-002,二号装配工位,WS-002,李强,总装一车间,M16-05,2026-08-01 18:17:51
E1319,M20,10.9,1,20.0,320.0,131.02,3,滑牙,extended,WS-003,三号装配工位,WS-003,王芳,总装二车间,M20-06,2026-08-01 18:18:47
E0412,M24,8.8,0,-10.0,520.0,120.41,0,合格,extended,WS-004,四号装配工位,WS-004,刘洋,总装二车间,M24-01,2026-08-01 18:20:51
B0528,M24,8.8,0,20.0,520.0,163.43,0,合格,benchmark,WS-004,四号装配工位,WS-004,刘洋,总装二车间,M24-06,2026-08-01 18:21:31
B0408,M24,8.8,0,20.0,520.0,124.52,0,合格,benchmark,WS-004,四号装配工位,WS-004,刘洋,总装二车间,M24-06,2026-08-01 18:21:38
E1102,M16,8.8,0,-10.0,180.0,190.15,2,过拧,extended,WS-002,二号装配工位,WS-002,李强,总装一车间,M16-06,2026-08-01 18:21:41
B1063,M20,8.8,0,20.0,320.0,154.0,3,滑牙,benchmark,WS-003,三号装配工位,WS-003,王芳,总装二车间,M20-02,2026-08-01 18:22:19
B0256,M24,8.8,0,20.0,520.0,148.97,0,合格,benchmark,WS-004,四号装配工位,WS-004,刘洋,总装二车间,M24-04,2026-08-01 18:24:20
B0924,M24,8.8,0,20.0,520.0,188.75,2,过拧,benchmark,WS-004,四号装配工位,WS-004,刘洋,总装二车间,M24-03,2026-08-01 18:26:57
B0522,M16,8.8,0,20.0,180.0,122.87,0,合格,benchmark,WS-002,二号装配工位,WS-002,李强,总装一车间,M16-05,2026-08-01 18:31:28
E0735,M20,12.9,2,50.0,320.0,162.23,1,欠拧,extended,WS-003,三号装配工位,WS-003,王芳,总装二车间,M20-04,2026-08-01 18:33:48
E1130,M16,10.9,1,20.0,180.0,139.17,2,过拧,extended,WS-002,二号装配工位,WS-002,李强,总装一车间,M16-01,2026-08-01 18:34:27
B0752,M24,8.8,0,20.0,520.0,123.79,1,欠拧,benchmark,WS-004,四号装配工位,WS-004,刘洋,总装二车间,M24-02,2026-08-01 18:38:25
B0975,M20,8.8,0,20.0,320.0,117.49,3,滑牙,benchmark,WS-003,三号装配工位,WS-003,王芳,总装二车间,M20-04,2026-08-01 18:39:02
E0407,M20,10.9,1,20.0,320.0,134.43,0,合格,extended,WS-003,三号装配工位,WS-003,王芳,总装二车间,M20-06,2026-08-01 18:39:06
B0457,M12,8.8,0,20.0,80.0,126.06,0,合格,benchmark,WS-001,一号装配工位,WS-001,张伟,总装一车间,M12-01,2026-08-01 18:40:15
E1689,M12,12.9,2,50.0,80.0,164.62,4,虚拧,extended,WS-001,一号装配工位,WS-001,张伟,总装一车间,M12-03,2026-08-01 18:41:06
B0938,M16,8.8,0,20.0,180.0,177.94,2,过拧,benchmark,WS-002,二号装配工位,WS-002,李强,总装一车间,M16-01,2026-08-01 18:41:15
E0375,M20,12.9,2,50.0,320.0,144.22,0,合格,extended,WS-003,三号装配工位,WS-003,王芳,总装二车间,M20-04,2026-08-01 18:41:27
E1691,M20,10.9,1,20.0,320.0,167.29,4,虚拧,extended,WS-003,三号装配工位,WS-003,王芳,总装二车间,M20-03,2026-08-01 18:41:55
E0498,M16,12.9,2,50.0,180.0,168.03,0,合格,extended,WS-002,二号装配工位,WS-002,李强,总装一车间,M16-05,2026-08-01 18:45:17
E0863,M20,10.9,1,20.0,320.0,135.93,1,欠拧,extended,WS-003,三号装配工位,WS-003,王芳,总装二车间,M20-06,2026-08-01 18:45:54
E1463,M20,10.9,1,20.0,320.0,145.28,3,滑牙,extended,WS-003,三号装配工位,WS-003,王芳,总装二车间,M20-06,2026-08-01 18:46:57
E0477,M12,12.9,2,50.0,80.0,173.52,0,合格,extended,WS-001,一号装配工位,WS-001,张伟,总装一车间,M12-06,2026-08-01 18:47:04
E0324,M24,12.9,2,50.0,520.0,143.54,0,合格,extended,WS-004,四号装配工位,WS-004,刘洋,总装二车间,M24-03,2026-08-01 18:49:57
B1104,M24,8.8,0,20.0,520.0,128.76,4,虚拧,benchmark,WS-004,四号装配工位,WS-004,刘洋,总装二车间,M24-06,2026-08-01 18:50:54
E1439,M20,10.9,1,20.0,320.0,140.29,3,滑牙,extended,WS-003,三号装配工位,WS-003,王芳,总装二车间,M20-06,2026-08-01 18:52:27
E0281,M12,10.9,1,20.0,80.0,156.95,0,合格,extended,WS-001,一号装配工位,WS-001,张伟,总装一车间,M12-05,2026-08-01 18:54:24
B0273,M12,8.8,0,20.0,80.0,158.77,0,合格,benchmark,WS-001,一号装配工位,WS-001,张伟,总装一车间,M12-03,2026-08-01 18:54:28
B0357,M12,8.8,0,20.0,80.0,130.88,0,合格,benchmark,WS-001,一号装配工位,WS-001,张伟,总装一车间,M12-06,2026-08-01 18:54:39
B0182,M16,8.8,0,20.0,180.0,136.83,0,合格,benchmark,WS-002,二号装配工位,WS-002,李强,总装一车间,M16-04,2026-08-01 18:57:59
E0808,M24,8.8,0,-10.0,520.0,157.19,1,欠拧,extended,WS-004,四号装配工位,WS-004,刘洋,总装二车间,M24-04,2026-08-01 18:58:03
E0770,M16,10.9,1,20.0,180.0,125.74,1,欠拧,extended,WS-002,二号装配工位,WS-002,李强,总装一车间,M16-01,2026-08-01 19:00:25
E0813,M12,12.9,2,50.0,80.0,185.05,1,欠拧,extended,WS-001,一号装配工位,WS-001,张伟,总装一车间,M12-06,2026-08-01 19:01:42
B0390,M16,8.8,0,20.0,180.0,179.24,0,合格,benchmark,WS-002,二号装配工位,WS-002,李强,总装一车间,M16-02,2026-08-01 19:02:11
B0961,M12,8.8,0,20.0,80.0,111.8,3,滑牙,benchmark,WS-001,一号装配工位,WS-001,张伟,总装一车间,M12-01,2026-08-01 19:02:52
E1108,M24,8.8,0,-10.0,520.0,159.16,2,过拧,extended,WS-004,四号装配工位,WS-004,刘洋,总装二车间,M24-01,2026-08-01 19:03:13
E0337,M12,8.8,0,-10.0,80.0,131.67,0,合格,extended,WS-001,一号装配工位,WS-001,张伟,总装一车间,M12-01,2026-08-01 19:03:21
E1686,M16,12.9,2,50.0,180.0,147.37,4,虚拧,extended,WS-002,二号装配工位,WS-002,李强,总装一车间,M16-02,2026-08-01 19:03:33
B1046,M16,8.8,0,20.0,180.0,147.32,3,滑牙,benchmark,WS-002,二号装配工位,WS-002,李强,总装一车间,M16-04,2026-08-01 19:03:36
B0536,M24,8.8,0,20.0,520.0,182.81,0,合格,benchmark,WS-004,四号装配工位,WS-004,刘洋,总装二车间,M24-02,2026-08-01 19:03:36
E1022,M16,10.9,1,20.0,180.0,169.53,2,过拧,extended,WS-002,二号装配工位,WS-002,李强,总装一车间,M16-04,2026-08-01 19:05:07
E0029,M12,10.9,1,20.0,80.0,185.42,0,合格,extended,WS-001,一号装配工位,WS-001,张伟,总装一车间,M12-02,2026-08-01 19:05:20
B0058,M16,8.8,0,20.0,180.0,162.42,0,合格,benchmark,WS-002,二号装配工位,WS-002,李强,总装一车间,M16-03,2026-08-01 19:06:31
B0884,M24,8.8,0,20.0,520.0,116.34,2,过拧,benchmark,WS-004,四号装配工位,WS-004,刘洋,总装二车间,M24-05,2026-08-01 19:10:31
E0206,M16,10.9,1,20.0,180.0,187.34,0,合格,extended,WS-002,二号装配工位,WS-002,李强,总装一车间,M16-04,2026-08-01 19:11:30
E1049,M12,10.9,1,20.0,80.0,135.08,2,过拧,extended,WS-001,一号装配工位,WS-001,张伟,总装一车间,M12-05,2026-08-01 19:12:44
E1592,M24,10.9,1,20.0,520.0,120.52,4,虚拧,extended,WS-004,四号装配工位,WS-004,刘洋,总装二车间,M24-02,2026-08-01 19:12:52
B0533,M12,8.8,0,20.0,80.0,185.52,0,合格,benchmark,WS-001,一号装配工位,WS-001,张伟,总装一车间,M12-02,2026-08-01 19:13:19
E0455,M20,10.9,1,20.0,320.0,123.93,0,合格,extended,WS-003,三号装配工位,WS-003,王芳,总装二车间,M20-06,2026-08-01 19:15:02
B0847,M20,8.8,0,20.0,320.0,168.77,2,过拧,benchmark,WS-003,三号装配工位,WS-003,王芳,总装二车间,M20-02,2026-08-01 19:15:19
E0747,M20,12.9,2,50.0,320.0,181.87,1,欠拧,extended,WS-003,三号装配工位,WS-003,王芳,总装二车间,M20-01,2026-08-01 19:18:33
E1668,M24,12.9,2,50.0,520.0,113.05,4,虚拧,extended,WS-004,四号装配工位,WS-004,刘洋,总装二车间,M24-03,2026-08-01 19:20:30
B0750,M16,8.8,0,20.0,180.0,178.96,1,欠拧,benchmark,WS-002,二号装配工位,WS-002,李强,总装一车间,M16-02,2026-08-01 19:20:52
E1227,M20,12.9,2,50.0,320.0,133.49,3,滑牙,extended,WS-003,三号装配工位,WS-003,王芳,总装二车间,M20-01,2026-08-01 19:21:30
B0937,M12,8.8,0,20.0,80.0,113.84,2,过拧,benchmark,WS-001,一号装配工位,WS-001,张伟,总装一车间,M12-01,2026-08-01 19:22:13
E0495,M20,12.9,2,50.0,320.0,122.91,0,合格,extended,WS-003,三号装配工位,WS-003,王芳,总装二车间,M20-04,2026-08-01 19:31:15
E0654,M16,12.9,2,50.0,180.0,129.63,1,欠拧,extended,WS-002,二号装配工位,WS-002,李强,总装一车间,M16-02,2026-08-01 19:32:32
E1460,M24,10.9,1,20.0,520.0,155.43,3,滑牙,extended,WS-004,四号装配工位,WS-004,刘洋,总装二车间,M24-05,2026-08-01 19:33:44
B0083,M20,8.8,0,20.0,320.0,140.26,0,合格,benchmark,WS-003,三号装配工位,WS-003,王芳,总装二车间,M20-03,2026-08-01 19:34:10
B0287,M20,8.8,0,20.0,320.0,172.37,0,合格,benchmark,WS-003,三号装配工位,WS-003,王芳,总装二车间,M20-06,2026-08-01 19:35:36
E0708,M24,12.9,2,50.0,520.0,113.39,1,欠拧,extended,WS-004,四号装配工位,WS-004,刘洋,总装二车间,M24-03,2026-08-01 19:36:37
B0178,M16,8.8,0,20.0,180.0,152.15,0,合格,benchmark,WS-002,二号装配工位,WS-002,李强,总装一车间,M16-03,2026-08-01 19:36:41
E1733,M12,10.9,1,20.0,80.0,111.29,4,虚拧,extended,WS-001,一号装配工位,WS-001,张伟,总装一车间,M12-02,2026-08-01 19:40:14
E1169,M12,10.9,1,20.0,80.0,128.25,2,过拧,extended,WS-001,一号装配工位,WS-001,张伟,总装一车间,M12-05,2026-08-01 19:41:04
E0895,M20,8.8,0,-10.0,320.0,174.62,1,欠拧,extended,WS-003,三号装配工位,WS-003,王芳,总装二车间,M20-02,2026-08-01 19:41:36
E1233,M12,12.9,2,50.0,80.0,114.23,3,滑牙,extended,WS-001,一号装配工位,WS-001,张伟,总装一车间,M12-03,2026-08-01 19:41:57
E0287,M20,10.9,1,20.0,320.0,131.99,0,合格,extended,WS-003,三号装配工位,WS-003,王芳,总装二车间,M20-06,2026-08-01 19:42:17
E0356,M24,10.9,1,20.0,520.0,187.01,0,合格,extended,WS-004,四号装配工位,WS-004,刘洋,总装二车间,M24-05,2026-08-01 19:43:03
E0578,M16,10.9,1,20.0,180.0,180.21,0,合格,extended,WS-002,二号装配工位,WS-002,李强,总装一车间,M16-01,2026-08-01 19:43:36
E1520,M24,10.9,1,20.0,520.0,161.01,4,虚拧,extended,WS-004,四号装配工位,WS-004,刘洋,总装二车间,M24-02,2026-08-01 19:45:51
E0736,M24,8.8,0,-10.0,520.0,180.27,1,欠拧,extended,WS-004,四号装配工位,WS-004,刘洋,总装二车间,M24-04,2026-08-01 19:46:39
B1076,M24,8.8,0,20.0,520.0,184.34,4,虚拧,benchmark,WS-004,四号装配工位,WS-004,刘洋,总装二车间,M24-05,2026-08-01 19:47:24
E0741,M12,12.9,2,50.0,80.0,164.93,1,欠拧,extended,WS-001,一号装配工位,WS-001,张伟,总装一车间,M12-06,2026-08-01 19:50:11
B0350,M16,8.8,0,20.0,180.0,171.17,0,合格,benchmark,WS-002,二号装配工位,WS-002,李强,总装一车间,M16-04,2026-08-01 19:51:06
B0623,M20,8.8,0,20.0,320.0,162.96,0,合格,benchmark,WS-003,三号装配工位,WS-003,王芳,总装二车间,M20-06,2026-08-01 19:53:19
B0041,M12,8.8,0,20.0,80.0,119.16,0,合格,benchmark,WS-001,一号装配工位,WS-001,张伟,总装一车间,M12-05,2026-08-01 19:53:47
E0650,M16,10.9,1,20.0,180.0,118.07,1,欠拧,extended,WS-002,二号装配工位,WS-002,李强,总装一车间,M16-01,2026-08-01 19:54:08
E0437,M12,10.9,1,20.0,80.0,143.7,0,合格,extended,WS-001,一号装配工位,WS-001,张伟,总装一车间,M12-02,2026-08-01 19:54:32
E0396,M24,12.9,2,50.0,520.0,174.45,0,合格,extended,WS-004,四号装配工位,WS-004,刘洋,总装二车间,M24-03,2026-08-01 19:54:54
B0532,M24,8.8,0,20.0,520.0,191.07,0,合格,benchmark,WS-004,四号装配工位,WS-004,刘洋,总装二车间,M24-01,2026-08-01 19:55:05
B1078,M16,8.8,0,20.0,180.0,116.34,4,虚拧,benchmark,WS-002,二号装配工位,WS-002,李强,总装一车间,M16-06,2026-08-01 19:56:43
B0467,M20,8.8,0,20.0,320.0,121.05,0,合格,benchmark,WS-003,三号装配工位,WS-003,王芳,总装二车间,M20-03,2026-08-01 19:56:59
E1396,M24,8.8,0,-10.0,520.0,115.77,3,滑牙,extended,WS-004,四号装配工位,WS-004,刘洋,总装二车间,M24-01,2026-08-01 19:57:23
B0187,M20,8.8,0,20.0,320.0,148.24,0,合格,benchmark,WS-003,三号装配工位,WS-003,王芳,总装二车间,M20-05,2026-08-01 19:58:02
B0168,M24,8.8,0,20.0,520.0,132.06,0,合格,benchmark,WS-004,四号装配工位,WS-004,刘洋,总装二车间,M24-06,2026-08-01 20:01:19
E1097,M12,10.9,1,20.0,80.0,183.57,2,过拧,extended,WS-001,一号装配工位,WS-001,张伟,总装一车间,M12-05,2026-08-01 20:03:07
E1000,M24,8.8,0,-10.0,520.0,186.74,2,过拧,extended,WS-004,四号装配工位,WS-004,刘洋,总装二车间,M24-04,2026-08-01 20:04:27
B0703,M20,8.8,0,20.0,320.0,158.98,1,欠拧,benchmark,WS-003,三号装配工位,WS-003,王芳,总装二车间,M20-02,2026-08-01 20:04:32
E1128,M24,12.9,2,50.0,520.0,173.64,2,过拧,extended,WS-004,四号装配工位,WS-004,刘洋,总装二车间,M24-06,2026-08-01 20:05:45
E1740,M24,12.9,2,50.0,520.0,117.13,4,虚拧,extended,WS-004,四号装配工位,WS-004,刘洋,总装二车间,M24-03,2026-08-01 20:09:31
B0685,M12,8.8,0,20.0,80.0,169.86,0,合格,benchmark,WS-001,一号装配工位,WS-001,张伟,总装一车间,M12-04,2026-08-01 20:11:47
B1193,M12,8.8,0,20.0,80.0,133.0,4,虚拧,benchmark,WS-001,一号装配工位,WS-001,张伟,总装一车间,M12-05,2026-08-01 20:15:37
E1334,M16,10.9,1,20.0,180.0,166.05,3,滑牙,extended,WS-002,二号装配工位,WS-002,李强,总装一车间,M16-04,2026-08-01 20:15:52
B0262,M16,8.8,0,20.0,180.0,112.35,0,合格,benchmark,WS-002,二号装配工位,WS-002,李强,总装一车间,M16-06,2026-08-01 20:16:57
E0233,M12,10.9,1,20.0,80.0,158.8,0,合格,extended,WS-001,一号装配工位,WS-001,张伟,总装一车间,M12-05,2026-08-01 20:19:34
B0704,M24,8.8,0,20.0,520.0,139.68,1,欠拧,benchmark,WS-004,四号装配工位,WS-004,刘洋,总装二车间,M24-02,2026-08-01 20:19:58
E1250,M16,10.9,1,20.0,180.0,152.71,3,滑牙,extended,WS-002,二号装配工位,WS-002,李强,总装一车间,M16-01,2026-08-01 20:22:52
E1605,M12,12.9,2,50.0,80.0,127.97,4,虚拧,extended,WS-001,一号装配工位,WS-001,张伟,总装一车间,M12-06,2026-08-01 20:23:41
E0903,M20,12.9,2,50.0,320.0,127.49,2,过拧,extended,WS-003,三号装配工位,WS-003,王芳,总装二车间,M20-04,2026-08-01 20:23:45
E0851,M20,10.9,1,20.0,320.0,174.34,1,欠拧,extended,WS-003,三号装配工位,WS-003,王芳,总装二车间,M20-03,2026-08-01 20:24:16
E0416,M24,10.9,1,20.0,520.0,151.6,0,合格,extended,WS-004,四号装配工位,WS-004,刘洋,总装二车间,M24-02,2026-08-01 20:27:07
B1032,M24,8.8,0,20.0,520.0,142.74,3,滑牙,benchmark,WS-004,四号装配工位,WS-004,刘洋,总装二车间,M24-06,2026-08-01 20:27:20
B0908,M24,8.8,0,20.0,520.0,132.39,2,过拧,benchmark,WS-004,四号装配工位,WS-004,刘洋,总装二车间,M24-05,2026-08-01 20:27:54
E1731,M20,12.9,2,50.0,320.0,122.98,4,虚拧,extended,WS-003,三号装配工位,WS-003,王芳,总装二车间,M20-01,2026-08-01 20:32:32
B0411,M20,8.8,0,20.0,320.0,193.07,0,合格,benchmark,WS-003,三号装配工位,WS-003,王芳,总装二车间,M20-01,2026-08-01 20:32:52
B0544,M24,8.8,0,20.0,520.0,109.35,0,合格,benchmark,WS-004,四号装配工位,WS-004,刘洋,总装二车间,M24-04,2026-08-01 20:34:27
B0259,M20,8.8,0,20.0,320.0,113.54,0,合格,benchmark,WS-003,三号装配工位,WS-003,王芳,总装二车间,M20-05,2026-08-01 20:36:47
E1170,M16,12.9,2,50.0,180.0,151.69,2,过拧,extended,WS-002,二号装配工位,WS-002,李强,总装一车间,M16-05,2026-08-01 20:37:29
B0761,M12,8.8,0,20.0,80.0,159.63,1,欠拧,benchmark,WS-001,一号装配工位,WS-001,张伟,总装一车间,M12-05,2026-08-01 20:40:19
E1278,M16,12.9,2,50.0,180.0,147.87,3,滑牙,extended,WS-002,二号装配工位,WS-002,李强,总装一车间,M16-02,2026-08-01 20:40:55
E1168,M24,8.8,0,-10.0,520.0,124.36,2,过拧,extended,WS-004,四号装配工位,WS-004,刘洋,总装二车间,M24-04,2026-08-01 20:41:34
E1048,M24,8.8,0,-10.0,520.0,137.8,2,过拧,extended,WS-004,四号装配工位,WS-004,刘洋,总装二车间,M24-04,2026-08-01 20:41:51
E0947,M20,10.9,1,20.0,320.0,172.86,2,过拧,extended,WS-003,三号装配工位,WS-003,王芳,总装二车间,M20-03,2026-08-01 20:42:18
B0661,M12,8.8,0,20.0,80.0,159.67,0,合格,benchmark,WS-001,一号装配工位,WS-001,张伟,总装一车间,M12-04,2026-08-01 20:43:25
B0230,M16,8.8,0,20.0,180.0,131.41,0,合格,benchmark,WS-002,二号装配工位,WS-002,李强,总装一车间,M16-04,2026-08-01 20:43:39
E0832,M24,8.8,0,-10.0,520.0,169.86,1,欠拧,extended,WS-004,四号装配工位,WS-004,刘洋,总装二车间,M24-04,2026-08-01 20:45:39
E0205,M12,8.8,0,-10.0,80.0,155.56,0,合格,extended,WS-001,一号装配工位,WS-001,张伟,总装一车间,M12-04,2026-08-01 20:46:18
B1174,M16,8.8,0,20.0,180.0,113.91,4,虚拧,benchmark,WS-002,二号装配工位,WS-002,李强,总装一车间,M16-06,2026-08-01 20:46:49
E0683,M20,10.9,1,20.0,320.0,191.97,1,欠拧,extended,WS-003,三号装配工位,WS-003,王芳,总装二车间,M20-03,2026-08-01 20:48:14
E1075,M20,8.8,0,-10.0,320.0,182.19,2,过拧,extended,WS-003,三号装配工位,WS-003,王芳,总装二车间,M20-05,2026-08-01 20:48:14
E0502,M16,8.8,0,-10.0,180.0,180.63,0,合格,extended,WS-002,二号装配工位,WS-002,李强,总装一车间,M16-06,2026-08-01 20:50:52
B0392,M24,8.8,0,20.0,520.0,169.58,0,合格,benchmark,WS-004,四号装配工位,WS-004,刘洋,总装二车间,M24-02,2026-08-01 20:54:26
B0251,M20,8.8,0,20.0,320.0,122.69,0,合格,benchmark,WS-003,三号装配工位,WS-003,王芳,总装二车间,M20-03,2026-08-01 20:55:15
E0686,M16,10.9,1,20.0,180.0,167.92,1,欠拧,extended,WS-002,二号装配工位,WS-002,李强,总装一车间,M16-04,2026-08-01 20:55:24
E1181,M12,10.9,1,20.0,80.0,153.54,2,过拧,extended,WS-001,一号装配工位,WS-001,张伟,总装一车间,M12-02,2026-08-01 20:55:44
E1283,M20,10.9,1,20.0,320.0,167.9,3,滑牙,extended,WS-003,三号装配工位,WS-003,王芳,总装二车间,M20-03,2026-08-01 20:58:51
B0349,M12,8.8,0,20.0,80.0,149.21,0,合格,benchmark,WS-001,一号装配工位,WS-001,张伟,总装一车间,M12-04,2026-08-01 21:00:37
B1106,M16,8.8,0,20.0,180.0,178.13,4,虚拧,benchmark,WS-002,二号装配工位,WS-002,李强,总装一车间,M16-01,2026-08-01 21:01:36
B0469,M12,8.8,0,20.0,80.0,141.82,0,合格,benchmark,WS-001,一号装配工位,WS-001,张伟,总装一车间,M12-04,2026-08-01 21:03:56
E1413,M12,12.9,2,50.0,80.0,178.3,3,滑牙,extended,WS-001,一号装配工位,WS-001,张伟,总装一车间,M12-06,2026-08-01 21:03:56
B0564,M24,8.8,0,20.0,520.0,156.28,0,合格,benchmark,WS-004,四号装配工位,WS-004,刘洋,总装二车间,M24-03,2026-08-01 21:04:04
E0439,M20,8.8,0,-10.0,320.0,166.75,0,合格,extended,WS-003,三号装配工位,WS-003,王芳,总装二车间,M20-02,2026-08-01 21:07:45
E0729,M12,12.9,2,50.0,80.0,135.98,1,欠拧,extended,WS-001,一号装配工位,WS-001,张伟,总装一车间,M12-03,2026-08-01 21:08:24
B0023,M20,8.8,0,20.0,320.0,165.37,0,合格,benchmark,WS-003,三号装配工位,WS-003,王芳,总装二车间,M20-06,2026-08-01 21:08:36
E1726,M16,8.8,0,-10.0,180.0,177.09,4,虚拧,extended,WS-002,二号装配工位,WS-002,李强,总装一车间,M16-06,2026-08-01 21:09:44
B0635,M20,8.8,0,20.0,320.0,135.48,0,合格,benchmark,WS-003,三号装配工位,WS-003,王芳,总装二车间,M20-03,2026-08-01 21:10:11
B0912,M24,8.8,0,20.0,520.0,141.75,2,过拧,benchmark,WS-004,四号装配工位,WS-004,刘洋,总装二车间,M24-06,2026-08-01 21:12:51
E1185,M12,12.9,2,50.0,80.0,145.98,2,过拧,extended,WS-001,一号装配工位,WS-001,张伟,总装一车间,M12-03,2026-08-01 21:13:18
E0232,M24,8.8,0,-10.0,520.0,193.93,0,合格,extended,WS-004,四号装配工位,WS-004,刘洋,总装二车间,M24-04,2026-08-01 21:19:58
E0691,M20,8.8,0,-10.0,320.0,174.28,1,欠拧,extended,WS-003,三号装配工位,WS-003,王芳,总装二车间,M20-05,2026-08-01 21:20:12
E0463,M20,8.8,0,-10.0,320.0,179.08,0,合格,extended,WS-003,三号装配工位,WS-003,王芳,总装二车间,M20-02,2026-08-01 21:20:16
E1729,M12,8.8,0,-10.0,80.0,127.0,4,虚拧,extended,WS-001,一号装配工位,WS-001,张伟,总装一车间,M12-01,2026-08-01 21:21:47
E1541,M12,10.9,1,20.0,80.0,153.78,4,虚拧,extended,WS-001,一号装配工位,WS-001,张伟,总装一车间,M12-02,2026-08-01 21:22:21
E0598,M16,8.8,0,-10.0,180.0,163.82,0,合格,extended,WS-002,二号装配工位,WS-002,李强,总装一车间,M16-06,2026-08-01 21:22:30
E0145,M12,8.8,0,-10.0,80.0,116.71,0,合格,extended,WS-001,一号装配工位,WS-001,张伟,总装一车间,M12-01,2026-08-01 21:26:30
E0760,M24,8.8,0,-10.0,520.0,119.72,1,欠拧,extended,WS-004,四号装配工位,WS-004,刘洋,总装二车间,M24-04,2026-08-01 21:28:52
E0126,M16,12.9,2,50.0,180.0,156.31,0,合格,extended,WS-002,二号装配工位,WS-002,李强,总装一车间,M16-02,2026-08-01 21:30:24
E1474,M16,8.8,0,-10.0,180.0,153.44,3,滑牙,extended,WS-002,二号装配工位,WS-002,李强,总装一车间,M16-03,2026-08-01 21:30:28
E1744,M24,8.8,0,-10.0,520.0,185.95,4,虚拧,extended,WS-004,四号装配工位,WS-004,刘洋,总装二车间,M24-04,2026-08-01 21:31:44
B0253,M12,8.8,0,20.0,80.0,164.02,0,合格,benchmark,WS-001,一号装配工位,WS-001,张伟,总装一车间,M12-04,2026-08-01 21:33:07
E0334,M16,8.8,0,-10.0,180.0,126.98,0,合格,extended,WS-002,二号装配工位,WS-002,李强,总装一车间,M16-06,2026-08-01 21:33:33
E1538,M16,10.9,1,20.0,180.0,145.4,4,虚拧,extended,WS-002,二号装配工位,WS-002,李强,总装一车间,M16-01,2026-08-01 21:34:12
E1610,M16,10.9,1,20.0,180.0,128.32,4,虚拧,extended,WS-002,二号装配工位,WS-002,李强,总装一车间,M16-01,2026-08-01 21:38:03
B0072,M24,8.8,0,20.0,520.0,156.34,0,合格,benchmark,WS-004,四号装配工位,WS-004,刘洋,总装二车间,M24-06,2026-08-01 21:38:30
E0871,M20,8.8,0,-10.0,320.0,124.98,1,欠拧,extended,WS-003,三号装配工位,WS-003,王芳,总装二车间,M20-02,2026-08-01 21:38:37
E0451,M20,8.8,0,-10.0,320.0,114.59,0,合格,extended,WS-003,三号装配工位,WS-003,王芳,总装二车间,M20-05,2026-08-01 21:39:47
E0323,M20,10.9,1,20.0,320.0,140.68,0,合格,extended,WS-003,三号装配工位,WS-003,王芳,总装二车间,M20-03,2026-08-01 21:46:39
B1178,M16,8.8,0,20.0,180.0,165.68,4,虚拧,benchmark,WS-002,二号装配工位,WS-002,李强,总装一车间,M16-01,2026-08-01 21:47:43
E1192,M24,8.8,0,-10.0,520.0,126.68,2,过拧,extended,WS-004,四号装配工位,WS-004,刘洋,总装二车间,M24-04,2026-08-01 21:50:44
B0523,M20,8.8,0,20.0,320.0,129.6,0,合格,benchmark,WS-003,三号装配工位,WS-003,王芳,总装二车间,M20-05,2026-08-01 21:50:44
B1113,M12,8.8,0,20.0,80.0,145.69,4,虚拧,benchmark,WS-001,一号装配工位,WS-001,张伟,总装一车间,M12-03,2026-08-01 21:51:51
E1020,M24,12.9,2,50.0,520.0,180.02,2,过拧,extended,WS-004,四号装配工位,WS-004,刘洋,总装二车间,M24-03,2026-08-01 21:51:59
B0888,M24,8.8,0,20.0,520.0,132.93,2,过拧,benchmark,WS-004,四号装配工位,WS-004,刘洋,总装二车间,M24-06,2026-08-01 21:53:56
E1793,M12,10.9,1,20.0,80.0,176.75,4,虚拧,extended,WS-001,一号装配工位,WS-001,张伟,总装一车间,M12-05,2026-08-01 21:54:08
E1354,M16,8.8,0,-10.0,180.0,172.32,3,滑牙,extended,WS-002,二号装配工位,WS-002,李强,总装一车间,M16-03,2026-08-01 21:54:39
E1661,M12,10.9,1,20.0,80.0,114.82,4,虚拧,extended,WS-001,一号装配工位,WS-001,张伟,总装一车间,M12-02,2026-08-01 21:56:29
B1115,M20,8.8,0,20.0,320.0,183.36,4,虚拧,benchmark,WS-003,三号装配工位,WS-003,王芳,总装二车间,M20-03,2026-08-01 21:59:45
B0052,M24,8.8,0,20.0,520.0,119.12,0,合格,benchmark,WS-004,四号装配工位,WS-004,刘洋,总装二车间,M24-01,2026-08-01 22:00:50
B0543,M20,8.8,0,20.0,320.0,169.98,0,合格,benchmark,WS-003,三号装配工位,WS-003,王芳,总装二车间,M20-04,2026-08-01 22:01:37
E1651,M20,8.8,0,-10.0,320.0,163.86,4,虚拧,extended,WS-003,三号装配工位,WS-003,王芳,总装二车间,M20-05,2026-08-01 22:01:53
E1690,M16,8.8,0,-10.0,180.0,143.8,4,虚拧,extended,WS-002,二号装配工位,WS-002,李强,总装一车间,M16-03,2026-08-01 22:02:56
E1266,M16,12.9,2,50.0,180.0,118.2,3,滑牙,extended,WS-002,二号装配工位,WS-002,李强,总装一车间,M16-05,2026-08-01 22:04:30
B0398,M16,8.8,0,20.0,180.0,173.19,0,合格,benchmark,WS-002,二号装配工位,WS-002,李强,总装一车间,M16-04,2026-08-01 22:08:35
E0570,M16,12.9,2,50.0,180.0,123.32,0,合格,extended,WS-002,二号装配工位,WS-002,李强,总装一车间,M16-05,2026-08-01 22:09:55
B0993,M12,8.8,0,20.0,80.0,168.24,3,滑牙,benchmark,WS-001,一号装配工位,WS-001,张伟,总装一车间,M12-03,2026-08-01 22:10:55
E0894,M16,12.9,2,50.0,180.0,145.99,1,欠拧,extended,WS-002,二号装配工位,WS-002,李强,总装一车间,M16-02,2026-08-01 22:14:32
E1613,M12,10.9,1,20.0,80.0,181.4,4,虚拧,extended,WS-001,一号装配工位,WS-001,张伟,总装一车间,M12-02,2026-08-01 22:15:05
E0587,M20,10.9,1,20.0,320.0,123.61,0,合格,extended,WS-003,三号装配工位,WS-003,王芳,总装二车间,M20-03,2026-08-01 22:16:12
B0838,M16,8.8,0,20.0,180.0,181.58,2,过拧,benchmark,WS-002,二号装配工位,WS-002,李强,总装一车间,M16-06,2026-08-01 22:16:14
E1545,M12,12.9,2,50.0,80.0,182.27,4,虚拧,extended,WS-001,一号装配工位,WS-001,张伟,总装一车间,M12-03,2026-08-01 22:18:35
E1311,M20,12.9,2,50.0,320.0,173.32,3,滑牙,extended,WS-003,三号装配工位,WS-003,王芳,总装二车间,M20-04,2026-08-01 22:20:24
E0504,M24,12.9,2,50.0,520.0,126.44,0,合格,extended,WS-004,四号装配工位,WS-004,刘洋,总装二车间,M24-06,2026-08-01 22:22:01
B0426,M16,8.8,0,20.0,180.0,140.21,0,合格,benchmark,WS-002,二号装配工位,WS-002,李强,总装一车间,M16-05,2026-08-01 22:23:01
E1615,M20,8.8,0,-10.0,320.0,111.87,4,虚拧,extended,WS-003,三号装配工位,WS-003,王芳,总装二车间,M20-02,2026-08-01 22:23:33
B0102,M16,8.8,0,20.0,180.0,107.91,0,合格,benchmark,WS-002,二号装配工位,WS-002,李强,总装一车间,M16-02,2026-08-01 22:23:36
B1085,M12,8.8,0,20.0,80.0,133.53,4,虚拧,benchmark,WS-001,一号装配工位,WS-001,张伟,总装一车间,M12-02,2026-08-01 22:26:04
B0009,M12,8.8,0,20.0,80.0,144.64,0,合格,benchmark,WS-001,一号装配工位,WS-001,张伟,总装一车间,M12-03,2026-08-01 22:30:20
E1149,M12,12.9,2,50.0,80.0,138.1,2,过拧,extended,WS-001,一号装配工位,WS-001,张伟,总装一车间,M12-06,2026-08-01 22:30:20
B0872,M24,8.8,0,20.0,520.0,122.91,2,过拧,benchmark,WS-004,四号装配工位,WS-004,刘洋,总装二车间,M24-02,2026-08-01 22:31:41
E1700,M24,10.9,1,20.0,520.0,125.57,4,虚拧,extended,WS-004,四号装配工位,WS-004,刘洋,总装二车间,M24-05,2026-08-01 22:32:03
E0164,M24,10.9,1,20.0,520.0,158.82,0,合格,extended,WS-004,四号装配工位,WS-004,刘洋,总装二车间,M24-05,2026-08-01 22:32:32
E0596,M24,10.9,1,20.0,520.0,144.01,0,合格,extended,WS-004,四号装配工位,WS-004,刘洋,总装二车间,M24-05,2026-08-01 22:33:01
B0653,M12,8.8,0,20.0,80.0,181.37,0,合格,benchmark,WS-001,一号装配工位,WS-001,张伟,总装一车间,M12-02,2026-08-01 22:34:10
B0224,M24,8.8,0,20.0,520.0,130.98,0,合格,benchmark,WS-004,四号装配工位,WS-004,刘洋,总装二车间,M24-02,2026-08-01 22:34:12
B0664,M24,8.8,0,20.0,520.0,163.83,0,合格,benchmark,WS-004,四号装配工位,WS-004,刘洋,总装二车间,M24-04,2026-08-01 22:34:23
E0916,M24,8.8,0,-10.0,520.0,181.83,2,过拧,extended,WS-004,四号装配工位,WS-004,刘洋,总装二车间,M24-01,2026-08-01 22:34:53
B0339,M20,8.8,0,20.0,320.0,116.77,0,合格,benchmark,WS-003,三号装配工位,WS-003,王芳,总装二车间,M20-01,2026-08-01 22:35:49
E1443,M20,12.9,2,50.0,320.0,179.4,3,滑牙,extended,WS-003,三号装配工位,WS-003,王芳,总装二车间,M20-01,2026-08-01 22:37:18
E1573,M12,8.8,0,-10.0,80.0,166.6,4,虚拧,extended,WS-001,一号装配工位,WS-001,张伟,总装一车间,M12-04,2026-08-01 22:38:52
E0540,M24,12.9,2,50.0,520.0,142.35,0,合格,extended,WS-004,四号装配工位,WS-004,刘洋,总装二车间,M24-03,2026-08-01 22:42:59
E1565,M12,10.9,1,20.0,80.0,183.74,4,虚拧,extended,WS-001,一号装配工位,WS-001,张伟,总装一车间,M12-02,2026-08-01 22:43:18
E1296,M24,12.9,2,50.0,520.0,146.03,3,滑牙,extended,WS-004,四号装配工位,WS-004,刘洋,总装二车间,M24-06,2026-08-01 22:47:17
E1670,M16,10.9,1,20.0,180.0,142.26,4,虚拧,extended,WS-002,二号装配工位,WS-002,李强,总装一车间,M16-04,2026-08-01 22:49:08
E0672,M24,12.9,2,50.0,520.0,158.56,1,欠拧,extended,WS-004,四号装配工位,WS-004,刘洋,总装二车间,M24-06,2026-08-01 22:53:26
E1274,M16,10.9,1,20.0,180.0,120.85,3,滑牙,extended,WS-002,二号装配工位,WS-002,李强,总装一车间,M16-01,2026-08-01 22:54:10
E0274,M16,8.8,0,-10.0,180.0,172.89,0,合格,extended,WS-002,二号装配工位,WS-002,李强,总装一车间,M16-03,2026-08-01 22:54:19
E0740,M24,10.9,1,20.0,520.0,138.72,1,欠拧,extended,WS-004,四号装配工位,WS-004,刘洋,总装二车间,M24-05,2026-08-01 22:57:20
B0735,M20,8.8,0,20.0,320.0,185.76,1,欠拧,benchmark,WS-003,三号装配工位,WS-003,王芳,总装二车间,M20-04,2026-08-01 22:59:42
E1160,M24,10.9,1,20.0,520.0,118.8,2,过拧,extended,WS-004,四号装配工位,WS-004,刘洋,总装二车间,M24-02,2026-08-01 23:00:11
B1072,M24,8.8,0,20.0,520.0,126.72,3,滑牙,benchmark,WS-004,四号装配工位,WS-004,刘洋,总装二车间,M24-04,2026-08-01 23:03:07
E1323,M20,12.9,2,50.0,320.0,132.15,3,滑牙,extended,WS-003,三号装配工位,WS-003,王芳,总装二车间,M20-01,2026-08-01 23:07:03
E1077,M12,12.9,2,50.0,80.0,146.64,2,过拧,extended,WS-001,一号装配工位,WS-001,张伟,总装一车间,M12-06,2026-08-01 23:07:07
E0545,M12,10.9,1,20.0,80.0,135.96,0,合格,extended,WS-001,一号装配工位,WS-001,张伟,总装一车间,M12-05,2026-08-01 23:08:41
E0789,M12,12.9,2,50.0,80.0,171.55,1,欠拧,extended,WS-001,一号装配工位,WS-001,张伟,总装一车间,M12-06,2026-08-01 23:09:57
E0788,M24,10.9,1,20.0,520.0,176.52,1,欠拧,extended,WS-004,四号装配工位,WS-004,刘洋,总装二车间,M24-05,2026-08-01 23:15:38
E0510,M16,12.9,2,50.0,180.0,156.85,0,合格,extended,WS-002,二号装配工位,WS-002,李强,总装一车间,M16-02,2026-08-01 23:16:28
E1244,M24,10.9,1,20.0,520.0,117.83,3,滑牙,extended,WS-004,四号装配工位,WS-004,刘洋,总装二车间,M24-05,2026-08-01 23:17:02
E1270,M16,8.8,0,-10.0,180.0,189.13,3,滑牙,extended,WS-002,二号装配工位,WS-002,李强,总装一车间,M16-06,2026-08-01 23:24:52
E1534,M16,8.8,0,-10.0,180.0,160.3,4,虚拧,extended,WS-002,二号装配工位,WS-002,李强,总装一车间,M16-06,2026-08-01 23:25:53
E1402,M16,8.8,0,-10.0,180.0,184.54,3,滑牙,extended,WS-002,二号装配工位,WS-002,李强,总装一车间,M16-03,2026-08-01 23:26:48
B0142,M16,8.8,0,20.0,180.0,143.48,0,合格,benchmark,WS-002,二号装配工位,WS-002,李强,总装一车间,M16-06,2026-08-01 23:27:00
E1465,M12,8.8,0,-10.0,80.0,174.25,3,滑牙,extended,WS-001,一号装配工位,WS-001,张伟,总装一车间,M12-01,2026-08-01 23:28:11
E1262,M16,10.9,1,20.0,180.0,135.64,3,滑牙,extended,WS-002,二号装配工位,WS-002,李强,总装一车间,M16-04,2026-08-01 23:29:34
E1639,M20,8.8,0,-10.0,320.0,143.6,4,虚拧,extended,WS-003,三号装配工位,WS-003,王芳,总装二车间,M20-02,2026-08-01 23:31:07
E0195,M20,12.9,2,50.0,320.0,159.21,0,合格,extended,WS-003,三号装配工位,WS-003,王芳,总装二车间,M20-01,2026-08-01 23:31:30
E0382,M16,8.8,0,-10.0,180.0,189.46,0,合格,extended,WS-002,二号装配工位,WS-002,李强,总装一车间,M16-06,2026-08-01 23:34:39
E1353,M12,12.9,2,50.0,80.0,115.19,3,滑牙,extended,WS-001,一号装配工位,WS-001,张伟,总装一车间,M12-03,2026-08-01 23:36:49
B0964,M24,8.8,0,20.0,520.0,173.89,3,滑牙,benchmark,WS-004,四号装配工位,WS-004,刘洋,总装二车间,M24-01,2026-08-01 23:40:09
E1674,M16,12.9,2,50.0,180.0,170.62,4,虚拧,extended,WS-002,二号装配工位,WS-002,李强,总装一车间,M16-05,2026-08-01 23:44:48
E0994,M16,8.8,0,-10.0,180.0,111.87,2,过拧,extended,WS-002,二号装配工位,WS-002,李强,总装一车间,M16-03,2026-08-01 23:45:27
B0903,M20,8.8,0,20.0,320.0,156.26,2,过拧,benchmark,WS-003,三号装配工位,WS-003,王芳,总装二车间,M20-04,2026-08-01 23:46:39
E1158,M16,12.9,2,50.0,180.0,176.32,2,过拧,extended,WS-002,二号装配工位,WS-002,李强,总装一车间,M16-02,2026-08-01 23:46:53
E0155,M20,10.9,1,20.0,320.0,113.66,0,合格,extended,WS-003,三号装配工位,WS-003,王芳,总装二车间,M20-03,2026-08-01 23:48:12
E1194,M16,12.9,2,50.0,180.0,133.71,2,过拧,extended,WS-002,二号装配工位,WS-002,李强,总装一车间,M16-05,2026-08-01 23:53:50
E1503,M20,12.9,2,50.0,320.0,188.96,4,虚拧,extended,WS-003,三号装配工位,WS-003,王芳,总装二车间,M20-04,2026-08-01 23:55:38
E0057,M12,12.9,2,50.0,80.0,138.39,0,合格,extended,WS-001,一号装配工位,WS-001,张伟,总装一车间,M12-03,2026-08-01 23:58:43
E1099,M20,8.8,0,-10.0,320.0,107.12,2,过拧,extended,WS-003,三号装配工位,WS-003,王芳,总装二车间,M20-05,2026-08-01 23:58:51
E0639,M20,12.9,2,50.0,320.0,161.74,1,欠拧,extended,WS-003,三号装配工位,WS-003,王芳,总装二车间,M20-04,2026-08-02 00:00:36
B0363,M20,8.8,0,20.0,320.0,172.78,0,合格,benchmark,WS-003,三号装配工位,WS-003,王芳,总装二车间,M20-01,2026-08-02 00:05:09
E1041,M12,12.9,2,50.0,80.0,145.95,2,过拧,extended,WS-001,一号装配工位,WS-001,张伟,总装一车间,M12-03,2026-08-02 00:05:57
E1547,M20,10.9,1,20.0,320.0,196.05,4,虚拧,extended,WS-003,三号装配工位,WS-003,王芳,总装二车间,M20-03,2026-08-02 00:10:18
B0976,M24,8.8,0,20.0,520.0,180.64,3,滑牙,benchmark,WS-004,四号装配工位,WS-004,刘洋,总装二车间,M24-04,2026-08-02 00:14:33
E1714,M16,8.8,0,-10.0,180.0,186.72,4,虚拧,extended,WS-002,二号装配工位,WS-002,李强,总装一车间,M16-03,2026-08-02 00:16:00
E1115,M20,10.9,1,20.0,320.0,147.68,2,过拧,extended,WS-003,三号装配工位,WS-003,王芳,总装二车间,M20-03,2026-08-02 00:19:19
B0078,M16,8.8,0,20.0,180.0,111.48,0,合格,benchmark,WS-002,二号装配工位,WS-002,李强,总装一车间,M16-02,2026-08-02 00:20:14
B0032,M24,8.8,0,20.0,520.0,187.62,0,合格,benchmark,WS-004,四号装配工位,WS-004,刘洋,总装二车间,M24-02,2026-08-02 00:21:40
E1768,M24,8.8,0,-10.0,520.0,168.87,4,虚拧,extended,WS-004,四号装配工位,WS-004,刘洋,总装二车间,M24-04,2026-08-02 00:24:49
B0567,M20,8.8,0,20.0,320.0,179.86,0,合格,benchmark,WS-003,三号装配工位,WS-003,王芳,总装二车间,M20-04,2026-08-02 00:25:15
E0312,M24,12.9,2,50.0,520.0,154.83,0,合格,extended,WS-004,四号装配工位,WS-004,刘洋,总装二车间,M24-06,2026-08-02 00:26:03
E1736,M24,10.9,1,20.0,520.0,121.14,4,虚拧,extended,WS-004,四号装配工位,WS-004,刘洋,总装二车间,M24-02,2026-08-02 00:27:44
E0303,M20,12.9,2,50.0,320.0,161.89,0,合格,extended,WS-003,三号装配工位,WS-003,王芳,总装二车间,M20-04,2026-08-02 00:29:21
B0412,M24,8.8,0,20.0,520.0,120.08,0,合格,benchmark,WS-004,四号装配工位,WS-004,刘洋,总装二车间,M24-01,2026-08-02 00:32:06
B0326,M16,8.8,0,20.0,180.0,160.0,0,合格,benchmark,WS-002,二号装配工位,WS-002,李强,总装一车间,M16-04,2026-08-02 00:34:31
E0279,M20,12.9,2,50.0,320.0,112.96,0,合格,extended,WS-003,三号装配工位,WS-003,王芳,总装二车间,M20-04,2026-08-02 00:35:58
E0345,M12,12.9,2,50.0,80.0,146.06,0,合格,extended,WS-001,一号装配工位,WS-001,张伟,总装一车间,M12-03,2026-08-02 00:36:41
E0456,M24,12.9,2,50.0,520.0,178.65,0,合格,extended,WS-004,四号装配工位,WS-004,刘洋,总装二车间,M24-06,2026-08-02 00:39:07
B0626,M16,8.8,0,20.0,180.0,177.25,0,合格,benchmark,WS-002,二号装配工位,WS-002,李强,总装一车间,M16-01,2026-08-02 00:44:42
B0486,M16,8.8,0,20.0,180.0,137.95,0,合格,benchmark,WS-002,二号装配工位,WS-002,李强,总装一车间,M16-02,2026-08-02 00:45:00
B1112,M24,8.8,0,20.0,520.0,151.7,4,虚拧,benchmark,WS-004,四号装配工位,WS-004,刘洋,总装二车间,M24-02,2026-08-02 00:45:55
E0677,M12,10.9,1,20.0,80.0,163.78,1,欠拧,extended,WS-001,一号装配工位,WS-001,张伟,总装一车间,M12-02,2026-08-02 00:46:10
E0975,M20,12.9,2,50.0,320.0,183.33,2,过拧,extended,WS-003,三号装配工位,WS-003,王芳,总装二车间,M20-04,2026-08-02 00:47:18
E0091,M20,8.8,0,-10.0,320.0,189.4,0,合格,extended,WS-003,三号装配工位,WS-003,王芳,总装二车间,M20-05,2026-08-02 00:49:22
B0148,M24,8.8,0,20.0,520.0,184.8,0,合格,benchmark,WS-004,四号装配工位,WS-004,刘洋,总装二车间,M24-01,2026-08-02 00:50:37
E0617,M12,10.9,1,20.0,80.0,148.2,1,欠拧,extended,WS-001,一号装配工位,WS-001,张伟,总装一车间,M12-05,2026-08-02 00:51:00
E1009,M12,8.8,0,-10.0,80.0,173.25,2,过拧,extended,WS-001,一号装配工位,WS-001,张伟,总装一车间,M12-01,2026-08-02 00:53:08
E0088,M24,8.8,0,-10.0,520.0,188.51,0,合格,extended,WS-004,四号装配工位,WS-004,刘洋,总装二车间,M24-04,2026-08-02 00:53:11
E0186,M16,12.9,2,50.0,180.0,108.9,0,合格,extended,WS-002,二号装配工位,WS-002,李强,总装一车间,M16-05,2026-08-02 00:55:37
E1093,M12,8.8,0,-10.0,80.0,161.63,2,过拧,extended,WS-001,一号装配工位,WS-001,张伟,总装一车间,M12-04,2026-08-02 00:56:09
B0637,M12,8.8,0,20.0,80.0,184.14,0,合格,benchmark,WS-001,一号装配工位,WS-001,张伟,总装一车间,M12-04,2026-08-02 00:57:07
B0719,M20,8.8,0,20.0,320.0,149.67,1,欠拧,benchmark,WS-003,三号装配工位,WS-003,王芳,总装二车间,M20-06,2026-08-02 00:58:15
E0409,M12,8.8,0,-10.0,80.0,130.36,0,合格,extended,WS-001,一号装配工位,WS-001,张伟,总装一车间,M12-01,2026-08-02 01:00:43
E1682,M16,10.9,1,20.0,180.0,108.0,4,虚拧,extended,WS-002,二号装配工位,WS-002,李强,总装一车间,M16-01,2026-08-02 01:01:04
B0327,M20,8.8,0,20.0,320.0,145.56,0,合格,benchmark,WS-003,三号装配工位,WS-003,王芳,总装二车间,M20-04,2026-08-02 01:01:29
B0510,M16,8.8,0,20.0,180.0,131.86,0,合格,benchmark,WS-002,二号装配工位,WS-002,李强,总装一车间,M16-02,2026-08-02 01:02:22
B0566,M16,8.8,0,20.0,180.0,161.2,0,合格,benchmark,WS-002,二号装配工位,WS-002,李强,总装一车间,M16-04,2026-08-02 01:02:44
E0108,M24,12.9,2,50.0,520.0,178.76,0,合格,extended,WS-004,四号装配工位,WS-004,刘洋,总装二车间,M24-03,2026-08-02 01:06:41
E0065,M12,10.9,1,20.0,80.0,118.15,0,合格,extended,WS-001,一号装配工位,WS-001,张伟,总装一车间,M12-05,2026-08-02 01:09:48
B0854,M16,8.8,0,20.0,180.0,161.33,2,过拧,benchmark,WS-002,二号装配工位,WS-002,李强,总装一车间,M16-04,2026-08-02 01:10:32
B0189,M12,8.8,0,20.0,80.0,127.53,0,合格,benchmark,WS-001,一号装配工位,WS-001,张伟,总装一车间,M12-06,2026-08-02 01:11:28
B1047,M20,8.8,0,20.0,320.0,121.58,3,滑牙,benchmark,WS-003,三号装配工位,WS-003,王芳,总装二车间,M20-04,2026-08-02 01:14:18
E1441,M12,8.8,0,-10.0,80.0,182.99,3,滑牙,extended,WS-001,一号装配工位,WS-001,张伟,总装一车间,M12-01,2026-08-02 01:14:34
B0097,M12,8.8,0,20.0,80.0,165.01,0,合格,benchmark,WS-001,一号装配工位,WS-001,张伟,总装一车间,M12-01,2026-08-02 01:14:53
B0593,M12,8.8,0,20.0,80.0,113.09,0,合格,benchmark,WS-001,一号装配工位,WS-001,张伟,总装一车间,M12-05,2026-08-02 01:16:16
E0982,M16,8.8,0,-10.0,180.0,127.45,2,过拧,extended,WS-002,二号装配工位,WS-002,李强,总装一车间,M16-06,2026-08-02 01:17:46
E1767,M20,12.9,2,50.0,320.0,135.83,4,虚拧,extended,WS-003,三号装配工位,WS-003,王芳,总装二车间,M20-04,2026-08-02 01:19:09
E1467,M20,12.9,2,50.0,320.0,131.26,3,滑牙,extended,WS-003,三号装配工位,WS-003,王芳,总装二车间,M20-01,2026-08-02 01:19:52
B0832,M24,8.8,0,20.0,520.0,193.04,2,过拧,benchmark,WS-004,四号装配工位,WS-004,刘洋,总装二车间,M24-04,2026-08-02 01:20:22
B0384,M24,8.8,0,20.0,520.0,171.5,0,合格,benchmark,WS-004,四号装配工位,WS-004,刘洋,总装二车间,M24-06,2026-08-02 01:20:59
E0202,M16,8.8,0,-10.0,180.0,125.97,0,合格,extended,WS-002,二号装配工位,WS-002,李强,总装一车间,M16-03,2026-08-02 01:22:43
E0342,M16,12.9,2,50.0,180.0,154.69,0,合格,extended,WS-002,二号装配工位,WS-002,李强,总装一车间,M16-02,2026-08-02 01:23:52
E0051,M20,12.9,2,50.0,320.0,125.83,0,合格,extended,WS-003,三号装配工位,WS-003,王芳,总装二车间,M20-01,2026-08-02 01:25:03
E0306,M16,12.9,2,50.0,180.0,160.38,0,合格,extended,WS-002,二号装配工位,WS-002,李强,总装一车间,M16-05,2026-08-02 01:27:31
E0586,M16,8.8,0,-10.0,180.0,156.4,0,合格,extended,WS-002,二号装配工位,WS-002,李强,总装一车间,M16-03,2026-08-02 01:32:20
E1053,M12,12.9,2,50.0,80.0,137.47,2,过拧,extended,WS-001,一号装配工位,WS-001,张伟,总装一车间,M12-06,2026-08-02 01:32:35
B1124,M24,8.8,0,20.0,520.0,128.99,4,虚拧,benchmark,WS-004,四号装配工位,WS-004,刘洋,总装二车间,M24-05,2026-08-02 01:32:38
E0509,M12,10.9,1,20.0,80.0,185.72,0,合格,extended,WS-001,一号装配工位,WS-001,张伟,总装一车间,M12-02,2026-08-02 01:33:03
B0315,M20,8.8,0,20.0,320.0,170.43,0,合格,benchmark,WS-003,三号装配工位,WS-003,王芳,总装二车间,M20-01,2026-08-02 01:33:31
B1107,M20,8.8,0,20.0,320.0,137.24,4,虚拧,benchmark,WS-003,三号装配工位,WS-003,王芳,总装二车间,M20-01,2026-08-02 01:34:26
E0962,M16,10.9,1,20.0,180.0,121.91,2,过拧,extended,WS-002,二号装配工位,WS-002,李强,总装一车间,M16-01,2026-08-02 01:34:57
E1287,M20,12.9,2,50.0,320.0,156.11,3,滑牙,extended,WS-003,三号装配工位,WS-003,王芳,总装二车间,M20-04,2026-08-02 01:35:22
E1487,M20,10.9,1,20.0,320.0,127.26,3,滑牙,extended,WS-003,三号装配工位,WS-003,王芳,总装二车间,M20-06,2026-08-02 01:36:02
E0611,M20,10.9,1,20.0,320.0,132.07,1,欠拧,extended,WS-003,三号装配工位,WS-003,王芳,总装二车间,M20-03,2026-08-02 01:37:18
E0706,M16,8.8,0,-10.0,180.0,125.03,1,欠拧,extended,WS-002,二号装配工位,WS-002,李强,总装一车间,M16-03,2026-08-02 01:37:31
B0857,M12,8.8,0,20.0,80.0,140.04,2,过拧,benchmark,WS-001,一号装配工位,WS-001,张伟,总装一车间,M12-05,2026-08-02 01:37:53
E1551,M20,12.9,2,50.0,320.0,191.36,4,虚拧,extended,WS-003,三号装配工位,WS-003,王芳,总装二车间,M20-04,2026-08-02 01:39:07
E0692,M24,10.9,1,20.0,520.0,177.65,1,欠拧,extended,WS-004,四号装配工位,WS-004,刘洋,总装二车间,M24-05,2026-08-02 01:39:31
B0119,M20,8.8,0,20.0,320.0,159.93,0,合格,benchmark,WS-003,三号装配工位,WS-003,王芳,总装二车间,M20-06,2026-08-02 01:40:28
B0831,M20,8.8,0,20.0,320.0,174.29,2,过拧,benchmark,WS-003,三号装配工位,WS-003,王芳,总装二车间,M20-04,2026-08-02 01:42:21
B1013,M12,8.8,0,20.0,80.0,166.73,3,滑牙,benchmark,WS-001,一号装配工位,WS-001,张伟,总装一车间,M12-02,2026-08-02 01:42:22
E0254,M16,10.9,1,20.0,180.0,120.4,0,合格,extended,WS-002,二号装配工位,WS-002,李强,总装一车间,M16-04,2026-08-02 01:43:00
B0989,M12,8.8,0,20.0,80.0,177.07,3,滑牙,benchmark,WS-001,一号装配工位,WS-001,张伟,总装一车间,M12-02,2026-08-02 01:43:56
E0900,M24,12.9,2,50.0,520.0,144.91,1,欠拧,extended,WS-004,四号装配工位,WS-004,刘洋,总装二车间,M24-03,2026-08-02 01:45:39
E0315,M20,12.9,2,50.0,320.0,174.09,0,合格,extended,WS-003,三号装配工位,WS-003,王芳,总装二车间,M20-01,2026-08-02 01:46:28
B0508,M24,8.8,0,20.0,520.0,148.13,0,合格,benchmark,WS-004,四号装配工位,WS-004,刘洋,总装二车间,M24-01,2026-08-02 01:50:40
B0925,M12,8.8,0,20.0,80.0,163.76,2,过拧,benchmark,WS-001,一号装配工位,WS-001,张伟,总装一车间,M12-04,2026-08-02 01:52:36
E0704,M24,10.9,1,20.0,520.0,175.31,1,欠拧,extended,WS-004,四号装配工位,WS-004,刘洋,总装二车间,M24-02,2026-08-02 01:53:06
E0363,M20,12.9,2,50.0,320.0,168.29,0,合格,extended,WS-003,三号装配工位,WS-003,王芳,总装二车间,M20-01,2026-08-02 01:53:24
B0568,M24,8.8,0,20.0,520.0,163.3,0,合格,benchmark,WS-004,四号装配工位,WS-004,刘洋,总装二车间,M24-04,2026-08-02 01:57:21
E1037,M12,10.9,1,20.0,80.0,166.61,2,过拧,extended,WS-001,一号装配工位,WS-001,张伟,总装一车间,M12-02,2026-08-02 01:57:34
B0617,M12,8.8,0,20.0,80.0,133.3,0,合格,benchmark,WS-001,一号装配工位,WS-001,张伟,总装一车间,M12-05,2026-08-02 01:59:07
B0483,M20,8.8,0,20.0,320.0,160.32,0,合格,benchmark,WS-003,三号装配工位,WS-003,王芳,总装二车间,M20-01,2026-08-02 02:02:13
E0213,M12,12.9,2,50.0,80.0,161.25,0,合格,extended,WS-001,一号装配工位,WS-001,张伟,总装一车间,M12-06,2026-08-02 02:02:35
E1199,M20,10.9,1,20.0,320.0,132.87,2,过拧,extended,WS-003,三号装配工位,WS-003,王芳,总装二车间,M20-06,2026-08-02 02:08:16
E0618,M16,12.9,2,50.0,180.0,157.73,1,欠拧,extended,WS-002,二号装配工位,WS-002,李强,总装一车间,M16-05,2026-08-02 02:10:31
E0742,M16,8.8,0,-10.0,180.0,173.61,1,欠拧,extended,WS-002,二号装配工位,WS-002,李强,总装一车间,M16-06,2026-08-02 02:13:45
E0652,M24,8.8,0,-10.0,520.0,176.61,1,欠拧,extended,WS-004,四号装配工位,WS-004,刘洋,总装二车间,M24-01,2026-08-02 02:14:03
B0696,M24,8.8,0,20.0,520.0,175.23,0,合格,benchmark,WS-004,四号装配工位,WS-004,刘洋,总装二车间,M24-06,2026-08-02 02:14:36
E0460,M24,8.8,0,-10.0,520.0,151.6,0,合格,extended,WS-004,四号装配工位,WS-004,刘洋,总装二车间,M24-01,2026-08-02 02:15:49
E0362,M16,10.9,1,20.0,180.0,184.56,0,合格,extended,WS-002,二号装配工位,WS-002,李强,总装一车间,M16-01,2026-08-02 02:18:25
B0919,M20,8.8,0,20.0,320.0,160.61,2,过拧,benchmark,WS-003,三号装配工位,WS-003,王芳,总装二车间,M20-02,2026-08-02 02:19:21
E0107,M20,10.9,1,20.0,320.0,144.38,0,合格,extended,WS-003,三号装配工位,WS-003,王芳,总装二车间,M20-03,2026-08-02 02:20:05
E0926,M16,10.9,1,20.0,180.0,123.79,2,过拧,extended,WS-002,二号装配工位,WS-002,李强,总装一车间,M16-04,2026-08-02 02:22:03
E0225,M12,12.9,2,50.0,80.0,160.01,0,合格,extended,WS-001,一号装配工位,WS-001,张伟,总装一车间,M12-03,2026-08-02 02:24:27
B0346,M16,8.8,0,20.0,180.0,114.28,0,合格,benchmark,WS-002,二号装配工位,WS-002,李强,总装一车间,M16-03,2026-08-02 02:25:46
E1408,M24,8.8,0,-10.0,520.0,137.11,3,滑牙,extended,WS-004,四号装配工位,WS-004,刘洋,总装二车间,M24-04,2026-08-02 02:32:03
E1146,M16,12.9,2,50.0,180.0,135.27,2,过拧,extended,WS-002,二号装配工位,WS-002,李强,总装一车间,M16-05,2026-08-02 02:32:11
B0933,M12,8.8,0,20.0,80.0,168.03,2,过拧,benchmark,WS-001,一号装配工位,WS-001,张伟,总装一车间,M12-06,2026-08-02 02:32:22
E0988,M24,8.8,0,-10.0,520.0,121.7,2,过拧,extended,WS-004,四号装配工位,WS-004,刘洋,总装二车间,M24-01,2026-08-02 02:33:43
E0879,M20,12.9,2,50.0,320.0,173.47,1,欠拧,extended,WS-003,三号装配工位,WS-003,王芳,总装二车间,M20-04,2026-08-02 02:36:53
E1221,M12,12.9,2,50.0,80.0,152.7,3,滑牙,extended,WS-001,一号装配工位,WS-001,张伟,总装一车间,M12-06,2026-08-02 02:37:01
B1179,M20,8.8,0,20.0,320.0,165.21,4,虚拧,benchmark,WS-003,三号装配工位,WS-003,王芳,总装二车间,M20-01,2026-08-02 02:39:36
E0604,M24,8.8,0,-10.0,520.0,172.39,1,欠拧,extended,WS-004,四号装配工位,WS-004,刘洋,总装二车间,M24-01,2026-08-02 02:40:46
E1218,M16,12.9,2,50.0,180.0,160.96,3,滑牙,extended,WS-002,二号装配工位,WS-002,李强,总装一车间,M16-05,2026-08-02 02:43:59
E0302,M16,10.9,1,20.0,180.0,135.03,0,合格,extended,WS-002,二号装配工位,WS-002,李强,总装一车间,M16-04,2026-08-02 02:44:42
E1695,M20,12.9,2,50.0,320.0,146.69,4,虚拧,extended,WS-003,三号装配工位,WS-003,王芳,总装二车间,M20-04,2026-08-02 02:46:44
B0211,M20,8.8,0,20.0,320.0,137.38,0,合格,benchmark,WS-003,三号装配工位,WS-003,王芳,总装二车间,M20-05,2026-08-02 02:48:07
B0380,M24,8.8,0,20.0,520.0,127.81,0,合格,benchmark,WS-004,四号装配工位,WS-004,刘洋,总装二车间,M24-05,2026-08-02 02:53:49
E0097,M12,8.8,0,-10.0,80.0,113.07,0,合格,extended,WS-001,一号装配工位,WS-001,张伟,总装一车间,M12-01,2026-08-02 02:56:03
B0209,M12,8.8,0,20.0,80.0,123.37,0,合格,benchmark,WS-001,一号装配工位,WS-001,张伟,总装一车间,M12-05,2026-08-02 02:58:25
E0259,M20,8.8,0,-10.0,320.0,112.57,0,合格,extended,WS-003,三号装配工位,WS-003,王芳,总装二车间,M20-05,2026-08-02 02:59:48
E0682,M16,8.8,0,-10.0,180.0,143.64,1,欠拧,extended,WS-002,二号装配工位,WS-002,李强,总装一车间,M16-03,2026-08-02 03:02:48
E1292,M24,10.9,1,20.0,520.0,178.29,3,滑牙,extended,WS-004,四号装配工位,WS-004,刘洋,总装二车间,M24-05,2026-08-02 03:03:58
E0421,M12,8.8,0,-10.0,80.0,112.59,0,合格,extended,WS-001,一号装配工位,WS-001,张伟,总装一车间,M12-04,2026-08-02 03:04:44
E0501,M12,12.9,2,50.0,80.0,182.47,0,合格,extended,WS-001,一号装配工位,WS-001,张伟,总装一车间,M12-06,2026-08-02 03:06:27
B0206,M16,8.8,0,20.0,180.0,188.91,0,合格,benchmark,WS-002,二号装配工位,WS-002,李强,总装一车间,M16-04,2026-08-02 03:08:33
E0061,M12,8.8,0,-10.0,80.0,135.64,0,合格,extended,WS-001,一号装配工位,WS-001,张伟,总装一车间,M12-04,2026-08-02 03:09:32
B0618,M16,8.8,0,20.0,180.0,114.05,0,合格,benchmark,WS-002,二号装配工位,WS-002,李强,总装一车间,M16-05,2026-08-02 03:11:07
B0292,M24,8.8,0,20.0,520.0,119.22,0,合格,benchmark,WS-004,四号装配工位,WS-004,刘洋,总装二车间,M24-01,2026-08-02 03:13:20
E0229,M12,8.8,0,-10.0,80.0,161.71,0,合格,extended,WS-001,一号装配工位,WS-001,张伟,总装一车间,M12-04,2026-08-02 03:13:28
E1101,M12,12.9,2,50.0,80.0,135.14,2,过拧,extended,WS-001,一号装配工位,WS-001,张伟,总装一车间,M12-06,2026-08-02 03:15:12
E0473,M12,10.9,1,20.0,80.0,128.0,0,合格,extended,WS-001,一号装配工位,WS-001,张伟,总装一车间,M12-05,2026-08-02 03:16:21
E1133,M12,10.9,1,20.0,80.0,167.39,2,过拧,extended,WS-001,一号装配工位,WS-001,张伟,总装一车间,M12-02,2026-08-02 03:19:32
B0509,M12,8.8,0,20.0,80.0,133.25,0,合格,benchmark,WS-001,一号装配工位,WS-001,张伟,总装一车间,M12-02,2026-08-02 03:20:44
B1011,M20,8.8,0,20.0,320.0,165.57,3,滑牙,benchmark,WS-003,三号装配工位,WS-003,王芳,总装二车间,M20-01,2026-08-02 03:21:03
B1123,M20,8.8,0,20.0,320.0,149.16,4,虚拧,benchmark,WS-003,三号装配工位,WS-003,王芳,总装二车间,M20-05,2026-08-02 03:21:31
E1458,M16,12.9,2,50.0,180.0,156.31,3,滑牙,extended,WS-002,二号装配工位,WS-002,李强,总装一车间,M16-05,2026-08-02 03:27:52
B0744,M24,8.8,0,20.0,520.0,128.71,1,欠拧,benchmark,WS-004,四号装配工位,WS-004,刘洋,总装二车间,M24-06,2026-08-02 03:28:42
E1038,M16,12.9,2,50.0,180.0,127.92,2,过拧,extended,WS-002,二号装配工位,WS-002,李强,总装一车间,M16-02,2026-08-02 03:29:07
E1230,M16,12.9,2,50.0,180.0,186.53,3,滑牙,extended,WS-002,二号装配工位,WS-002,李强,总装一车间,M16-02,2026-08-02 03:29:24
B0890,M16,8.8,0,20.0,180.0,176.87,2,过拧,benchmark,WS-002,二号装配工位,WS-002,李强,总装一车间,M16-01,2026-08-02 03:29:40
E1377,M12,12.9,2,50.0,80.0,142.29,3,滑牙,extended,WS-001,一号装配工位,WS-001,张伟,总装一车间,M12-03,2026-08-02 03:30:24
B0779,M20,8.8,0,20.0,320.0,128.38,1,欠拧,benchmark,WS-003,三号装配工位,WS-003,王芳,总装二车间,M20-03,2026-08-02 03:30:34
B0216,M24,8.8,0,20.0,520.0,138.99,0,合格,benchmark,WS-004,四号装配工位,WS-004,刘洋,总装二车间,M24-06,2026-08-02 03:36:05
E0440,M24,10.9,1,20.0,520.0,154.39,0,合格,extended,WS-004,四号装配工位,WS-004,刘洋,总装二车间,M24-02,2026-08-02 03:40:10
B0505,M12,8.8,0,20.0,80.0,152.52,0,合格,benchmark,WS-001,一号装配工位,WS-001,张伟,总装一车间,M12-01,2026-08-02 03:44:00
E0122,M16,10.9,1,20.0,180.0,126.2,0,合格,extended,WS-002,二号装配工位,WS-002,李强,总装一车间,M16-01,2026-08-02 03:47:14
E0291,M20,12.9,2,50.0,320.0,180.52,0,合格,extended,WS-003,三号装配工位,WS-003,王芳,总装二车间,M20-01,2026-08-02 03:47:18
E0906,M16,12.9,2,50.0,180.0,128.01,2,过拧,extended,WS-002,二号装配工位,WS-002,李强,总装一车间,M16-05,2026-08-02 03:48:39
B0281,M12,8.8,0,20.0,80.0,159.3,0,合格,benchmark,WS-001,一号装配工位,WS-001,张伟,总装一车间,M12-05,2026-08-02 03:51:39
B0143,M20,8.8,0,20.0,320.0,132.25,0,合格,benchmark,WS-003,三号装配工位,WS-003,王芳,总装二车间,M20-06,2026-08-02 03:54:41
B0039,M20,8.8,0,20.0,320.0,115.17,0,合格,benchmark,WS-003,三号装配工位,WS-003,王芳,总装二车间,M20-04,2026-08-02 03:55:36
E1755,M20,12.9,2,50.0,320.0,164.94,4,虚拧,extended,WS-003,三号装配工位,WS-003,王芳,总装二车间,M20-01,2026-08-02 03:56:15
B0111,M20,8.8,0,20.0,320.0,127.27,0,合格,benchmark,WS-003,三号装配工位,WS-003,王芳,总装二车间,M20-04,2026-08-02 03:57:09
E0845,M12,10.9,1,20.0,80.0,187.64,1,欠拧,extended,WS-001,一号装配工位,WS-001,张伟,总装一车间,M12-02,2026-08-02 03:59:53
B1192,M24,8.8,0,20.0,520.0,173.35,4,虚拧,benchmark,WS-004,四号装配工位,WS-004,刘洋,总装二车间,M24-04,2026-08-02 04:01:03
B0950,M16,8.8,0,20.0,180.0,165.24,2,过拧,benchmark,WS-002,二号装配工位,WS-002,李强,总装一车间,M16-04,2026-08-02 04:01:17
E0594,M16,12.9,2,50.0,180.0,152.35,0,合格,extended,WS-002,二号装配工位,WS-002,李强,总装一车间,M16-05,2026-08-02 04:01:26
B0413,M12,8.8,0,20.0,80.0,139.95,0,合格,benchmark,WS-001,一号装配工位,WS-001,张伟,总装一车间,M12-02,2026-08-02 04:06:33
E1649,M12,10.9,1,20.0,80.0,144.38,4,虚拧,extended,WS-001,一号装配工位,WS-001,张伟,总装一车间,M12-05,2026-08-02 04:09:16
B0399,M20,8.8,0,20.0,320.0,144.73,0,合格,benchmark,WS-003,三号装配工位,WS-003,王芳,总装二车间,M20-04,2026-08-02 04:11:47
E0909,M12,12.9,2,50.0,80.0,182.93,2,过拧,extended,WS-001,一号装配工位,WS-001,张伟,总装一车间,M12-06,2026-08-02 04:11:55
E1111,M20,8.8,0,-10.0,320.0,135.82,2,过拧,extended,WS-003,三号装配工位,WS-003,王芳,总装二车间,M20-02,2026-08-02 04:12:04
B1028,M24,8.8,0,20.0,520.0,183.08,3,滑牙,benchmark,WS-004,四号装配工位,WS-004,刘洋,总装二车间,M24-05,2026-08-02 04:12:14
E0799,M20,8.8,0,-10.0,320.0,187.68,1,欠拧,extended,WS-003,三号装配工位,WS-003,王芳,总装二车间,M20-02,2026-08-02 04:12:21
E0351,M20,12.9,2,50.0,320.0,182.25,0,合格,extended,WS-003,三号装配工位,WS-003,王芳,总装二车间,M20-04,2026-08-02 04:12:28
E0800,M24,10.9,1,20.0,520.0,126.08,1,欠拧,extended,WS-004,四号装配工位,WS-004,刘洋,总装二车间,M24-02,2026-08-02 04:13:28
E0911,M20,10.9,1,20.0,320.0,112.0,2,过拧,extended,WS-003,三号装配工位,WS-003,王芳,总装二车间,M20-06,2026-08-02 04:14:22
B0314,M16,8.8,0,20.0,180.0,145.58,0,合格,benchmark,WS-002,二号装配工位,WS-002,李强,总装一车间,M16-01,2026-08-02 04:14:55
B0152,M24,8.8,0,20.0,520.0,128.52,0,合格,benchmark,WS-004,四号装配工位,WS-004,刘洋,总装二车间,M24-02,2026-08-02 04:15:34
E0717,M12,12.9,2,50.0,80.0,143.13,1,欠拧,extended,WS-001,一号装配工位,WS-001,张伟,总装一车间,M12-06,2026-08-02 04:19:11
B0573,M12,8.8,0,20.0,80.0,143.26,0,合格,benchmark,WS-001,一号装配工位,WS-001,张伟,总装一车间,M12-06,2026-08-02 04:19:26
E1671,M20,12.9,2,50.0,320.0,133.58,4,虚拧,extended,WS-003,三号装配工位,WS-003,王芳,总装二车间,M20-04,2026-08-02 04:21:03
E1587,M20,12.9,2,50.0,320.0,154.52,4,虚拧,extended,WS-003,三号装配工位,WS-003,王芳,总装二车间,M20-01,2026-08-02 04:21:08
E1779,M20,12.9,2,50.0,320.0,182.76,4,虚拧,extended,WS-003,三号装配工位,WS-003,王芳,总装二车间,M20-01,2026-08-02 04:21:53
E0210,M16,12.9,2,50.0,180.0,121.87,0,合格,extended,WS-002,二号装配工位,WS-002,李强,总装一车间,M16-05,2026-08-02 04:23:37
E0910,M16,8.8,0,-10.0,180.0,166.97,2,过拧,extended,WS-002,二号装配工位,WS-002,李强,总装一车间,M16-06,2026-08-02 04:24:48
B0814,M16,8.8,0,20.0,180.0,153.89,1,欠拧,benchmark,WS-002,二号装配工位,WS-002,李强,总装一车间,M16-06,2026-08-02 04:26:29
E1506,M16,12.9,2,50.0,180.0,155.5,4,虚拧,extended,WS-002,二号装配工位,WS-002,李强,总装一车间,M16-05,2026-08-02 04:28:35
E0182,M16,10.9,1,20.0,180.0,119.51,0,合格,extended,WS-002,二号装配工位,WS-002,李强,总装一车间,M16-04,2026-08-02 04:29:12
B0299,M20,8.8,0,20.0,320.0,156.65,0,合格,benchmark,WS-003,三号装配工位,WS-003,王芳,总装二车间,M20-03,2026-08-02 04:29:17
B0534,M16,8.8,0,20.0,180.0,129.17,0,合格,benchmark,WS-002,二号装配工位,WS-002,李强,总装一车间,M16-02,2026-08-02 04:29:59
E0009,M12,12.9,2,50.0,80.0,113.6,0,合格,extended,WS-001,一号装配工位,WS-001,张伟,总装一车间,M12-03,2026-08-02 04:30:02
E1612,M24,8.8,0,-10.0,520.0,122.42,4,虚拧,extended,WS-004,四号装配工位,WS-004,刘洋,总装二车间,M24-01,2026-08-02 04:35:43
E0993,M12,12.9,2,50.0,80.0,136.43,2,过拧,extended,WS-001,一号装配工位,WS-001,张伟,总装一车间,M12-03,2026-08-02 04:37:17
B0450,M16,8.8,0,20.0,180.0,141.43,0,合格,benchmark,WS-002,二号装配工位,WS-002,李强,总装一车间,M16-05,2026-08-02 04:37:26
E1019,M20,10.9,1,20.0,320.0,119.41,2,过拧,extended,WS-003,三号装配工位,WS-003,王芳,总装二车间,M20-03,2026-08-02 04:37:34
E0793,M12,8.8,0,-10.0,80.0,130.94,1,欠拧,extended,WS-001,一号装配工位,WS-001,张伟,总装一车间,M12-01,2026-08-02 04:40:42
B0855,M20,8.8,0,20.0,320.0,172.32,2,过拧,benchmark,WS-003,三号装配工位,WS-003,王芳,总装二车间,M20-04,2026-08-02 04:43:17
B0481,M12,8.8,0,20.0,80.0,175.57,0,合格,benchmark,WS-001,一号装配工位,WS-001,张伟,总装一车间,M12-01,2026-08-02 04:43:51
B0660,M24,8.8,0,20.0,520.0,173.61,0,合格,benchmark,WS-004,四号装配工位,WS-004,刘洋,总装二车间,M24-03,2026-08-02 04:44:49
E0030,M16,12.9,2,50.0,180.0,129.16,0,合格,extended,WS-002,二号装配工位,WS-002,李强,总装一车间,M16-02,2026-08-02 04:45:08
B0096,M24,8.8,0,20.0,520.0,133.95,0,合格,benchmark,WS-004,四号装配工位,WS-004,刘洋,总装二车间,M24-06,2026-08-02 04:45:34
E1219,M20,8.8,0,-10.0,320.0,141.28,3,滑牙,extended,WS-003,三号装配工位,WS-003,王芳,总装二车间,M20-05,2026-08-02 04:45:51
E1607,M20,10.9,1,20.0,320.0,136.72,4,虚拧,extended,WS-003,三号装配工位,WS-003,王芳,总装二车间,M20-06,2026-08-02 04:47:32
B0841,M12,8.8,0,20.0,80.0,152.42,2,过拧,benchmark,WS-001,一号装配工位,WS-001,张伟,总装一车间,M12-01,2026-08-02 04:48:05
E1198,M16,8.8,0,-10.0,180.0,146.67,2,过拧,extended,WS-002,二号装配工位,WS-002,李强,总装一车间,M16-06,2026-08-02 04:48:50
E0986,M16,10.9,1,20.0,180.0,131.51,2,过拧,extended,WS-002,二号装配工位,WS-002,李强,总装一车间,M16-01,2026-08-02 04:49:51
E1029,M12,12.9,2,50.0,80.0,128.13,2,过拧,extended,WS-001,一号装配工位,WS-001,张伟,总装一车间,M12-06,2026-08-02 04:51:14
E0841,M12,8.8,0,-10.0,80.0,171.66,1,欠拧,extended,WS-001,一号装配工位,WS-001,张伟,总装一车间,M12-01,2026-08-02 04:51:20
E1341,M12,12.9,2,50.0,80.0,116.1,3,滑牙,extended,WS-001,一号装配工位,WS-001,张伟,总装一车间,M12-06,2026-08-02 04:51:51
B0495,M20,8.8,0,20.0,320.0,180.06,0,合格,benchmark,WS-003,三号装配工位,WS-003,王芳,总装二车间,M20-04,2026-08-02 04:52:10
E0283,M20,8.8,0,-10.0,320.0,112.54,0,合格,extended,WS-003,三号装配工位,WS-003,王芳,总装二车间,M20-05,2026-08-02 04:52:46
E0997,M12,8.8,0,-10.0,80.0,154.62,2,过拧,extended,WS-001,一号装配工位,WS-001,张伟,总装一车间,M12-04,2026-08-02 04:55:50
B0342,M16,8.8,0,20.0,180.0,167.51,0,合格,benchmark,WS-002,二号装配工位,WS-002,李强,总装一车间,M16-02,2026-08-02 04:56:45
E0361,M12,8.8,0,-10.0,80.0,139.22,0,合格,extended,WS-001,一号装配工位,WS-001,张伟,总装一车间,M12-01,2026-08-02 04:57:41
E1383,M20,12.9,2,50.0,320.0,139.89,3,滑牙,extended,WS-003,三号装配工位,WS-003,王芳,总装二车间,M20-04,2026-08-02 04:58:03
B1114,M16,8.8,0,20.0,180.0,152.4,4,虚拧,benchmark,WS-002,二号装配工位,WS-002,李强,总装一车间,M16-03,2026-08-02 05:01:41
B0154,M16,8.8,0,20.0,180.0,148.88,0,合格,benchmark,WS-002,二号装配工位,WS-002,李强,总装一车间,M16-03,2026-08-02 05:08:19
E0251,M20,10.9,1,20.0,320.0,165.76,0,合格,extended,WS-003,三号装配工位,WS-003,王芳,总装二车间,M20-03,2026-08-02 05:08:34
B0271,M20,8.8,0,20.0,320.0,144.12,0,合格,benchmark,WS-003,三号装配工位,WS-003,王芳,总装二车间,M20-02,2026-08-02 05:13:19
E0446,M16,10.9,1,20.0,180.0,170.16,0,合格,extended,WS-002,二号装配工位,WS-002,李强,总装一车间,M16-04,2026-08-02 05:13:20
E0620,M24,10.9,1,20.0,520.0,123.34,1,欠拧,extended,WS-004,四号装配工位,WS-004,刘洋,总装二车间,M24-05,2026-08-02 05:13:25
E1055,M20,10.9,1,20.0,320.0,184.41,2,过拧,extended,WS-003,三号装配工位,WS-003,王芳,总装二车间,M20-06,2026-08-02 05:14:44
B0796,M24,8.8,0,20.0,520.0,123.51,1,欠拧,benchmark,WS-004,四号装配工位,WS-004,刘洋,总装二车间,M24-01,2026-08-02 05:15:57
E0662,M16,10.9,1,20.0,180.0,184.47,1,欠拧,extended,WS-002,二号装配工位,WS-002,李强,总装一车间,M16-04,2026-08-02 05:18:51
E0707,M20,10.9,1,20.0,320.0,185.74,1,欠拧,extended,WS-003,三号装配工位,WS-003,王芳,总装二车间,M20-03,2026-08-02 05:19:20
E0138,M16,12.9,2,50.0,180.0,156.13,0,合格,extended,WS-002,二号装配工位,WS-002,李强,总装一车间,M16-05,2026-08-02 05:20:17
E0381,M12,12.9,2,50.0,80.0,179.12,0,合格,extended,WS-001,一号装配工位,WS-001,张伟,总装一车间,M12-06,2026-08-02 05:20:38
B0419,M20,8.8,0,20.0,320.0,180.72,0,合格,benchmark,WS-003,三号装配工位,WS-003,王芳,总装二车间,M20-03,2026-08-02 05:21:01
B0638,M16,8.8,0,20.0,180.0,121.01,0,合格,benchmark,WS-002,二号装配工位,WS-002,李强,总装一车间,M16-04,2026-08-02 05:22:30
E1073,M12,10.9,1,20.0,80.0,131.64,2,过拧,extended,WS-001,一号装配工位,WS-001,张伟,总装一车间,M12-05,2026-08-02 05:22:56
E0039,M20,12.9,2,50.0,320.0,139.84,0,合格,extended,WS-003,三号装配工位,WS-003,王芳,总装二车间,M20-04,2026-08-02 05:26:23
B0971,M20,8.8,0,20.0,320.0,135.81,3,滑牙,benchmark,WS-003,三号装配工位,WS-003,王芳,总装二车间,M20-03,2026-08-02 05:30:15
B0353,M12,8.8,0,20.0,80.0,178.03,0,合格,benchmark,WS-001,一号装配工位,WS-001,张伟,总装一车间,M12-05,2026-08-02 05:30:48
E0116,M24,10.9,1,20.0,520.0,183.69,0,合格,extended,WS-004,四号装配工位,WS-004,刘洋,总装二车间,M24-05,2026-08-02 05:31:26
E0200,M24,10.9,1,20.0,520.0,136.41,0,合格,extended,WS-004,四号装配工位,WS-004,刘洋,总装二车间,M24-02,2026-08-02 05:33:20
E0203,M20,10.9,1,20.0,320.0,117.29,0,合格,extended,WS-003,三号装配工位,WS-003,王芳,总装二车间,M20-03,2026-08-02 05:34:41
B0263,M20,8.8,0,20.0,320.0,184.39,0,合格,benchmark,WS-003,三号装配工位,WS-003,王芳,总装二车间,M20-06,2026-08-02 05:35:58
E1633,M12,8.8,0,-10.0,80.0,185.55,4,虚拧,extended,WS-001,一号装配工位,WS-001,张伟,总装一车间,M12-01,2026-08-02 05:36:52
B0442,M16,8.8,0,20.0,180.0,112.36,0,合格,benchmark,WS-002,二号装配工位,WS-002,李强,总装一车间,M16-03,2026-08-02 05:40:05
E1267,M20,8.8,0,-10.0,320.0,133.02,3,滑牙,extended,WS-003,三号装配工位,WS-003,王芳,总装二车间,M20-05,2026-08-02 05:41:01
B0928,M24,8.8,0,20.0,520.0,176.67,2,过拧,benchmark,WS-004,四号装配工位,WS-004,刘洋,总装二车间,M24-04,2026-08-02 05:41:48
E0401,M12,10.9,1,20.0,80.0,193.55,0,合格,extended,WS-001,一号装配工位,WS-001,张伟,总装一车间,M12-05,2026-08-02 05:42:28
B0190,M16,8.8,0,20.0,180.0,134.02,0,合格,benchmark,WS-002,二号装配工位,WS-002,李强,总装一车间,M16-06,2026-08-02 05:42:31
E0623,M20,10.9,1,20.0,320.0,137.28,1,欠拧,extended,WS-003,三号装配工位,WS-003,王芳,总装二车间,M20-06,2026-08-02 05:43:01
E1797,M12,12.9,2,50.0,80.0,141.48,4,虚拧,extended,WS-001,一号装配工位,WS-001,张伟,总装一车间,M12-06,2026-08-02 05:43:08
E1576,M24,8.8,0,-10.0,520.0,169.19,4,虚拧,extended,WS-004,四号装配工位,WS-004,刘洋,总装二车间,M24-04,2026-08-02 05:43:37
E0167,M20,10.9,1,20.0,320.0,181.0,0,合格,extended,WS-003,三号装配工位,WS-003,王芳,总装二车间,M20-06,2026-08-02 05:43:49
B0802,M16,8.8,0,20.0,180.0,116.6,1,欠拧,benchmark,WS-002,二号装配工位,WS-002,李强,总装一车间,M16-03,2026-08-02 05:44:19
E0276,M24,12.9,2,50.0,520.0,136.47,0,合格,extended,WS-004,四号装配工位,WS-004,刘洋,总装二车间,M24-03,2026-08-02 05:44:56
B0307,M20,8.8,0,20.0,320.0,150.04,0,合格,benchmark,WS-003,三号装配工位,WS-003,王芳,总装二车间,M20-05,2026-08-02 05:45:24
E0852,M24,12.9,2,50.0,520.0,122.48,1,欠拧,extended,WS-004,四号装配工位,WS-004,刘洋,总装二车间,M24-03,2026-08-02 05:46:42
E0821,M12,10.9,1,20.0,80.0,130.65,1,欠拧,extended,WS-001,一号装配工位,WS-001,张伟,总装一车间,M12-02,2026-08-02 05:48:31
E1508,M24,10.9,1,20.0,520.0,180.41,4,虚拧,extended,WS-004,四号装配工位,WS-004,刘洋,总装二车间,M24-05,2026-08-02 05:52:24
B0136,M24,8.8,0,20.0,520.0,133.54,0,合格,benchmark,WS-004,四号装配工位,WS-004,刘洋,总装二车间,M24-04,2026-08-02 05:53:03
E0638,M16,10.9,1,20.0,180.0,120.07,1,欠拧,extended,WS-002,二号装配工位,WS-002,李强,总装一车间,M16-04,2026-08-02 05:55:17
B0952,M24,8.8,0,20.0,520.0,192.05,3,滑牙,benchmark,WS-004,四号装配工位,WS-004,刘洋,总装二车间,M24-04,2026-08-02 05:56:19
B1155,M20,8.8,0,20.0,320.0,167.99,4,虚拧,benchmark,WS-003,三号装配工位,WS-003,王芳,总装二车间,M20-01,2026-08-02 05:57:30
E0889,M12,8.8,0,-10.0,80.0,190.08,1,欠拧,extended,WS-001,一号装配工位,WS-001,张伟,总装一车间,M12-01,2026-08-02 05:57:44
E0987,M20,12.9,2,50.0,320.0,134.91,2,过拧,extended,WS-003,三号装配工位,WS-003,王芳,总装二车间,M20-01,2026-08-02 05:59:14
E1395,M20,12.9,2,50.0,320.0,168.55,3,滑牙,extended,WS-003,三号装配工位,WS-003,王芳,总装二车间,M20-01,2026-08-02 06:00:33
B0226,M16,8.8,0,20.0,180.0,142.96,0,合格,benchmark,WS-002,二号装配工位,WS-002,李强,总装一车间,M16-03,2026-08-02 06:01:43
E0191,M20,10.9,1,20.0,320.0,144.34,0,合格,extended,WS-003,三号装配工位,WS-003,王芳,总装二车间,M20-06,2026-08-02 06:01:57
B1105,M12,8.8,0,20.0,80.0,170.52,4,虚拧,benchmark,WS-001,一号装配工位,WS-001,张伟,总装一车间,M12-01,2026-08-02 06:03:24
B1186,M16,8.8,0,20.0,180.0,118.99,4,虚拧,benchmark,WS-002,二号装配工位,WS-002,李强,总装一车间,M16-03,2026-08-02 06:08:33
E0927,M20,12.9,2,50.0,320.0,179.59,2,过拧,extended,WS-003,三号装配工位,WS-003,王芳,总装二车间,M20-04,2026-08-02 06:09:19
E0579,M20,12.9,2,50.0,320.0,147.13,0,合格,extended,WS-003,三号装配工位,WS-003,王芳,总装二车间,M20-01,2026-08-02 06:09:40
E1109,M12,10.9,1,20.0,80.0,129.49,2,过拧,extended,WS-001,一号装配工位,WS-001,张伟,总装一车间,M12-02,2026-08-02 06:09:58
B0239,M20,8.8,0,20.0,320.0,143.31,0,合格,benchmark,WS-003,三号装配工位,WS-003,王芳,总装二车间,M20-06,2026-08-02 06:13:26
E1155,M20,12.9,2,50.0,320.0,114.53,2,过拧,extended,WS-003,三号装配工位,WS-003,王芳,总装二车间,M20-01,2026-08-02 06:15:35
B0333,M12,8.8,0,20.0,80.0,157.8,0,合格,benchmark,WS-001,一号装配工位,WS-001,张伟,总装一车间,M12-06,2026-08-02 06:19:00
B0400,M24,8.8,0,20.0,520.0,182.41,0,合格,benchmark,WS-004,四号装配工位,WS-004,刘洋,总装二车间,M24-04,2026-08-02 06:20:35
B0526,M16,8.8,0,20.0,180.0,139.6,0,合格,benchmark,WS-002,二号装配工位,WS-002,李强,总装一车间,M16-06,2026-08-02 06:20:38
E1608,M24,12.9,2,50.0,520.0,153.9,4,虚拧,extended,WS-004,四号装配工位,WS-004,刘洋,总装二车间,M24-06,2026-08-02 06:22:01
E1581,M12,12.9,2,50.0,80.0,131.66,4,虚拧,extended,WS-001,一号装配工位,WS-001,张伟,总装一车间,M12-06,2026-08-02 06:23:20
B1060,M24,8.8,0,20.0,520.0,185.98,3,滑牙,benchmark,WS-004,四号装配工位,WS-004,刘洋,总装二车间,M24-01,2026-08-02 06:23:21
B0088,M24,8.8,0,20.0,520.0,117.69,0,合格,benchmark,WS-004,四号装配工位,WS-004,刘洋,总装二车间,M24-04,2026-08-02 06:29:25
E0262,M16,8.8,0,-10.0,180.0,163.58,0,合格,extended,WS-002,二号装配工位,WS-002,李强,总装一车间,M16-06,2026-08-02 06:30:18
E0621,M12,12.9,2,50.0,80.0,110.07,1,欠拧,extended,WS-001,一号装配工位,WS-001,张伟,总装一车间,M12-06,2026-08-02 06:30:48
B0749,M12,8.8,0,20.0,80.0,145.28,1,欠拧,benchmark,WS-001,一号装配工位,WS-001,张伟,总装一车间,M12-02,2026-08-02 06:32:14
B0447,M20,8.8,0,20.0,320.0,129.86,0,合格,benchmark,WS-003,三号装配工位,WS-003,王芳,总装二车间,M20-04,2026-08-02 06:35:20
B1034,M16,8.8,0,20.0,180.0,170.21,3,滑牙,benchmark,WS-002,二号装配工位,WS-002,李强,总装一车间,M16-01,2026-08-02 06:36:01
B0748,M24,8.8,0,20.0,520.0,169.35,1,欠拧,benchmark,WS-004,四号装配工位,WS-004,刘洋,总装二车间,M24-01,2026-08-02 06:38:22
B1014,M16,8.8,0,20.0,180.0,117.92,3,滑牙,benchmark,WS-002,二号装配工位,WS-002,李强,总装一车间,M16-02,2026-08-02 06:38:25
E1234,M16,8.8,0,-10.0,180.0,150.36,3,滑牙,extended,WS-002,二号装配工位,WS-002,李强,总装一车间,M16-03,2026-08-02 06:39:43
E1667,M20,10.9,1,20.0,320.0,175.55,4,虚拧,extended,WS-003,三号装配工位,WS-003,王芳,总装二车间,M20-03,2026-08-02 06:41:45
B0799,M20,8.8,0,20.0,320.0,183.8,1,欠拧,benchmark,WS-003,三号装配工位,WS-003,王芳,总装二车间,M20-02,2026-08-02 06:42:29
B0309,M12,8.8,0,20.0,80.0,159.38,0,合格,benchmark,WS-001,一号装配工位,WS-001,张伟,总装一车间,M12-06,2026-08-02 06:43:47
B0368,M24,8.8,0,20.0,520.0,112.5,0,合格,benchmark,WS-004,四号装配工位,WS-004,刘洋,总装二车间,M24-02,2026-08-02 06:44:48
E0967,M20,8.8,0,-10.0,320.0,155.11,2,过拧,extended,WS-003,三号装配工位,WS-003,王芳,总装二车间,M20-02,2026-08-02 06:45:18
B0988,M24,8.8,0,20.0,520.0,134.02,3,滑牙,benchmark,WS-004,四号装配工位,WS-004,刘洋,总装二车间,M24-01,2026-08-02 06:46:02
B1177,M12,8.8,0,20.0,80.0,161.05,4,虚拧,benchmark,WS-001,一号装配工位,WS-001,张伟,总装一车间,M12-01,2026-08-02 06:47:08
B0968,M24,8.8,0,20.0,520.0,131.44,3,滑牙,benchmark,WS-004,四号装配工位,WS-004,刘洋,总装二车间,M24-02,2026-08-02 06:49:37
B0338,M16,8.8,0,20.0,180.0,153.95,0,合格,benchmark,WS-002,二号装配工位,WS-002,李强,总装一车间,M16-01,2026-08-02 06:50:02
E0404,M24,10.9,1,20.0,520.0,174.21,0,合格,extended,WS-004,四号装配工位,WS-004,刘洋,总装二车间,M24-05,2026-08-02 06:50:06
E0386,M16,10.9,1,20.0,180.0,143.39,0,合格,extended,WS-002,二号装配工位,WS-002,李强,总装一车间,M16-01,2026-08-02 06:52:11
B0554,M16,8.8,0,20.0,180.0,176.71,0,合格,benchmark,WS-002,二号装配工位,WS-002,李强,总装一车间,M16-01,2026-08-02 06:53:43
E1072,M24,8.8,0,-10.0,520.0,147.48,2,过拧,extended,WS-004,四号装配工位,WS-004,刘洋,总装二车间,M24-04,2026-08-02 06:55:10
E0376,M24,8.8,0,-10.0,520.0,152.05,0,合格,extended,WS-004,四号装配工位,WS-004,刘洋,总装二车间,M24-04,2026-08-02 06:55:29
B0525,M12,8.8,0,20.0,80.0,177.26,0,合格,benchmark,WS-001,一号装配工位,WS-001,张伟,总装一车间,M12-06,2026-08-02 06:56:53
E0239,M20,10.9,1,20.0,320.0,111.84,0,合格,extended,WS-003,三号装配工位,WS-003,王芳,总装二车间,M20-06,2026-08-02 06:57:51
E0327,M20,12.9,2,50.0,320.0,156.38,0,合格,extended,WS-003,三号装配工位,WS-003,王芳,总装二车间,M20-04,2026-08-02 06:58:08
E0556,M24,8.8,0,-10.0,520.0,132.34,0,合格,extended,WS-004,四号装配工位,WS-004,刘洋,总装二车间,M24-01,2026-08-02 06:58:39
E0816,M24,12.9,2,50.0,520.0,171.74,1,欠拧,extended,WS-004,四号装配工位,WS-004,刘洋,总装二车间,M24-06,2026-08-02 06:58:45
E0235,M20,8.8,0,-10.0,320.0,150.02,0,合格,extended,WS-003,三号装配工位,WS-003,王芳,总装二车间,M20-05,2026-08-02 07:00:01
E1284,M24,12.9,2,50.0,520.0,121.91,3,滑牙,extended,WS-004,四号装配工位,WS-004,刘洋,总装二车间,M24-03,2026-08-02 07:04:06
B0403,M20,8.8,0,20.0,320.0,145.24,0,合格,benchmark,WS-003,三号装配工位,WS-003,王芳,总装二车间,M20-05,2026-08-02 07:04:12
E1071,M20,12.9,2,50.0,320.0,154.49,2,过拧,extended,WS-003,三号装配工位,WS-003,王芳,总装二车间,M20-04,2026-08-02 07:04:23
E0930,M16,12.9,2,50.0,180.0,140.69,2,过拧,extended,WS-002,二号装配工位,WS-002,李强,总装一车间,M16-05,2026-08-02 07:04:31
B0321,M12,8.8,0,20.0,80.0,147.5,0,合格,benchmark,WS-001,一号装配工位,WS-001,张伟,总装一车间,M12-03,2026-08-02 07:05:20
B0595,M20,8.8,0,20.0,320.0,143.92,0,合格,benchmark,WS-003,三号装配工位,WS-003,王芳,总装二车间,M20-05,2026-08-02 07:05:24
E1388,M24,10.9,1,20.0,520.0,132.26,3,滑牙,extended,WS-004,四号装配工位,WS-004,刘洋,总装二车间,M24-05,2026-08-02 07:05:29
E1728,M24,12.9,2,50.0,520.0,162.94,4,虚拧,extended,WS-004,四号装配工位,WS-004,刘洋,总装二车间,M24-06,2026-08-02 07:05:34
E1352,M24,10.9,1,20.0,520.0,191.87,3,滑牙,extended,WS-004,四号装配工位,WS-004,刘洋,总装二车间,M24-02,2026-08-02 07:07:05
B0167,M20,8.8,0,20.0,320.0,162.75,0,合格,benchmark,WS-003,三号装配工位,WS-003,王芳,总装二车间,M20-06,2026-08-02 07:07:39
E0750,M16,12.9,2,50.0,180.0,193.25,1,欠拧,extended,WS-002,二号装配工位,WS-002,李强,总装一车间,M16-02,2026-08-02 07:09:01
E1092,M24,12.9,2,50.0,520.0,169.33,2,过拧,extended,WS-004,四号装配工位,WS-004,刘洋,总装二车间,M24-03,2026-08-02 07:09:04
E0952,M24,8.8,0,-10.0,520.0,124.11,2,过拧,extended,WS-004,四号装配工位,WS-004,刘洋,总装二车间,M24-04,2026-08-02 07:11:58
E0304,M24,8.8,0,-10.0,520.0,147.22,0,合格,extended,WS-004,四号装配工位,WS-004,刘洋,总装二车间,M24-04,2026-08-02 07:13:09
E0204,M24,12.9,2,50.0,520.0,119.42,0,合格,extended,WS-004,四号装配工位,WS-004,刘洋,总装二车间,M24-03,2026-08-02 07:13:10
B0607,M20,8.8,0,20.0,320.0,161.44,0,合格,benchmark,WS-003,三号装配工位,WS-003,王芳,总装二车间,M20-02,2026-08-02 07:15:43
E1083,M20,12.9,2,50.0,320.0,122.07,2,过拧,extended,WS-003,三号装配工位,WS-003,王芳,总装二车间,M20-01,2026-08-02 07:18:35
E1326,M16,12.9,2,50.0,180.0,150.56,3,滑牙,extended,WS-002,二号装配工位,WS-002,李强,总装一车间,M16-02,2026-08-02 07:19:24
E0883,M20,8.8,0,-10.0,320.0,118.73,1,欠拧,extended,WS-003,三号装配工位,WS-003,王芳,总装二车间,M20-05,2026-08-02 07:23:28
E0049,M12,8.8,0,-10.0,80.0,195.18,0,合格,extended,WS-001,一号装配工位,WS-001,张伟,总装一车间,M12-01,2026-08-02 07:25:07
E0188,M24,10.9,1,20.0,520.0,141.95,0,合格,extended,WS-004,四号装配工位,WS-004,刘洋,总装二车间,M24-05,2026-08-02 07:25:28
E1721,M12,10.9,1,20.0,80.0,171.72,4,虚拧,extended,WS-001,一号装配工位,WS-001,张伟,总装一车间,M12-05,2026-08-02 07:26:31
B0066,M16,8.8,0,20.0,180.0,168.67,0,合格,benchmark,WS-002,二号装配工位,WS-002,李强,总装一车间,M16-05,2026-08-02 07:27:33
E1107,M20,12.9,2,50.0,320.0,170.17,2,过拧,extended,WS-003,三号装配工位,WS-003,王芳,总装二车间,M20-01,2026-08-02 07:27:51
E1337,M12,10.9,1,20.0,80.0,182.13,3,滑牙,extended,WS-001,一号装配工位,WS-001,张伟,总装一车间,M12-05,2026-08-02 07:28:27
E0892,M24,8.8,0,-10.0,520.0,188.89,1,欠拧,extended,WS-004,四号装配工位,WS-004,刘洋,总装二车间,M24-01,2026-08-02 07:30:40
E1147,M20,8.8,0,-10.0,320.0,139.71,2,过拧,extended,WS-003,三号装配工位,WS-003,王芳,总装二车间,M20-05,2026-08-02 07:33:53
B0632,M24,8.8,0,20.0,520.0,152.1,0,合格,benchmark,WS-004,四号装配工位,WS-004,刘洋,总装二车间,M24-02,2026-08-02 07:34:46
E0951,M20,12.9,2,50.0,320.0,118.45,2,过拧,extended,WS-003,三号装配工位,WS-003,王芳,总装二车间,M20-04,2026-08-02 07:37:29
B0646,M16,8.8,0,20.0,180.0,159.47,0,合格,benchmark,WS-002,二号装配工位,WS-002,李强,总装一车间,M16-06,2026-08-02 07:38:31
E0715,M20,8.8,0,-10.0,320.0,164.81,1,欠拧,extended,WS-003,三号装配工位,WS-003,王芳,总装二车间,M20-05,2026-08-02 07:38:42
B1095,M20,8.8,0,20.0,320.0,178.62,4,虚拧,benchmark,WS-003,三号装配工位,WS-003,王芳,总装二车间,M20-04,2026-08-02 07:39:31
E1376,M24,10.9,1,20.0,520.0,133.79,3,滑牙,extended,WS-004,四号装配工位,WS-004,刘洋,总装二车间,M24-02,2026-08-02 07:42:24
B0254,M16,8.8,0,20.0,180.0,193.49,0,合格,benchmark,WS-002,二号装配工位,WS-002,李强,总装一车间,M16-04,2026-08-02 07:45:00
B0077,M12,8.8,0,20.0,80.0,147.02,0,合格,benchmark,WS-001,一号装配工位,WS-001,张伟,总装一车间,M12-02,2026-08-02 07:46:26
E0869,M12,10.9,1,20.0,80.0,131.72,1,欠拧,extended,WS-001,一号装配工位,WS-001,张伟,总装一车间,M12-02,2026-08-02 07:47:29
E1450,M16,8.8,0,-10.0,180.0,127.77,3,滑牙,extended,WS-002,二号装配工位,WS-002,李强,总装一车间,M16-03,2026-08-02 07:48:41
E0314,M16,10.9,1,20.0,180.0,138.82,0,合格,extended,WS-002,二号装配工位,WS-002,李强,总装一车间,M16-01,2026-08-02 07:48:46
B1145,M12,8.8,0,20.0,80.0,176.49,4,虚拧,benchmark,WS-001,一号装配工位,WS-001,张伟,总装一车间,M12-05,2026-08-02 07:50:22
B0294,M16,8.8,0,20.0,180.0,165.74,0,合格,benchmark,WS-002,二号装配工位,WS-002,李强,总装一车间,M16-02,2026-08-02 07:52:22
E0577,M12,8.8,0,-10.0,80.0,113.9,0,合格,extended,WS-001,一号装配工位,WS-001,张伟,总装一车间,M12-01,2026-08-02 07:55:21
E0705,M12,12.9,2,50.0,80.0,156.59,1,欠拧,extended,WS-001,一号装配工位,WS-001,张伟,总装一车间,M12-03,2026-08-02 07:58:56
E0294,M16,12.9,2,50.0,180.0,137.81,0,合格,extended,WS-002,二号装配工位,WS-002,李强,总装一车间,M16-02,2026-08-02 07:58:58
E0311,M20,10.9,1,20.0,320.0,115.56,0,合格,extended,WS-003,三号装配工位,WS-003,王芳,总装二车间,M20-06,2026-08-02 08:00:04
B1069,M12,8.8,0,20.0,80.0,126.35,3,滑牙,benchmark,WS-001,一号装配工位,WS-001,张伟,总装一车间,M12-04,2026-08-02 08:01:16
B0738,M16,8.8,0,20.0,180.0,168.82,1,欠拧,benchmark,WS-002,二号装配工位,WS-002,李强,总装一车间,M16-05,2026-08-02 08:01:18
E0960,M24,12.9,2,50.0,520.0,147.37,2,过拧,extended,WS-004,四号装配工位,WS-004,刘洋,总装二车间,M24-06,2026-08-02 08:03:21
B1030,M16,8.8,0,20.0,180.0,184.39,3,滑牙,benchmark,WS-002,二号装配工位,WS-002,李强,总装一车间,M16-06,2026-08-02 08:03:26
B0487,M20,8.8,0,20.0,320.0,146.97,0,合格,benchmark,WS-003,三号装配工位,WS-003,王芳,总装二车间,M20-02,2026-08-02 08:03:56
B0169,M12,8.8,0,20.0,80.0,115.14,0,合格,benchmark,WS-001,一号装配工位,WS-001,张伟,总装一车间,M12-01,2026-08-02 08:04:08
E1437,M12,12.9,2,50.0,80.0,159.98,3,滑牙,extended,WS-001,一号装配工位,WS-001,张伟,总装一车间,M12-06,2026-08-02 08:09:40
B0371,M20,8.8,0,20.0,320.0,176.43,0,合格,benchmark,WS-003,三号装配工位,WS-003,王芳,总装二车间,M20-03,2026-08-02 08:09:43
E1004,M24,10.9,1,20.0,520.0,182.73,2,过拧,extended,WS-004,四号装配工位,WS-004,刘洋,总装二车间,M24-05,2026-08-02 08:12:04
E1167,M20,12.9,2,50.0,320.0,183.03,2,过拧,extended,WS-003,三号装配工位,WS-003,王芳,总装二车间,M20-04,2026-08-02 08:16:54
E0571,M20,8.8,0,-10.0,320.0,174.12,0,合格,extended,WS-003,三号装配工位,WS-003,王芳,总装二车间,M20-05,2026-08-02 08:20:19
E1123,M20,8.8,0,-10.0,320.0,134.98,2,过拧,extended,WS-003,三号装配工位,WS-003,王芳,总装二车间,M20-05,2026-08-02 08:20:32
B0627,M20,8.8,0,20.0,320.0,148.45,0,合格,benchmark,WS-003,三号装配工位,WS-003,王芳,总装二车间,M20-01,2026-08-02 08:21:11
B1142,M16,8.8,0,20.0,180.0,161.08,4,虚拧,benchmark,WS-002,二号装配工位,WS-002,李强,总装一车间,M16-04,2026-08-02 08:22:07
B1176,M24,8.8,0,20.0,520.0,120.32,4,虚拧,benchmark,WS-004,四号装配工位,WS-004,刘洋,总装二车间,M24-06,2026-08-02 08:23:51
B0199,M20,8.8,0,20.0,320.0,131.93,0,合格,benchmark,WS-003,三号装配工位,WS-003,王芳,总装二车间,M20-02,2026-08-02 08:24:14
E0700,M24,8.8,0,-10.0,520.0,120.77,1,欠拧,extended,WS-004,四号装配工位,WS-004,刘洋,总装二车间,M24-01,2026-08-02 08:25:52
E0582,M16,12.9,2,50.0,180.0,151.46,0,合格,extended,WS-002,二号装配工位,WS-002,李强,总装一车间,M16-02,2026-08-02 08:26:32
E1261,M12,8.8,0,-10.0,80.0,151.8,3,滑牙,extended,WS-001,一号装配工位,WS-001,张伟,总装一车间,M12-04,2026-08-02 08:29:01
B1160,M24,8.8,0,20.0,520.0,158.84,4,虚拧,benchmark,WS-004,四号装配工位,WS-004,刘洋,总装二车间,M24-02,2026-08-02 08:31:21
E0774,M16,12.9,2,50.0,180.0,179.74,1,欠拧,extended,WS-002,二号装配工位,WS-002,李强,总装一车间,M16-02,2026-08-02 08:34:47
E0130,M16,8.8,0,-10.0,180.0,151.72,0,合格,extended,WS-002,二号装配工位,WS-002,李强,总装一车间,M16-03,2026-08-02 08:37:07
E1127,M20,10.9,1,20.0,320.0,179.02,2,过拧,extended,WS-003,三号装配工位,WS-003,王芳,总装二车间,M20-06,2026-08-02 08:38:19
E1291,M20,8.8,0,-10.0,320.0,140.44,3,滑牙,extended,WS-003,三号装配工位,WS-003,王芳,总装二车间,M20-05,2026-08-02 08:38:33
E0874,M16,8.8,0,-10.0,180.0,112.63,1,欠拧,extended,WS-002,二号装配工位,WS-002,李强,总装一车间,M16-03,2026-08-02 08:39:00
E0778,M16,8.8,0,-10.0,180.0,178.72,1,欠拧,extended,WS-002,二号装配工位,WS-002,李强,总装一车间,M16-03,2026-08-02 08:39:11
B0197,M12,8.8,0,20.0,80.0,115.48,0,合格,benchmark,WS-001,一号装配工位,WS-001,张伟,总装一车间,M12-02,2026-08-02 08:39:59
E0511,M20,8.8,0,-10.0,320.0,148.32,0,合格,extended,WS-003,三号装配工位,WS-003,王芳,总装二车间,M20-02,2026-08-02 08:40:12
B0991,M20,8.8,0,20.0,320.0,118.32,3,滑牙,benchmark,WS-003,三号装配工位,WS-003,王芳,总装二车间,M20-02,2026-08-02 08:40:28
E0830,M16,10.9,1,20.0,180.0,177.31,1,欠拧,extended,WS-002,二号装配工位,WS-002,李强,总装一车间,M16-04,2026-08-02 08:40:31
E0172,M24,8.8,0,-10.0,520.0,143.02,0,合格,extended,WS-004,四号装配工位,WS-004,刘洋,总装二车间,M24-01,2026-08-02 08:43:01
E0447,M20,12.9,2,50.0,320.0,162.72,0,合格,extended,WS-003,三号装配工位,WS-003,王芳,总装二车间,M20-04,2026-08-02 08:43:55
E1285,M12,8.8,0,-10.0,80.0,167.85,3,滑牙,extended,WS-001,一号装配工位,WS-001,张伟,总装一车间,M12-04,2026-08-02 08:45:16
E0593,M12,10.9,1,20.0,80.0,152.43,0,合格,extended,WS-001,一号装配工位,WS-001,张伟,总装一车间,M12-05,2026-08-02 08:45:17
E0157,M12,8.8,0,-10.0,80.0,115.19,0,合格,extended,WS-001,一号装配工位,WS-001,张伟,总装一车间,M12-04,2026-08-02 08:46:22
E1540,M24,8.8,0,-10.0,520.0,118.39,4,虚拧,extended,WS-004,四号装配工位,WS-004,刘洋,总装二车间,M24-01,2026-08-02 08:46:41
E1390,M16,8.8,0,-10.0,180.0,133.7,3,滑牙,extended,WS-002,二号装配工位,WS-002,李强,总装一车间,M16-06,2026-08-02 08:53:33
E0392,M24,10.9,1,20.0,520.0,108.68,0,合格,extended,WS-004,四号装配工位,WS-004,刘洋,总装二车间,M24-02,2026-08-02 08:56:47
E0036,M24,12.9,2,50.0,520.0,170.58,0,合格,extended,WS-004,四号装配工位,WS-004,刘洋,总装二车间,M24-03,2026-08-02 08:56:50
E0183,M20,12.9,2,50.0,320.0,141.46,0,合格,extended,WS-003,三号装配工位,WS-003,王芳,总装二车间,M20-04,2026-08-02 08:57:46
B0268,M24,8.8,0,20.0,520.0,184.24,0,合格,benchmark,WS-004,四号装配工位,WS-004,刘洋,总装二车间,M24-01,2026-08-02 08:58:28
E0207,M20,12.9,2,50.0,320.0,173.82,0,合格,extended,WS-003,三号装配工位,WS-003,王芳,总装二车间,M20-04,2026-08-02 08:59:06
B0139,M20,8.8,0,20.0,320.0,113.71,0,合格,benchmark,WS-003,三号装配工位,WS-003,王芳,总装二车间,M20-05,2026-08-02 09:01:11
E1798,M16,8.8,0,-10.0,180.0,145.65,4,虚拧,extended,WS-002,二号装配工位,WS-002,李强,总装一车间,M16-06,2026-08-02 09:01:57
E1710,M16,12.9,2,50.0,180.0,177.05,4,虚拧,extended,WS-002,二号装配工位,WS-002,李强,总装一车间,M16-02,2026-08-02 09:02:55
E0112,M24,8.8,0,-10.0,520.0,128.63,0,合格,extended,WS-004,四号装配工位,WS-004,刘洋,总装二车间,M24-04,2026-08-02 09:03:29
E0557,M12,10.9,1,20.0,80.0,147.06,0,合格,extended,WS-001,一号装配工位,WS-001,张伟,总装一车间,M12-02,2026-08-02 09:03:45
E1225,M12,8.8,0,-10.0,80.0,125.39,3,滑牙,extended,WS-001,一号装配工位,WS-001,张伟,总装一车间,M12-01,2026-08-02 09:05:38
E1385,M12,10.9,1,20.0,80.0,110.01,3,滑牙,extended,WS-001,一号装配工位,WS-001,张伟,总装一车间,M12-05,2026-08-02 09:13:50
B0979,M20,8.8,0,20.0,320.0,145.8,3,滑牙,benchmark,WS-003,三号装配工位,WS-003,王芳,总装二车间,M20-05,2026-08-02 09:15:45
E0163,M20,8.8,0,-10.0,320.0,182.72,0,合格,extended,WS-003,三号装配工位,WS-003,王芳,总装二车间,M20-05,2026-08-02 09:15:45
E1082,M16,10.9,1,20.0,180.0,184.76,2,过拧,extended,WS-002,二号装配工位,WS-002,李强,总装一车间,M16-01,2026-08-02 09:26:25
B0044,M24,8.8,0,20.0,520.0,166.78,0,合格,benchmark,WS-004,四号装配工位,WS-004,刘洋,总装二车间,M24-05,2026-08-02 09:31:33
E0631,M20,8.8,0,-10.0,320.0,115.05,1,欠拧,extended,WS-003,三号装配工位,WS-003,王芳,总装二车间,M20-02,2026-08-02 09:32:55
E1685,M12,10.9,1,20.0,80.0,128.84,4,虚拧,extended,WS-001,一号装配工位,WS-001,张伟,总装一车间,M12-02,2026-08-02 09:35:04
E1290,M16,12.9,2,50.0,180.0,138.3,3,滑牙,extended,WS-002,二号装配工位,WS-002,李强,总装一车间,M16-05,2026-08-02 09:43:50
B0521,M12,8.8,0,20.0,80.0,131.68,0,合格,benchmark,WS-001,一号装配工位,WS-001,张伟,总装一车间,M12-05,2026-08-02 09:45:57
E0485,M12,10.9,1,20.0,80.0,180.69,0,合格,extended,WS-001,一号装配工位,WS-001,张伟,总装一车间,M12-02,2026-08-02 09:48:25
E1362,M16,12.9,2,50.0,180.0,170.66,3,滑牙,extended,WS-002,二号装配工位,WS-002,李强,总装一车间,M16-05,2026-08-02 09:49:27
E0499,M20,8.8,0,-10.0,320.0,168.41,0,合格,extended,WS-003,三号装配工位,WS-003,王芳,总装二车间,M20-05,2026-08-02 09:53:41
E0727,M20,8.8,0,-10.0,320.0,144.05,1,欠拧,extended,WS-003,三号装配工位,WS-003,王芳,总装二车间,M20-02,2026-08-02 09:53:58
E1559,M20,10.9,1,20.0,320.0,145.56,4,虚拧,extended,WS-003,三号装配工位,WS-003,王芳,总装二车间,M20-06,2026-08-02 09:54:24
B0998,M16,8.8,0,20.0,180.0,126.65,3,滑牙,benchmark,WS-002,二号装配工位,WS-002,李强,总装一车间,M16-04,2026-08-02 09:58:02
E1286,M16,10.9,1,20.0,180.0,147.09,3,滑牙,extended,WS-002,二号装配工位,WS-002,李强,总装一车间,M16-04,2026-08-02 09:58:28
B0765,M12,8.8,0,20.0,80.0,114.53,1,欠拧,benchmark,WS-001,一号装配工位,WS-001,张伟,总装一车间,M12-06,2026-08-02 09:58:34
E0853,M12,8.8,0,-10.0,80.0,127.03,1,欠拧,extended,WS-001,一号装配工位,WS-001,张伟,总装一车间,M12-04,2026-08-02 10:00:19
E0725,M12,10.9,1,20.0,80.0,163.31,1,欠拧,extended,WS-001,一号装配工位,WS-001,张伟,总装一车间,M12-02,2026-08-02 10:01:08
E0372,M24,12.9,2,50.0,520.0,112.17,0,合格,extended,WS-004,四号装配工位,WS-004,刘洋,总装二车间,M24-03,2026-08-02 10:01:50
E1650,M16,12.9,2,50.0,180.0,135.69,4,虚拧,extended,WS-002,二号装配工位,WS-002,李强,总装一车间,M16-05,2026-08-02 10:02:06
B0194,M16,8.8,0,20.0,180.0,133.25,0,合格,benchmark,WS-002,二号装配工位,WS-002,李强,总装一车间,M16-01,2026-08-02 10:03:01
E1627,M20,8.8,0,-10.0,320.0,148.77,4,虚拧,extended,WS-003,三号装配工位,WS-003,王芳,总装二车间,M20-05,2026-08-02 10:03:40
E1241,M12,10.9,1,20.0,80.0,176.53,3,滑牙,extended,WS-001,一号装配工位,WS-001,张伟,总装一车间,M12-05,2026-08-02 10:05:14
E0991,M20,8.8,0,-10.0,320.0,161.95,2,过拧,extended,WS-003,三号装配工位,WS-003,王芳,总装二车间,M20-02,2026-08-02 10:06:09
E0945,M12,12.9,2,50.0,80.0,131.09,2,过拧,extended,WS-001,一号装配工位,WS-001,张伟,总装一车间,M12-03,2026-08-02 10:06:16
E0573,M12,12.9,2,50.0,80.0,174.15,0,合格,extended,WS-001,一号装配工位,WS-001,张伟,总装一车间,M12-06,2026-08-02 10:06:48
B0301,M12,8.8,0,20.0,80.0,131.46,0,合格,benchmark,WS-001,一号装配工位,WS-001,张伟,总装一车间,M12-04,2026-08-02 10:11:05
B0053,M12,8.8,0,20.0,80.0,127.74,0,合格,benchmark,WS-001,一号装配工位,WS-001,张伟,总装一车间,M12-02,2026-08-02 10:12:04
B0746,M16,8.8,0,20.0,180.0,164.83,1,欠拧,benchmark,WS-002,二号装配工位,WS-002,李强,总装一车间,M16-01,2026-08-02 10:13:18
E1693,M12,8.8,0,-10.0,80.0,148.3,4,虚拧,extended,WS-001,一号装配工位,WS-001,张伟,总装一车间,M12-04,2026-08-02 10:13:58
E1563,M20,12.9,2,50.0,320.0,166.28,4,虚拧,extended,WS-003,三号装配工位,WS-003,王芳,总装二车间,M20-01,2026-08-02 10:14:22
B1052,M24,8.8,0,20.0,520.0,178.31,3,滑牙,benchmark,WS-004,四号装配工位,WS-004,刘洋,总装二车间,M24-05,2026-08-02 10:16:27
E0160,M24,8.8,0,-10.0,520.0,186.53,0,合格,extended,WS-004,四号装配工位,WS-004,刘洋,总装二车间,M24-04,2026-08-02 10:18:26
E1001,M12,10.9,1,20.0,80.0,123.44,2,过拧,extended,WS-001,一号装配工位,WS-001,张伟,总装一车间,M12-05,2026-08-02 10:21:06
B0201,M12,8.8,0,20.0,80.0,135.93,0,合格,benchmark,WS-001,一号装配工位,WS-001,张伟,总装一车间,M12-03,2026-08-02 10:22:15
E0856,M24,8.8,0,-10.0,520.0,155.53,1,欠拧,extended,WS-004,四号装配工位,WS-004,刘洋,总装二车间,M24-04,2026-08-02 10:22:34
B0630,M16,8.8,0,20.0,180.0,119.57,0,合格,benchmark,WS-002,二号装配工位,WS-002,李强,总装一车间,M16-02,2026-08-02 10:22:48
B1138,M16,8.8,0,20.0,180.0,150.27,4,虚拧,benchmark,WS-002,二号装配工位,WS-002,李强,总装一车间,M16-03,2026-08-02 10:23:44
B0063,M20,8.8,0,20.0,320.0,136.66,0,合格,benchmark,WS-003,三号装配工位,WS-003,王芳,总装二车间,M20-04,2026-08-02 10:23:53
B0393,M12,8.8,0,20.0,80.0,184.94,0,合格,benchmark,WS-001,一号装配工位,WS-001,张伟,总装一车间,M12-03,2026-08-02 10:26:20
B0628,M24,8.8,0,20.0,520.0,186.6,0,合格,benchmark,WS-004,四号装配工位,WS-004,刘洋,总装二车间,M24-01,2026-08-02 10:27:39
E1156,M24,8.8,0,-10.0,520.0,175.11,2,过拧,extended,WS-004,四号装配工位,WS-004,刘洋,总装二车间,M24-01,2026-08-02 10:29:20
E1079,M20,10.9,1,20.0,320.0,130.27,2,过拧,extended,WS-003,三号装配工位,WS-003,王芳,总装二车间,M20-06,2026-08-02 10:32:56
E0071,M20,10.9,1,20.0,320.0,135.36,0,合格,extended,WS-003,三号装配工位,WS-003,王芳,总装二车间,M20-06,2026-08-02 10:33:59
E1567,M20,8.8,0,-10.0,320.0,123.44,4,虚拧,extended,WS-003,三号装配工位,WS-003,王芳,总装二车间,M20-02,2026-08-02 10:35:33
E1387,M20,8.8,0,-10.0,320.0,154.25,3,滑牙,extended,WS-003,三号装配工位,WS-003,王芳,总装二车间,M20-05,2026-08-02 10:37:36
B1151,M20,8.8,0,20.0,320.0,120.71,4,虚拧,benchmark,WS-003,三号装配工位,WS-003,王芳,总装二车间,M20-06,2026-08-02 10:37:49
E1496,M24,10.9,1,20.0,520.0,109.14,3,滑牙,extended,WS-004,四号装配工位,WS-004,刘洋,总装二车间,M24-02,2026-08-02 10:38:19
B0068,M24,8.8,0,20.0,520.0,183.37,0,合格,benchmark,WS-004,四号装配工位,WS-004,刘洋,总装二车间,M24-05,2026-08-02 10:40:23
B0022,M16,8.8,0,20.0,180.0,177.28,0,合格,benchmark,WS-002,二号装配工位,WS-002,李强,总装一车间,M16-06,2026-08-02 10:41:50
E0767,M20,10.9,1,20.0,320.0,113.03,1,欠拧,extended,WS-003,三号装配工位,WS-003,王芳,总装二车间,M20-06,2026-08-02 10:42:11
B0332,M24,8.8,0,20.0,520.0,182.07,0,合格,benchmark,WS-004,四号装配工位,WS-004,刘洋,总装二车间,M24-05,2026-08-02 10:42:23
E1207,M20,8.8,0,-10.0,320.0,148.36,3,滑牙,extended,WS-003,三号装配工位,WS-003,王芳,总装二车间,M20-02,2026-08-02 10:42:52
B0909,M12,8.8,0,20.0,80.0,172.77,2,过拧,benchmark,WS-001,一号装配工位,WS-001,张伟,总装一车间,M12-06,2026-08-02 10:43:23
E0664,M24,8.8,0,-10.0,520.0,137.34,1,欠拧,extended,WS-004,四号装配工位,WS-004,刘洋,总装二车间,M24-04,2026-08-02 10:43:48
E1215,M20,12.9,2,50.0,320.0,120.21,3,滑牙,extended,WS-003,三号装配工位,WS-003,王芳,总装二车间,M20-04,2026-08-02 10:47:10
B1044,M24,8.8,0,20.0,520.0,106.8,3,滑牙,benchmark,WS-004,四号装配工位,WS-004,刘洋,总装二车间,M24-03,2026-08-02 10:48:10
E0737,M12,10.9,1,20.0,80.0,140.31,1,欠拧,extended,WS-001,一号装配工位,WS-001,张伟,总装一车间,M12-05,2026-08-02 10:49:37
E0068,M24,10.9,1,20.0,520.0,162.05,0,合格,extended,WS-004,四号装配工位,WS-004,刘洋,总装二车间,M24-05,2026-08-02 10:50:04
E1454,M16,10.9,1,20.0,180.0,177.83,3,滑牙,extended,WS-002,二号装配工位,WS-002,李强,总装一车间,M16-04,2026-08-02 10:51:37
B0576,M24,8.8,0,20.0,520.0,165.16,0,合格,benchmark,WS-004,四号装配工位,WS-004,刘洋,总装二车间,M24-06,2026-08-02 10:54:00
B0374,M16,8.8,0,20.0,180.0,142.86,0,合格,benchmark,WS-002,二号装配工位,WS-002,李强,总装一车间,M16-04,2026-08-02 10:54:12
B0498,M16,8.8,0,20.0,180.0,178.1,0,合格,benchmark,WS-002,二号装配工位,WS-002,李强,总装一车间,M16-05,2026-08-02 10:56:28
E1480,M24,8.8,0,-10.0,520.0,141.33,3,滑牙,extended,WS-004,四号装配工位,WS-004,刘洋,总装二车间,M24-04,2026-08-02 10:57:41
E0657,M12,12.9,2,50.0,80.0,189.59,1,欠拧,extended,WS-001,一号装配工位,WS-001,张伟,总装一车间,M12-03,2026-08-02 10:59:59
B0770,M16,8.8,0,20.0,180.0,167.77,1,欠拧,benchmark,WS-002,二号装配工位,WS-002,李强,总装一车间,M16-01,2026-08-02 11:05:52
B0913,M12,8.8,0,20.0,80.0,160.06,2,过拧,benchmark,WS-001,一号装配工位,WS-001,张伟,总装一车间,M12-01,2026-08-02 11:05:56
E1524,M24,12.9,2,50.0,520.0,108.09,4,虚拧,extended,WS-004,四号装配工位,WS-004,刘洋,总装二车间,M24-03,2026-08-02 11:07:29
E0548,M24,10.9,1,20.0,520.0,157.33,0,合格,extended,WS-004,四号装配工位,WS-004,刘洋,总装二车间,M24-05,2026-08-02 11:09:15
E0572,M24,10.9,1,20.0,520.0,176.96,0,合格,extended,WS-004,四号装配工位,WS-004,刘洋,总装二车间,M24-05,2026-08-02 11:09:31
E1720,M24,8.8,0,-10.0,520.0,115.19,4,虚拧,extended,WS-004,四号装配工位,WS-004,刘洋,总装二车间,M24-04,2026-08-02 11:14:17
E1392,M24,12.9,2,50.0,520.0,184.29,3,滑牙,extended,WS-004,四号装配工位,WS-004,刘洋,总装二车间,M24-06,2026-08-02 11:15:31
E1369,M12,8.8,0,-10.0,80.0,180.9,3,滑牙,extended,WS-001,一号装配工位,WS-001,张伟,总装一车间,M12-01,2026-08-02 11:17:28
E0518,M16,10.9,1,20.0,180.0,187.55,0,合格,extended,WS-002,二号装配工位,WS-002,李强,总装一车间,M16-04,2026-08-02 11:17:30
B0634,M16,8.8,0,20.0,180.0,122.6,0,合格,benchmark,WS-002,二号装配工位,WS-002,李强,总装一车间,M16-03,2026-08-02 11:19:17
B0379,M20,8.8,0,20.0,320.0,168.27,0,合格,benchmark,WS-003,三号装配工位,WS-003,王芳,总装二车间,M20-05,2026-08-02 11:21:33
E0745,M12,8.8,0,-10.0,80.0,150.82,1,欠拧,extended,WS-001,一号装配工位,WS-001,张伟,总装一车间,M12-01,2026-08-02 11:22:10
E1344,M24,12.9,2,50.0,520.0,146.15,3,滑牙,extended,WS-004,四号装配工位,WS-004,刘洋,总装二车间,M24-06,2026-08-02 11:24:45
B0188,M24,8.8,0,20.0,520.0,126.57,0,合格,benchmark,WS-004,四号装配工位,WS-004,刘洋,总装二车间,M24-05,2026-08-02 11:26:00
E0085,M12,8.8,0,-10.0,80.0,159.37,0,合格,extended,WS-001,一号装配工位,WS-001,张伟,总装一车间,M12-04,2026-08-02 11:29:27
B0758,M16,8.8,0,20.0,180.0,145.66,1,欠拧,benchmark,WS-002,二号装配工位,WS-002,李强,总装一车间,M16-04,2026-08-02 11:35:56
E0393,M12,12.9,2,50.0,80.0,165.28,0,合格,extended,WS-001,一号装配工位,WS-001,张伟,总装一车间,M12-03,2026-08-02 11:36:00
E1675,M20,8.8,0,-10.0,320.0,124.55,4,虚拧,extended,WS-003,三号装配工位,WS-003,王芳,总装二车间,M20-05,2026-08-02 11:36:54
E1381,M12,8.8,0,-10.0,80.0,183.84,3,滑牙,extended,WS-001,一号装配工位,WS-001,张伟,总装一车间,M12-04,2026-08-02 11:37:33
B1017,M12,8.8,0,20.0,80.0,160.16,3,滑牙,benchmark,WS-001,一号装配工位,WS-001,张伟,总装一车间,M12-03,2026-08-02 11:38:33
E1205,M12,10.9,1,20.0,80.0,127.02,3,滑牙,extended,WS-001,一号装配工位,WS-001,张伟,总装一车间,M12-02,2026-08-02 11:38:41
B1159,M20,8.8,0,20.0,320.0,179.25,4,虚拧,benchmark,WS-003,三号装配工位,WS-003,王芳,总装二车间,M20-02,2026-08-02 11:39:49
E0268,M24,8.8,0,-10.0,520.0,128.47,0,合格,extended,WS-004,四号装配工位,WS-004,刘洋,总装二车间,M24-01,2026-08-02 11:41:03
E0561,M12,12.9,2,50.0,80.0,141.32,0,合格,extended,WS-001,一号装配工位,WS-001,张伟,总装一车间,M12-03,2026-08-02 11:41:47
E0681,M12,12.9,2,50.0,80.0,114.81,1,欠拧,extended,WS-001,一号装配工位,WS-001,张伟,总装一车间,M12-03,2026-08-02 11:42:45
B0614,M16,8.8,0,20.0,180.0,116.23,0,合格,benchmark,WS-002,二号装配工位,WS-002,李强,总装一车间,M16-04,2026-08-02 11:43:35
E1228,M24,8.8,0,-10.0,520.0,117.92,3,滑牙,extended,WS-004,四号装配工位,WS-004,刘洋,总装二车间,M24-01,2026-08-02 11:44:47
E0185,M12,10.9,1,20.0,80.0,136.28,0,合格,extended,WS-001,一号装配工位,WS-001,张伟,总装一车间,M12-05,2026-08-02 11:48:54
E1648,M24,8.8,0,-10.0,520.0,128.41,4,虚拧,extended,WS-004,四号装配工位,WS-004,刘洋,总装二车间,M24-04,2026-08-02 11:48:59
B0094,M16,8.8,0,20.0,180.0,180.92,0,合格,benchmark,WS-002,二号装配工位,WS-002,李强,总装一车间,M16-06,2026-08-02 11:53:54
B1066,M16,8.8,0,20.0,180.0,158.8,3,滑牙,benchmark,WS-002,二号装配工位,WS-002,李强,总装一车间,M16-03,2026-08-02 11:55:28
E1635,M20,12.9,2,50.0,320.0,178.77,4,虚拧,extended,WS-003,三号装配工位,WS-003,王芳,总装二车间,M20-01,2026-08-02 11:56:25
E0429,M12,12.9,2,50.0,80.0,138.23,0,合格,extended,WS-001,一号装配工位,WS-001,张伟,总装一车间,M12-06,2026-08-02 11:56:54
E1579,M20,8.8,0,-10.0,320.0,166.22,4,虚拧,extended,WS-003,三号装配工位,WS-003,王芳,总装二车间,M20-05,2026-08-02 11:59:13
E1400,M24,10.9,1,20.0,520.0,130.75,3,滑牙,extended,WS-004,四号装配工位,WS-004,刘洋,总装二车间,M24-02,2026-08-02 12:00:53
E1483,M20,8.8,0,-10.0,320.0,140.39,3,滑牙,extended,WS-003,三号装配工位,WS-003,王芳,总装二车间,M20-05,2026-08-02 12:03:32
E1016,M24,10.9,1,20.0,520.0,158.5,2,过拧,extended,WS-004,四号装配工位,WS-004,刘洋,总装二车间,M24-02,2026-08-02 12:05:04
B0809,M12,8.8,0,20.0,80.0,184.77,1,欠拧,benchmark,WS-001,一号装配工位,WS-001,张伟,总装一车间,M12-05,2026-08-02 12:08:48
E1374,M16,12.9,2,50.0,180.0,123.05,3,滑牙,extended,WS-002,二号装配工位,WS-002,李强,总装一车间,M16-02,2026-08-02 12:11:14
B1173,M12,8.8,0,20.0,80.0,130.82,4,虚拧,benchmark,WS-001,一号装配工位,WS-001,张伟,总装一车间,M12-06,2026-08-02 12:11:17
E1652,M24,10.9,1,20.0,520.0,165.77,4,虚拧,extended,WS-004,四号装配工位,WS-004,刘洋,总装二车间,M24-05,2026-08-02 12:11:18
E0152,M24,10.9,1,20.0,520.0,163.85,0,合格,extended,WS-004,四号装配工位,WS-004,刘洋,总装二车间,M24-02,2026-08-02 12:15:02
E1422,M16,12.9,2,50.0,180.0,167.23,3,滑牙,extended,WS-002,二号装配工位,WS-002,李强,总装一车间,M16-02,2026-08-02 12:15:32
B1094,M16,8.8,0,20.0,180.0,173.61,4,虚拧,benchmark,WS-002,二号装配工位,WS-002,李强,总装一车间,M16-04,2026-08-02 12:15:54
E1184,M24,10.9,1,20.0,520.0,143.45,2,过拧,extended,WS-004,四号装配工位,WS-004,刘洋,总装二车间,M24-02,2026-08-02 12:17:24
E0812,M24,10.9,1,20.0,520.0,173.09,1,欠拧,extended,WS-004,四号装配工位,WS-004,刘洋,总装二车间,M24-05,2026-08-02 12:17:26
E0721,M12,8.8,0,-10.0,80.0,136.66,1,欠拧,extended,WS-001,一号装配工位,WS-001,张伟,总装一车间,M12-01,2026-08-02 12:18:58
E0083,M20,10.9,1,20.0,320.0,165.98,0,合格,extended,WS-003,三号装配工位,WS-003,王芳,总装二车间,M20-03,2026-08-02 12:19:38
B0552,M24,8.8,0,20.0,520.0,111.29,0,合格,benchmark,WS-004,四号装配工位,WS-004,刘洋,总装二车间,M24-06,2026-08-02 12:20:29
E0574,M16,8.8,0,-10.0,180.0,148.02,0,合格,extended,WS-002,二号装配工位,WS-002,李强,总装一车间,M16-06,2026-08-02 12:22:32
E0278,M16,10.9,1,20.0,180.0,185.0,0,合格,extended,WS-002,二号装配工位,WS-002,李强,总装一车间,M16-04,2026-08-02 12:22:37
E0859,M20,8.8,0,-10.0,320.0,150.07,1,欠拧,extended,WS-003,三号装配工位,WS-003,王芳,总装二车间,M20-05,2026-08-02 12:23:02
E1142,M16,10.9,1,20.0,180.0,149.6,2,过拧,extended,WS-002,二号装配工位,WS-002,李强,总装一车间,M16-04,2026-08-02 12:24:09
E0554,M16,10.9,1,20.0,180.0,154.82,0,合格,extended,WS-002,二号装配工位,WS-002,李强,总装一车间,M16-01,2026-08-02 12:24:48
E1091,M20,10.9,1,20.0,320.0,131.51,2,过拧,extended,WS-003,三号装配工位,WS-003,王芳,总装二车间,M20-03,2026-08-02 12:24:58
E0494,M16,10.9,1,20.0,180.0,153.73,0,合格,extended,WS-002,二号装配工位,WS-002,李强,总装一车间,M16-04,2026-08-02 12:26:25
E0466,M16,8.8,0,-10.0,180.0,161.85,0,合格,extended,WS-002,二号装配工位,WS-002,李强,总装一车间,M16-03,2026-08-02 12:31:26
E0120,M24,12.9,2,50.0,520.0,176.44,0,合格,extended,WS-004,四号装配工位,WS-004,刘洋,总装二车间,M24-06,2026-08-02 12:34:46
E1600,M24,8.8,0,-10.0,520.0,168.13,4,虚拧,extended,WS-004,四号装配工位,WS-004,刘洋,总装二车间,M24-04,2026-08-02 12:36:02
E0803,M20,10.9,1,20.0,320.0,150.97,1,欠拧,extended,WS-003,三号装配工位,WS-003,王芳,总装二车间,M20-03,2026-08-02 12:37:17
E1346,M16,10.9,1,20.0,180.0,112.37,3,滑牙,extended,WS-002,二号装配工位,WS-002,李强,总装一车间,M16-01,2026-08-02 12:37:18
B0440,M24,8.8,0,20.0,520.0,140.47,0,合格,benchmark,WS-004,四号装配工位,WS-004,刘洋,总装二车间,M24-02,2026-08-02 12:37:32
E1174,M16,8.8,0,-10.0,180.0,139.84,2,过拧,extended,WS-002,二号装配工位,WS-002,李强,总装一车间,M16-06,2026-08-02 12:41:32
B1168,M24,8.8,0,20.0,520.0,168.68,4,虚拧,benchmark,WS-004,四号装配工位,WS-004,刘洋,总装二车间,M24-04,2026-08-02 12:41:44
E0934,M16,8.8,0,-10.0,180.0,129.25,2,过拧,extended,WS-002,二号装配工位,WS-002,李强,总装一车间,M16-06,2026-08-02 12:46:36
E0940,M24,8.8,0,-10.0,520.0,173.4,2,过拧,extended,WS-004,四号装配工位,WS-004,刘洋,总装二车间,M24-01,2026-08-02 12:48:15
E0756,M24,12.9,2,50.0,520.0,136.21,1,欠拧,extended,WS-004,四号装配工位,WS-004,刘洋,总装二车间,M24-03,2026-08-02 12:49:56
B0957,M12,8.8,0,20.0,80.0,120.87,3,滑牙,benchmark,WS-001,一号装配工位,WS-001,张伟,总装一车间,M12-06,2026-08-02 12:51:23
E1025,M12,10.9,1,20.0,80.0,126.86,2,过拧,extended,WS-001,一号装配工位,WS-001,张伟,总装一车间,M12-05,2026-08-02 12:52:40
E1324,M24,8.8,0,-10.0,520.0,140.72,3,滑牙,extended,WS-004,四号装配工位,WS-004,刘洋,总装二车间,M24-01,2026-08-02 12:53:27
E0102,M16,12.9,2,50.0,180.0,159.49,0,合格,extended,WS-002,二号装配工位,WS-002,李强,总装一车间,M16-02,2026-08-02 12:53:51
B0027,M20,8.8,0,20.0,320.0,172.69,0,合格,benchmark,WS-003,三号装配工位,WS-003,王芳,总装二车间,M20-01,2026-08-02 12:58:25
E0647,M20,10.9,1,20.0,320.0,190.28,1,欠拧,extended,WS-003,三号装配工位,WS-003,王芳,总装二车间,M20-06,2026-08-02 12:59:02
E0873,M12,12.9,2,50.0,80.0,183.93,1,欠拧,extended,WS-001,一号装配工位,WS-001,张伟,总装一车间,M12-03,2026-08-02 12:59:43
E0963,M20,12.9,2,50.0,320.0,182.68,2,过拧,extended,WS-003,三号装配工位,WS-003,王芳,总装二车间,M20-01,2026-08-02 13:00:12
E0860,M24,10.9,1,20.0,520.0,157.01,1,欠拧,extended,WS-004,四号装配工位,WS-004,刘洋,总装二车间,M24-05,2026-08-02 13:01:33
B0942,M16,8.8,0,20.0,180.0,176.11,2,过拧,benchmark,WS-002,二号装配工位,WS-002,李强,总装一车间,M16-02,2026-08-02 13:05:25
B0585,M12,8.8,0,20.0,80.0,171.03,0,合格,benchmark,WS-001,一号装配工位,WS-001,张伟,总装一车间,M12-03,2026-08-02 13:05:40
E0666,M16,12.9,2,50.0,180.0,191.37,1,欠拧,extended,WS-002,二号装配工位,WS-002,李强,总装一车间,M16-05,2026-08-02 13:08:58
E1546,M16,8.8,0,-10.0,180.0,174.31,4,虚拧,extended,WS-002,二号装配工位,WS-002,李强,总装一车间,M16-03,2026-08-02 13:09:34
B0164,M24,8.8,0,20.0,520.0,121.77,0,合格,benchmark,WS-004,四号装配工位,WS-004,刘洋,总装二车间,M24-05,2026-08-02 13:15:35
B0687,M20,8.8,0,20.0,320.0,150.25,0,合格,benchmark,WS-003,三号装配工位,WS-003,王芳,总装二车间,M20-04,2026-08-02 13:17:01
B1131,M20,8.8,0,20.0,320.0,194.03,4,虚拧,benchmark,WS-003,三号装配工位,WS-003,王芳,总装二车间,M20-01,2026-08-02 13:17:24
E1715,M20,10.9,1,20.0,320.0,170.62,4,虚拧,extended,WS-003,三号装配工位,WS-003,王芳,总装二车间,M20-03,2026-08-02 13:18:55
E1309,M12,8.8,0,-10.0,80.0,128.04,3,滑牙,extended,WS-001,一号装配工位,WS-001,张伟,总装一车间,M12-04,2026-08-02 13:19:38
E0140,M24,10.9,1,20.0,520.0,110.24,0,合格,extended,WS-004,四号装配工位,WS-004,刘洋,总装二车间,M24-05,2026-08-02 13:22:18
E0488,M24,10.9,1,20.0,520.0,183.21,0,合格,extended,WS-004,四号装配工位,WS-004,刘洋,总装二车间,M24-02,2026-08-02 13:22:23
E0876,M24,12.9,2,50.0,520.0,147.73,1,欠拧,extended,WS-004,四号装配工位,WS-004,刘洋,总装二车间,M24-03,2026-08-02 13:23:14
E0675,M20,12.9,2,50.0,320.0,181.26,1,欠拧,extended,WS-003,三号装配工位,WS-003,王芳,总装二车间,M20-01,2026-08-02 13:24:37
B0144,M24,8.8,0,20.0,520.0,112.29,0,合格,benchmark,WS-004,四号装配工位,WS-004,刘洋,总装二车间,M24-06,2026-08-02 13:24:50
E1364,M24,10.9,1,20.0,520.0,156.55,3,滑牙,extended,WS-004,四号装配工位,WS-004,刘洋,总装二车间,M24-05,2026-08-02 13:25:27
B0962,M16,8.8,0,20.0,180.0,138.31,3,滑牙,benchmark,WS-002,二号装配工位,WS-002,李强,总装一车间,M16-01,2026-08-02 13:25:56
E0562,M16,8.8,0,-10.0,180.0,125.35,0,合格,extended,WS-002,二号装配工位,WS-002,李强,总装一车间,M16-03,2026-08-02 13:27:29
B0163,M20,8.8,0,20.0,320.0,177.16,0,合格,benchmark,WS-003,三号装配工位,WS-003,王芳,总装二车间,M20-05,2026-08-02 13:27:41
E0992,M24,10.9,1,20.0,520.0,186.36,2,过拧,extended,WS-004,四号装配工位,WS-004,刘洋,总装二车间,M24-02,2026-08-02 13:31:07
E0635,M20,10.9,1,20.0,320.0,174.37,1,欠拧,extended,WS-003,三号装配工位,WS-003,王芳,总装二车间,M20-03,2026-08-02 13:31:44
E0295,M20,8.8,0,-10.0,320.0,143.05,0,合格,extended,WS-003,三号装配工位,WS-003,王芳,总装二车间,M20-02,2026-08-02 13:31:46
B0373,M12,8.8,0,20.0,80.0,143.63,0,合格,benchmark,WS-001,一号装配工位,WS-001,张伟,总装一车间,M12-04,2026-08-02 13:32:09
B0065,M12,8.8,0,20.0,80.0,110.27,0,合格,benchmark,WS-001,一号装配工位,WS-001,张伟,总装一车间,M12-05,2026-08-02 13:34:52
B0907,M20,8.8,0,20.0,320.0,162.58,2,过拧,benchmark,WS-003,三号装配工位,WS-003,王芳,总装二车间,M20-05,2026-08-02 13:37:56
E0052,M24,8.8,0,-10.0,520.0,156.46,0,合格,extended,WS-004,四号装配工位,WS-004,刘洋,总装二车间,M24-01,2026-08-02 13:38:00
E1157,M12,10.9,1,20.0,80.0,152.14,2,过拧,extended,WS-001,一号装配工位,WS-001,张伟,总装一车间,M12-02,2026-08-02 13:38:04
B0960,M24,8.8,0,20.0,520.0,146.36,3,滑牙,benchmark,WS-004,四号装配工位,WS-004,刘洋,总装二车间,M24-06,2026-08-02 13:39:01
B0496,M24,8.8,0,20.0,520.0,171.7,0,合格,benchmark,WS-004,四号装配工位,WS-004,刘洋,总装二车间,M24-04,2026-08-02 13:42:18
E0519,M20,12.9,2,50.0,320.0,121.26,0,合格,extended,WS-003,三号装配工位,WS-003,王芳,总装二车间,M20-04,2026-08-02 13:44:09
E0688,M24,8.8,0,-10.0,520.0,168.59,1,欠拧,extended,WS-004,四号装配工位,WS-004,刘洋,总装二车间,M24-04,2026-08-02 13:46:36
E0817,M12,8.8,0,-10.0,80.0,163.33,1,欠拧,extended,WS-001,一号装配工位,WS-001,张伟,总装一车间,M12-01,2026-08-02 13:48:12
E0384,M24,12.9,2,50.0,520.0,122.89,0,合格,extended,WS-004,四号装配工位,WS-004,刘洋,总装二车间,M24-06,2026-08-02 13:48:35
E1273,M12,8.8,0,-10.0,80.0,176.54,3,滑牙,extended,WS-001,一号装配工位,WS-001,张伟,总装一车间,M12-01,2026-08-02 13:51:42
E0285,M12,12.9,2,50.0,80.0,173.85,0,合格,extended,WS-001,一号装配工位,WS-001,张伟,总装一车间,M12-06,2026-08-02 13:51:50
E1549,M12,8.8,0,-10.0,80.0,186.42,4,虚拧,extended,WS-001,一号装配工位,WS-001,张伟,总装一车间,M12-04,2026-08-02 13:52:22
E0109,M12,8.8,0,-10.0,80.0,115.13,0,合格,extended,WS-001,一号装配工位,WS-001,张伟,总装一车间,M12-04,2026-08-02 13:52:48
E0435,M20,12.9,2,50.0,320.0,175.97,0,合格,extended,WS-003,三号装配工位,WS-003,王芳,总装二车间,M20-01,2026-08-02 13:53:00
B1043,M20,8.8,0,20.0,320.0,127.5,3,滑牙,benchmark,WS-003,三号装配工位,WS-003,王芳,总装二车间,M20-03,2026-08-02 13:53:42
B1191,M20,8.8,0,20.0,320.0,154.0,4,虚拧,benchmark,WS-003,三号装配工位,WS-003,王芳,总装二车间,M20-04,2026-08-02 13:55:03
B0248,M24,8.8,0,20.0,520.0,143.64,0,合格,benchmark,WS-004,四号装配工位,WS-004,刘洋,总装二车间,M24-02,2026-08-02 13:56:17
B0572,M24,8.8,0,20.0,520.0,129.54,0,合格,benchmark,WS-004,四号装配工位,WS-004,刘洋,总装二车间,M24-05,2026-08-02 13:58:15
E0280,M24,8.8,0,-10.0,520.0,119.24,0,合格,extended,WS-004,四号装配工位,WS-004,刘洋,总装二车间,M24-04,2026-08-02 13:59:45
E1090,M16,8.8,0,-10.0,180.0,117.13,2,过拧,extended,WS-002,二号装配工位,WS-002,李强,总装一车间,M16-03,2026-08-02 13:59:59
E0025,M12,8.8,0,-10.0,80.0,143.64,0,合格,extended,WS-001,一号装配工位,WS-001,张伟,总装一车间,M12-01,2026-08-02 14:00:45
B0624,M24,8.8,0,20.0,520.0,120.67,0,合格,benchmark,WS-004,四号装配工位,WS-004,刘洋,总装二车间,M24-06,2026-08-02 14:00:57
B0425,M12,8.8,0,20.0,80.0,119.97,0,合格,benchmark,WS-001,一号装配工位,WS-001,张伟,总装一车间,M12-05,2026-08-02 14:01:35
E1498,M16,8.8,0,-10.0,180.0,161.02,3,滑牙,extended,WS-002,二号装配工位,WS-002,李强,总装一车间,M16-03,2026-08-02 14:04:06
B1079,M20,8.8,0,20.0,320.0,164.11,4,虚拧,benchmark,WS-003,三号装配工位,WS-003,王芳,总装二车间,M20-06,2026-08-02 14:04:41
B0165,M12,8.8,0,20.0,80.0,167.2,0,合格,benchmark,WS-001,一号装配工位,WS-001,张伟,总装一车间,M12-06,2026-08-02 14:05:34
B0275,M20,8.8,0,20.0,320.0,132.47,0,合格,benchmark,WS-003,三号装配工位,WS-003,王芳,总装二车间,M20-03,2026-08-02 14:06:25
B0929,M12,8.8,0,20.0,80.0,165.37,2,过拧,benchmark,WS-001,一号装配工位,WS-001,张伟,总装一车间,M12-05,2026-08-02 14:07:21
B0972,M24,8.8,0,20.0,520.0,174.52,3,滑牙,benchmark,WS-004,四号装配工位,WS-004,刘洋,总装二车间,M24-03,2026-08-02 14:07:29
B0732,M24,8.8,0,20.0,520.0,159.93,1,欠拧,benchmark,WS-004,四号装配工位,WS-004,刘洋,总装二车间,M24-03,2026-08-02 14:08:23
E1220,M24,10.9,1,20.0,520.0,131.3,3,滑牙,extended,WS-004,四号装配工位,WS-004,刘洋,总装二车间,M24-05,2026-08-02 14:08:35
E1295,M20,10.9,1,20.0,320.0,179.67,3,滑牙,extended,WS-003,三号装配工位,WS-003,王芳,总装二车间,M20-06,2026-08-02 14:08:44
B0464,M24,8.8,0,20.0,520.0,157.56,0,合格,benchmark,WS-004,四号装配工位,WS-004,刘洋,总装二车间,M24-02,2026-08-02 14:10:34
E0478,M16,8.8,0,-10.0,180.0,154.7,0,合格,extended,WS-002,二号装配工位,WS-002,李强,总装一车间,M16-06,2026-08-02 14:11:15
E0870,M16,12.9,2,50.0,180.0,140.19,1,欠拧,extended,WS-002,二号装配工位,WS-002,李强,总装一车间,M16-02,2026-08-02 14:11:22
B1185,M12,8.8,0,20.0,80.0,123.07,4,虚拧,benchmark,WS-001,一号装配工位,WS-001,张伟,总装一车间,M12-03,2026-08-02 14:15:33
E0174,M16,12.9,2,50.0,180.0,146.58,0,合格,extended,WS-002,二号装配工位,WS-002,李强,总装一车间,M16-02,2026-08-02 14:16:02
E1762,M16,8.8,0,-10.0,180.0,168.92,4,虚拧,extended,WS-002,二号装配工位,WS-002,李强,总装一车间,M16-03,2026-08-02 14:22:01
E1276,M24,8.8,0,-10.0,520.0,154.59,3,滑牙,extended,WS-004,四号装配工位,WS-004,刘洋,总装二车间,M24-01,2026-08-02 14:26:12
E1024,M24,8.8,0,-10.0,520.0,138.64,2,过拧,extended,WS-004,四号装配工位,WS-004,刘洋,总装二车间,M24-04,2026-08-02 14:26:29
E1725,M12,12.9,2,50.0,80.0,179.24,4,虚拧,extended,WS-001,一号装配工位,WS-001,张伟,总装一车间,M12-06,2026-08-02 14:27:25
E1141,M12,8.8,0,-10.0,80.0,163.04,2,过拧,extended,WS-001,一号装配工位,WS-001,张伟,总装一车间,M12-04,2026-08-02 14:29:02
E1050,M16,12.9,2,50.0,180.0,173.02,2,过拧,extended,WS-002,二号装配工位,WS-002,李强,总装一车间,M16-05,2026-08-02 14:29:30
B0777,M12,8.8,0,20.0,80.0,145.05,1,欠拧,benchmark,WS-001,一号装配工位,WS-001,张伟,总装一车间,M12-03,2026-08-02 14:30:49
B1059,M20,8.8,0,20.0,320.0,138.62,3,滑牙,benchmark,WS-003,三号装配工位,WS-003,王芳,总装二车间,M20-01,2026-08-02 14:33:42
E1076,M24,10.9,1,20.0,520.0,138.17,2,过拧,extended,WS-004,四号装配工位,WS-004,刘洋,总装二车间,M24-05,2026-08-02 14:35:02
E0133,M12,8.8,0,-10.0,80.0,126.34,0,合格,extended,WS-001,一号装配工位,WS-001,张伟,总装一车间,M12-04,2026-08-02 14:35:31
E1494,M16,12.9,2,50.0,180.0,161.42,3,滑牙,extended,WS-002,二号装配工位,WS-002,李强,总装一车间,M16-02,2026-08-02 14:35:54
E0641,M12,10.9,1,20.0,80.0,164.58,1,欠拧,extended,WS-001,一号装配工位,WS-001,张伟,总装一车间,M12-05,2026-08-02 14:36:41
B0500,M24,8.8,0,20.0,520.0,145.65,0,合格,benchmark,WS-004,四号装配工位,WS-004,刘洋,总装二车间,M24-05,2026-08-02 14:39:48
E0237,M12,12.9,2,50.0,80.0,175.83,0,合格,extended,WS-001,一号装配工位,WS-001,张伟,总装一车间,M12-06,2026-08-02 14:45:16
B0954,M16,8.8,0,20.0,180.0,182.67,3,滑牙,benchmark,WS-002,二号装配工位,WS-002,李强,总装一车间,M16-05,2026-08-02 14:48:32
E0487,M20,8.8,0,-10.0,320.0,148.97,0,合格,extended,WS-003,三号装配工位,WS-003,王芳,总装二车间,M20-02,2026-08-02 14:49:00
E1790,M16,10.9,1,20.0,180.0,183.6,4,虚拧,extended,WS-002,二号装配工位,WS-002,李强,总装一车间,M16-04,2026-08-02 14:49:41
E1560,M24,12.9,2,50.0,520.0,113.91,4,虚拧,extended,WS-004,四号装配工位,WS-004,刘洋,总装二车间,M24-06,2026-08-02 14:53:23
B0547,M20,8.8,0,20.0,320.0,157.99,0,合格,benchmark,WS-003,三号装配工位,WS-003,王芳,总装二车间,M20-05,2026-08-02 14:54:24
B1153,M12,8.8,0,20.0,80.0,131.93,4,虚拧,benchmark,WS-001,一号装配工位,WS-001,张伟,总装一车间,M12-01,2026-08-02 15:01:20
E0541,M12,8.8,0,-10.0,80.0,171.4,0,合格,extended,WS-001,一号装配工位,WS-001,张伟,总装一车间,M12-04,2026-08-02 15:02:01
E1562,M16,10.9,1,20.0,180.0,119.46,4,虚拧,extended,WS-002,二号装配工位,WS-002,李强,总装一车间,M16-01,2026-08-02 15:02:14
B0795,M20,8.8,0,20.0,320.0,147.18,1,欠拧,benchmark,WS-003,三号装配工位,WS-003,王芳,总装二车间,M20-01,2026-08-02 15:03:13
E0296,M24,10.9,1,20.0,520.0,125.58,0,合格,extended,WS-004,四号装配工位,WS-004,刘洋,总装二车间,M24-02,2026-08-02 15:03:19
B0994,M16,8.8,0,20.0,180.0,180.12,3,滑牙,benchmark,WS-002,二号装配工位,WS-002,李强,总装一车间,M16-03,2026-08-02 15:03:43
E1366,M16,8.8,0,-10.0,180.0,119.91,3,滑牙,extended,WS-002,二号装配工位,WS-002,李强,总装一车间,M16-06,2026-08-02 15:04:09
B0473,M12,8.8,0,20.0,80.0,141.83,0,合格,benchmark,WS-001,一号装配工位,WS-001,张伟,总装一车间,M12-05,2026-08-02 15:06:35
B0238,M16,8.8,0,20.0,180.0,140.67,0,合格,benchmark,WS-002,二号装配工位,WS-002,李强,总装一车间,M16-06,2026-08-02 15:06:38
E0244,M24,8.8,0,-10.0,520.0,143.11,0,合格,extended,WS-004,四号装配工位,WS-004,刘洋,总装二车间,M24-01,2026-08-02 15:10:26
B0005,M12,8.8,0,20.0,80.0,162.3,0,合格,benchmark,WS-001,一号装配工位,WS-001,张伟,总装一车间,M12-02,2026-08-02 15:10:37
E1517,M12,10.9,1,20.0,80.0,164.4,4,虚拧,extended,WS-001,一号装配工位,WS-001,张伟,总装一车间,M12-02,2026-08-02 15:13:12
B0621,M12,8.8,0,20.0,80.0,183.12,0,合格,benchmark,WS-001,一号装配工位,WS-001,张伟,总装一车间,M12-06,2026-08-02 15:13:13
B0407,M20,8.8,0,20.0,320.0,160.72,0,合格,benchmark,WS-003,三号装配工位,WS-003,王芳,总装二车间,M20-06,2026-08-02 15:13:34
B1100,M24,8.8,0,20.0,520.0,188.66,4,虚拧,benchmark,WS-004,四号装配工位,WS-004,刘洋,总装二车间,M24-05,2026-08-02 15:13:55
B0435,M20,8.8,0,20.0,320.0,140.04,0,合格,benchmark,WS-003,三号装配工位,WS-003,王芳,总装二车间,M20-01,2026-08-02 15:14:10
B0633,M12,8.8,0,20.0,80.0,152.26,0,合格,benchmark,WS-001,一号装配工位,WS-001,张伟,总装一车间,M12-03,2026-08-02 15:14:26
E0807,M20,12.9,2,50.0,320.0,186.18,1,欠拧,extended,WS-003,三号装配工位,WS-003,王芳,总装二车间,M20-04,2026-08-02 15:15:08
B0155,M20,8.8,0,20.0,320.0,182.02,0,合格,benchmark,WS-003,三号装配工位,WS-003,王芳,总装二车间,M20-03,2026-08-02 15:16:14
E0724,M24,8.8,0,-10.0,520.0,175.29,1,欠拧,extended,WS-004,四号装配工位,WS-004,刘洋,总装二车间,M24-01,2026-08-02 15:17:18
E1461,M12,12.9,2,50.0,80.0,169.26,3,滑牙,extended,WS-001,一号装配工位,WS-001,张伟,总装一车间,M12-06,2026-08-02 15:18:02
E1734,M16,12.9,2,50.0,180.0,165.72,4,虚拧,extended,WS-002,二号装配工位,WS-002,李强,总装一车间,M16-02,2026-08-02 15:18:09
E1799,M20,10.9,1,20.0,320.0,118.54,4,虚拧,extended,WS-003,三号装配工位,WS-003,王芳,总装二车间,M20-06,2026-08-02 15:19:05
B0354,M16,8.8,0,20.0,180.0,131.65,0,合格,benchmark,WS-002,二号装配工位,WS-002,李强,总装一车间,M16-05,2026-08-02 15:19:37
B0091,M20,8.8,0,20.0,320.0,174.95,0,合格,benchmark,WS-003,三号装配工位,WS-003,王芳,总装二车间,M20-05,2026-08-02 15:20:08
E1118,M16,10.9,1,20.0,180.0,140.89,2,过拧,extended,WS-002,二号装配工位,WS-002,李强,总装一车间,M16-04,2026-08-02 15:24:53
E1754,M16,10.9,1,20.0,180.0,152.97,4,虚拧,extended,WS-002,二号装配工位,WS-002,李强,总装一车间,M16-01,2026-08-02 15:26:24
B1039,M20,8.8,0,20.0,320.0,151.87,3,滑牙,benchmark,WS-003,三号装配工位,WS-003,王芳,总装二车间,M20-02,2026-08-02 15:26:25
B0140,M24,8.8,0,20.0,520.0,115.58,0,合格,benchmark,WS-004,四号装配工位,WS-004,刘洋,总装二车间,M24-05,2026-08-02 15:26:37
B0082,M16,8.8,0,20.0,180.0,149.99,0,合格,benchmark,WS-002,二号装配工位,WS-002,李强,总装一车间,M16-03,2026-08-02 15:28:29
E1716,M24,12.9,2,50.0,520.0,150.66,4,虚拧,extended,WS-004,四号装配工位,WS-004,刘洋,总装二车间,M24-03,2026-08-02 15:31:28
B0756,M24,8.8,0,20.0,520.0,136.58,1,欠拧,benchmark,WS-004,四号装配工位,WS-004,刘洋,总装二车间,M24-03,2026-08-02 15:31:44
E1641,M12,12.9,2,50.0,80.0,162.54,4,虚拧,extended,WS-001,一号装配工位,WS-001,张伟,总装一车间,M12-03,2026-08-02 15:31:55
E0792,M24,12.9,2,50.0,520.0,134.32,1,欠拧,extended,WS-004,四号装配工位,WS-004,刘洋,总装二车间,M24-06,2026-08-02 15:32:06
E0218,M16,10.9,1,20.0,180.0,122.25,0,合格,extended,WS-002,二号装配工位,WS-002,李强,总装一车间,M16-01,2026-08-02 15:33:49
B0004,M24,8.8,0,20.0,520.0,178.09,0,合格,benchmark,WS-004,四号装配工位,WS-004,刘洋,总装二车间,M24-01,2026-08-02 15:35:57
B0298,M16,8.8,0,20.0,180.0,131.52,0,合格,benchmark,WS-002,二号装配工位,WS-002,李强,总装一车间,M16-03,2026-08-02 15:36:05
B0121,M12,8.8,0,20.0,80.0,117.33,0,合格,benchmark,WS-001,一号装配工位,WS-001,张伟,总装一车间,M12-01,2026-08-02 15:39:07
E1365,M12,12.9,2,50.0,80.0,178.99,3,滑牙,extended,WS-001,一号装配工位,WS-001,张伟,总装一车间,M12-06,2026-08-02 15:39:28
E0878,M16,10.9,1,20.0,180.0,161.21,1,欠拧,extended,WS-002,二号装配工位,WS-002,李强,总装一车间,M16-04,2026-08-02 15:41:00
E0020,M24,10.9,1,20.0,520.0,185.1,0,合格,extended,WS-004,四号装配工位,WS-004,刘洋,总装二车间,M24-05,2026-08-02 15:41:10
E0935,M20,10.9,1,20.0,320.0,150.62,2,过拧,extended,WS-003,三号装配工位,WS-003,王芳,总装二车间,M20-06,2026-08-02 15:42:25
B0285,M12,8.8,0,20.0,80.0,158.86,0,合格,benchmark,WS-001,一号装配工位,WS-001,张伟,总装一车间,M12-06,2026-08-02 15:45:50
B0800,M24,8.8,0,20.0,520.0,163.74,1,欠拧,benchmark,WS-004,四号装配工位,WS-004,刘洋,总装二车间,M24-02,2026-08-02 15:50:47
E1321,M12,8.8,0,-10.0,80.0,147.77,3,滑牙,extended,WS-001,一号装配工位,WS-001,张伟,总装一车间,M12-01,2026-08-02 15:52:03
B0935,M20,8.8,0,20.0,320.0,155.91,2,过拧,benchmark,WS-003,三号装配工位,WS-003,王芳,总装二车间,M20-06,2026-08-02 15:52:21
E0957,M12,12.9,2,50.0,80.0,170.61,2,过拧,extended,WS-001,一号装配工位,WS-001,张伟,总装一车间,M12-06,2026-08-02 15:52:46
B0030,M16,8.8,0,20.0,180.0,172.18,0,合格,benchmark,WS-002,二号装配工位,WS-002,李强,总装一车间,M16-02,2026-08-02 15:55:32
E0093,M12,12.9,2,50.0,80.0,149.85,0,合格,extended,WS-001,一号装配工位,WS-001,张伟,总装一车间,M12-06,2026-08-02 15:57:00
E0946,M16,8.8,0,-10.0,180.0,159.8,2,过拧,extended,WS-002,二号装配工位,WS-002,李强,总装一车间,M16-03,2026-08-02 15:57:49
E0529,M12,8.8,0,-10.0,80.0,118.7,0,合格,extended,WS-001,一号装配工位,WS-001,张伟,总装一车间,M12-01,2026-08-02 15:59:44
E0063,M20,12.9,2,50.0,320.0,188.54,0,合格,extended,WS-003,三号装配工位,WS-003,王芳,总装二车间,M20-04,2026-08-02 16:00:07
E1602,M16,12.9,2,50.0,180.0,129.82,4,虚拧,extended,WS-002,二号装配工位,WS-002,李强,总装一车间,M16-05,2026-08-02 16:02:28
B0689,M12,8.8,0,20.0,80.0,145.77,0,合格,benchmark,WS-001,一号装配工位,WS-001,张伟,总装一车间,M12-05,2026-08-02 16:03:12
B0047,M20,8.8,0,20.0,320.0,135.74,0,合格,benchmark,WS-003,三号装配工位,WS-003,王芳,总装二车间,M20-06,2026-08-02 16:05:22
E1660,M24,8.8,0,-10.0,520.0,182.74,4,虚拧,extended,WS-004,四号装配工位,WS-004,刘洋,总装二车间,M24-01,2026-08-02 16:07:02
B0186,M16,8.8,0,20.0,180.0,166.83,0,合格,benchmark,WS-002,二号装配工位,WS-002,李强,总装一车间,M16-05,2026-08-02 16:07:23
B0923,M20,8.8,0,20.0,320.0,147.32,2,过拧,benchmark,WS-003,三号装配工位,WS-003,王芳,总装二车间,M20-03,2026-08-02 16:09:03
B0869,M12,8.8,0,20.0,80.0,140.49,2,过拧,benchmark,WS-001,一号装配工位,WS-001,张伟,总装一车间,M12-02,2026-08-02 16:09:05
B0219,M20,8.8,0,20.0,320.0,152.91,0,合格,benchmark,WS-003,三号装配工位,WS-003,王芳,总装二车间,M20-01,2026-08-02 16:11:08
B0267,M20,8.8,0,20.0,320.0,190.76,0,合格,benchmark,WS-003,三号装配工位,WS-003,王芳,总装二车间,M20-01,2026-08-02 16:11:12
E0443,M20,10.9,1,20.0,320.0,156.02,0,合格,extended,WS-003,三号装配工位,WS-003,王芳,总装二车间,M20-03,2026-08-02 16:11:49
E1535,M20,10.9,1,20.0,320.0,141.57,4,虚拧,extended,WS-003,三号装配工位,WS-003,王芳,总装二车间,M20-06,2026-08-02 16:12:29
B1184,M24,8.8,0,20.0,520.0,172.39,4,虚拧,benchmark,WS-004,四号装配工位,WS-004,刘洋,总装二车间,M24-02,2026-08-02 16:16:15
B1092,M24,8.8,0,20.0,520.0,138.01,4,虚拧,benchmark,WS-004,四号装配工位,WS-004,刘洋,总装二车间,M24-03,2026-08-02 16:16:25
E1182,M16,12.9,2,50.0,180.0,126.32,2,过拧,extended,WS-002,二号装配工位,WS-002,李强,总装一车间,M16-02,2026-08-02 16:18:30
B0883,M20,8.8,0,20.0,320.0,179.14,2,过拧,benchmark,WS-003,三号装配工位,WS-003,王芳,总装二车间,M20-05,2026-08-02 16:18:43
E0119,M20,10.9,1,20.0,320.0,170.37,0,合格,extended,WS-003,三号装配工位,WS-003,王芳,总装二车间,M20-06,2026-08-02 16:19:33
E0273,M12,12.9,2,50.0,80.0,165.56,0,合格,extended,WS-001,一号装配工位,WS-001,张伟,总装一车间,M12-03,2026-08-02 16:20:52
B0214,M16,8.8,0,20.0,180.0,175.61,0,合格,benchmark,WS-002,二号装配工位,WS-002,李强,总装一车间,M16-06,2026-08-02 16:21:14
B1057,M12,8.8,0,20.0,80.0,166.7,3,滑牙,benchmark,WS-001,一号装配工位,WS-001,张伟,总装一车间,M12-01,2026-08-02 16:22:10
E0840,M24,12.9,2,50.0,520.0,162.34,1,欠拧,extended,WS-004,四号装配工位,WS-004,刘洋,总装二车间,M24-06,2026-08-02 16:22:24
E0173,M12,10.9,1,20.0,80.0,126.85,0,合格,extended,WS-001,一号装配工位,WS-001,张伟,总装一车间,M12-02,2026-08-02 16:22:44
E0131,M20,10.9,1,20.0,320.0,146.67,0,合格,extended,WS-003,三号装配工位,WS-003,王芳,总装二车间,M20-03,2026-08-02 16:23:20
E0690,M16,12.9,2,50.0,180.0,114.8,1,欠拧,extended,WS-002,二号装配工位,WS-002,李强,总装一车间,M16-05,2026-08-02 16:23:23
B0020,M24,8.8,0,20.0,520.0,137.89,0,合格,benchmark,WS-004,四号装配工位,WS-004,刘洋,总装二车间,M24-05,2026-08-02 16:25:40
B0031,M20,8.8,0,20.0,320.0,181.9,0,合格,benchmark,WS-003,三号装配工位,WS-003,王芳,总装二车间,M20-02,2026-08-02 16:25:59
E1235,M20,10.9,1,20.0,320.0,164.7,3,滑牙,extended,WS-003,三号装配工位,WS-003,王芳,总装二车间,M20-03,2026-08-02 16:25:59
E1017,M12,12.9,2,50.0,80.0,135.26,2,过拧,extended,WS-001,一号装配工位,WS-001,张伟,总装一车间,M12-03,2026-08-02 16:26:35
E1378,M16,8.8,0,-10.0,180.0,126.86,3,滑牙,extended,WS-002,二号装配工位,WS-002,李强,总装一车间,M16-03,2026-08-02 16:28:31
E0719,M20,10.9,1,20.0,320.0,141.58,1,欠拧,extended,WS-003,三号装配工位,WS-003,王芳,总装二车间,M20-06,2026-08-02 16:30:44
E1445,M12,10.9,1,20.0,80.0,185.64,3,滑牙,extended,WS-001,一号装配工位,WS-001,张伟,总装一车间,M12-02,2026-08-02 16:33:23
E1043,M20,10.9,1,20.0,320.0,135.1,2,过拧,extended,WS-003,三号装配工位,WS-003,王芳,总装二车间,M20-03,2026-08-02 16:35:11
E0847,M20,8.8,0,-10.0,320.0,167.2,1,欠拧,extended,WS-003,三号装配工位,WS-003,王芳,总装二车间,M20-02,2026-08-02 16:36:23
E0168,M24,12.9,2,50.0,520.0,165.68,0,合格,extended,WS-004,四号装配工位,WS-004,刘洋,总装二车间,M24-06,2026-08-02 16:38:10
B0833,M12,8.8,0,20.0,80.0,164.45,2,过拧,benchmark,WS-001,一号装配工位,WS-001,张伟,总装一车间,M12-05,2026-08-02 16:38:13
B0506,M16,8.8,0,20.0,180.0,170.48,0,合格,benchmark,WS-002,二号装配工位,WS-002,李强,总装一车间,M16-01,2026-08-02 16:40:50
B0792,M24,8.8,0,20.0,520.0,121.81,1,欠拧,benchmark,WS-004,四号装配工位,WS-004,刘洋,总装二车间,M24-06,2026-08-02 16:42:39
E0653,M12,10.9,1,20.0,80.0,118.61,1,欠拧,extended,WS-001,一号装配工位,WS-001,张伟,总装一车间,M12-02,2026-08-02 16:42:43
E0366,M16,12.9,2,50.0,180.0,181.87,0,合格,extended,WS-002,二号装配工位,WS-002,李强,总装一车间,M16-02,2026-08-02 16:43:15
E1005,M12,12.9,2,50.0,80.0,184.69,2,过拧,extended,WS-001,一号装配工位,WS-001,张伟,总装一车间,M12-06,2026-08-02 16:43:16
E1191,M20,12.9,2,50.0,320.0,132.56,2,过拧,extended,WS-003,三号装配工位,WS-003,王芳,总装二车间,M20-04,2026-08-02 16:43:23
E0603,M20,12.9,2,50.0,320.0,133.92,1,欠拧,extended,WS-003,三号装配工位,WS-003,王芳,总装二车间,M20-01,2026-08-02 16:44:18
E1137,M12,12.9,2,50.0,80.0,168.4,2,过拧,extended,WS-001,一号装配工位,WS-001,张伟,总装一车间,M12-03,2026-08-02 16:44:42
E0258,M16,12.9,2,50.0,180.0,139.53,0,合格,extended,WS-002,二号装配工位,WS-002,李强,总装一车间,M16-05,2026-08-02 16:46:06
B0537,M12,8.8,0,20.0,80.0,191.19,0,合格,benchmark,WS-001,一号装配工位,WS-001,张伟,总装一车间,M12-03,2026-08-02 16:48:26
B0222,M16,8.8,0,20.0,180.0,163.91,0,合格,benchmark,WS-002,二号装配工位,WS-002,李强,总装一车间,M16-02,2026-08-02 16:48:57
E0543,M20,12.9,2,50.0,320.0,111.61,0,合格,extended,WS-003,三号装配工位,WS-003,王芳,总装二车间,M20-04,2026-08-02 16:49:05
E1791,M20,12.9,2,50.0,320.0,136.53,4,虚拧,extended,WS-003,三号装配工位,WS-003,王芳,总装二车间,M20-04,2026-08-02 16:50:09
B0871,M20,8.8,0,20.0,320.0,170.06,2,过拧,benchmark,WS-003,三号装配工位,WS-003,王芳,总装二车间,M20-02,2026-08-02 16:50:45
E1646,M16,10.9,1,20.0,180.0,117.23,4,虚拧,extended,WS-002,二号装配工位,WS-002,李强,总装一车间,M16-04,2026-08-02 16:51:39
E0980,M24,10.9,1,20.0,520.0,144.43,2,过拧,extended,WS-004,四号装配工位,WS-004,刘洋,总装二车间,M24-05,2026-08-02 16:51:52
E1645,M12,8.8,0,-10.0,80.0,119.55,4,虚拧,extended,WS-001,一号装配工位,WS-001,张伟,总装一车间,M12-04,2026-08-02 16:52:45
B0205,M12,8.8,0,20.0,80.0,187.18,0,合格,benchmark,WS-001,一号装配工位,WS-001,张伟,总装一车间,M12-04,2026-08-02 16:56:02
E0355,M20,8.8,0,-10.0,320.0,121.35,0,合格,extended,WS-003,三号装配工位,WS-003,王芳,总装二车间,M20-05,2026-08-02 16:57:47
E0804,M24,12.9,2,50.0,520.0,180.06,1,欠拧,extended,WS-004,四号装配工位,WS-004,刘洋,总装二车间,M24-03,2026-08-02 16:59:41
B0798,M16,8.8,0,20.0,180.0,142.78,1,欠拧,benchmark,WS-002,二号装配工位,WS-002,李强,总装一车间,M16-02,2026-08-02 17:00:55
B0916,M24,8.8,0,20.0,520.0,176.55,2,过拧,benchmark,WS-004,四号装配工位,WS-004,刘洋,总装二车间,M24-01,2026-08-02 17:00:58
B0114,M16,8.8,0,20.0,180.0,122.2,0,合格,benchmark,WS-002,二号装配工位,WS-002,李强,总装一车间,M16-05,2026-08-02 17:02:30
B0905,M12,8.8,0,20.0,80.0,144.84,2,过拧,benchmark,WS-001,一号装配工位,WS-001,张伟,总装一车间,M12-05,2026-08-02 17:02:34
E1307,M20,10.9,1,20.0,320.0,157.91,3,滑牙,extended,WS-003,三号装配工位,WS-003,王芳,总装二车间,M20-03,2026-08-02 17:06:28
B0335,M20,8.8,0,20.0,320.0,170.72,0,合格,benchmark,WS-003,三号装配工位,WS-003,王芳,总装二车间,M20-06,2026-08-02 17:07:20
B0647,M20,8.8,0,20.0,320.0,161.48,0,合格,benchmark,WS-003,三号装配工位,WS-003,王芳,总装二车间,M20-06,2026-08-02 17:09:20
E0013,M12,8.8,0,-10.0,80.0,112.95,0,合格,extended,WS-001,一号装配工位,WS-001,张伟,总装一车间,M12-04,2026-08-02 17:10:23
E0320,M24,10.9,1,20.0,520.0,145.33,0,合格,extended,WS-004,四号装配工位,WS-004,刘洋,总装二车间,M24-02,2026-08-02 17:10:31
E0820,M24,8.8,0,-10.0,520.0,181.9,1,欠拧,extended,WS-004,四号装配工位,WS-004,刘洋,总装二车间,M24-01,2026-08-02 17:11:56
E1074,M16,12.9,2,50.0,180.0,158.13,2,过拧,extended,WS-002,二号装配工位,WS-002,李强,总装一车间,M16-05,2026-08-02 17:12:25
B0939,M20,8.8,0,20.0,320.0,192.09,2,过拧,benchmark,WS-003,三号装配工位,WS-003,王芳,总装二车间,M20-01,2026-08-02 17:14:21
E1530,M16,12.9,2,50.0,180.0,123.54,4,虚拧,extended,WS-002,二号装配工位,WS-002,李强,总装一车间,M16-05,2026-08-02 17:14:39
E0989,M12,10.9,1,20.0,80.0,137.73,2,过拧,extended,WS-001,一号装配工位,WS-001,张伟,总装一车间,M12-02,2026-08-02 17:14:52
E1382,M16,10.9,1,20.0,180.0,189.87,3,滑牙,extended,WS-002,二号装配工位,WS-002,李强,总装一车间,M16-04,2026-08-02 17:15:03
B0176,M24,8.8,0,20.0,520.0,142.83,0,合格,benchmark,WS-004,四号装配工位,WS-004,刘洋,总装二车间,M24-02,2026-08-02 17:15:18
B0612,M24,8.8,0,20.0,520.0,154.87,0,合格,benchmark,WS-004,四号装配工位,WS-004,刘洋,总装二车间,M24-03,2026-08-02 17:19:17
B0073,M12,8.8,0,20.0,80.0,123.16,0,合格,benchmark,WS-001,一号装配工位,WS-001,张伟,总装一车间,M12-01,2026-08-02 17:19:54
B0485,M12,8.8,0,20.0,80.0,157.96,0,合格,benchmark,WS-001,一号装配工位,WS-001,张伟,总装一车间,M12-02,2026-08-02 17:20:11
B0231,M20,8.8,0,20.0,320.0,130.48,0,合格,benchmark,WS-003,三号装配工位,WS-003,王芳,总装二车间,M20-04,2026-08-02 17:21:02
E1516,M24,8.8,0,-10.0,520.0,118.93,4,虚拧,extended,WS-004,四号装配工位,WS-004,刘洋,总装二车间,M24-01,2026-08-02 17:23:04
E1265,M12,10.9,1,20.0,80.0,134.1,3,滑牙,extended,WS-001,一号装配工位,WS-001,张伟,总装一车间,M12-05,2026-08-02 17:24:02
E1209,M12,12.9,2,50.0,80.0,155.57,3,滑牙,extended,WS-001,一号装配工位,WS-001,张伟,总装一车间,M12-03,2026-08-02 17:25:05
E0877,M12,8.8,0,-10.0,80.0,121.79,1,欠拧,extended,WS-001,一号装配工位,WS-001,张伟,总装一车间,M12-04,2026-08-02 17:26:04
E1154,M16,10.9,1,20.0,180.0,119.02,2,过拧,extended,WS-002,二号装配工位,WS-002,李强,总装一车间,M16-01,2026-08-02 17:27:24
E0048,M24,12.9,2,50.0,520.0,142.06,0,合格,extended,WS-004,四号装配工位,WS-004,刘洋,总装二车间,M24-06,2026-08-02 17:28:41
E0754,M16,8.8,0,-10.0,180.0,172.49,1,欠拧,extended,WS-002,二号装配工位,WS-002,李强,总装一车间,M16-03,2026-08-02 17:28:51
E1444,M24,8.8,0,-10.0,520.0,183.1,3,滑牙,extended,WS-004,四号装配工位,WS-004,刘洋,总装二车间,M24-01,2026-08-02 17:32:04
B0710,M16,8.8,0,20.0,180.0,126.46,1,欠拧,benchmark,WS-002,二号装配工位,WS-002,李强,总装一车间,M16-04,2026-08-02 17:33:03
B0054,M16,8.8,0,20.0,180.0,114.12,0,合格,benchmark,WS-002,二号装配工位,WS-002,李强,总装一车间,M16-02,2026-08-02 17:36:14
B1075,M20,8.8,0,20.0,320.0,168.06,3,滑牙,benchmark,WS-003,三号装配工位,WS-003,王芳,总装二车间,M20-05,2026-08-02 17:36:15
B0277,M12,8.8,0,20.0,80.0,153.67,0,合格,benchmark,WS-001,一号装配工位,WS-001,张伟,总装一车间,M12-04,2026-08-02 17:37:54
E0299,M20,10.9,1,20.0,320.0,166.23,0,合格,extended,WS-003,三号装配工位,WS-003,王芳,总装二车间,M20-03,2026-08-02 17:38:25
B0474,M16,8.8,0,20.0,180.0,151.32,0,合格,benchmark,WS-002,二号装配工位,WS-002,李强,总装一车间,M16-05,2026-08-02 17:39:05
E0568,M24,8.8,0,-10.0,520.0,182.08,0,合格,extended,WS-004,四号装配工位,WS-004,刘洋,总装二车间,M24-04,2026-08-02 17:40:12
E1327,M20,8.8,0,-10.0,320.0,181.12,3,滑牙,extended,WS-003,三号装配工位,WS-003,王芳,总装二车间,M20-02,2026-08-02 17:43:30
E0602,M16,10.9,1,20.0,180.0,174.63,1,欠拧,extended,WS-002,二号装配工位,WS-002,李强,总装一车间,M16-01,2026-08-02 17:43:33
E0768,M24,12.9,2,50.0,520.0,178.59,1,欠拧,extended,WS-004,四号装配工位,WS-004,刘洋,总装二车间,M24-06,2026-08-02 17:45:02
E0497,M12,10.9,1,20.0,80.0,139.64,0,合格,extended,WS-001,一号装配工位,WS-001,张伟,总装一车间,M12-05,2026-08-02 17:45:12
E1776,M24,12.9,2,50.0,520.0,125.94,4,虚拧,extended,WS-004,四号装配工位,WS-004,刘洋,总装二车间,M24-06,2026-08-02 17:46:06
B1102,M16,8.8,0,20.0,180.0,128.89,4,虚拧,benchmark,WS-002,二号装配工位,WS-002,李强,总装一车间,M16-06,2026-08-02 17:47:29
B0367,M20,8.8,0,20.0,320.0,135.08,0,合格,benchmark,WS-003,三号装配工位,WS-003,王芳,总装二车间,M20-02,2026-08-02 17:48:26
B0070,M16,8.8,0,20.0,180.0,180.75,0,合格,benchmark,WS-002,二号装配工位,WS-002,李强,总装一车间,M16-06,2026-08-02 17:48:28
E0512,M24,10.9,1,20.0,520.0,195.0,0,合格,extended,WS-004,四号装配工位,WS-004,刘洋,总装二车间,M24-02,2026-08-02 17:49:32
E1254,M16,12.9,2,50.0,180.0,135.34,3,滑牙,extended,WS-002,二号装配工位,WS-002,李强,总装一车间,M16-02,2026-08-02 17:50:12
E1349,M12,10.9,1,20.0,80.0,136.19,3,滑牙,extended,WS-001,一号装配工位,WS-001,张伟,总装一车间,M12-02,2026-08-02 17:51:07
E0231,M20,12.9,2,50.0,320.0,190.18,0,合格,extended,WS-003,三号装配工位,WS-003,王芳,总装二车间,M20-04,2026-08-02 17:51:35
B0124,M24,8.8,0,20.0,520.0,130.97,0,合格,benchmark,WS-004,四号装配工位,WS-004,刘洋,总装二车间,M24-01,2026-08-02 17:55:08
B0109,M12,8.8,0,20.0,80.0,184.99,0,合格,benchmark,WS-001,一号装配工位,WS-001,张伟,总装一车间,M12-04,2026-08-02 17:57:10
E1713,M12,12.9,2,50.0,80.0,141.11,4,虚拧,extended,WS-001,一号装配工位,WS-001,张伟,总装一车间,M12-03,2026-08-02 17:58:47
E0826,M16,8.8,0,-10.0,180.0,190.32,1,欠拧,extended,WS-002,二号装配工位,WS-002,李强,总装一车间,M16-03,2026-08-02 18:02:25
E0589,M12,8.8,0,-10.0,80.0,130.39,0,合格,extended,WS-001,一号装配工位,WS-001,张伟,总装一车间,M12-04,2026-08-02 18:02:50
E1195,M20,8.8,0,-10.0,320.0,182.96,2,过拧,extended,WS-003,三号装配工位,WS-003,王芳,总装二车间,M20-05,2026-08-02 18:04:01
B0290,M16,8.8,0,20.0,180.0,118.97,0,合格,benchmark,WS-002,二号装配工位,WS-002,李强,总装一车间,M16-01,2026-08-02 18:05:28
E1263,M20,12.9,2,50.0,320.0,169.04,3,滑牙,extended,WS-003,三号装配工位,WS-003,王芳,总装二车间,M20-04,2026-08-02 18:08:10
B0974,M16,8.8,0,20.0,180.0,112.23,3,滑牙,benchmark,WS-002,二号装配工位,WS-002,李强,总装一车间,M16-04,2026-08-02 18:08:15
B0944,M24,8.8,0,20.0,520.0,135.35,2,过拧,benchmark,WS-004,四号装配工位,WS-004,刘洋,总装二车间,M24-02,2026-08-02 18:08:24
E1259,M20,10.9,1,20.0,320.0,183.66,3,滑牙,extended,WS-003,三号装配工位,WS-003,王芳,总装二车间,M20-03,2026-08-02 18:10:33
B0519,M20,8.8,0,20.0,320.0,181.68,0,合格,benchmark,WS-003,三号装配工位,WS-003,王芳,总装二车间,M20-04,2026-08-02 18:13:49
E0341,M12,10.9,1,20.0,80.0,171.23,0,合格,extended,WS-001,一号装配工位,WS-001,张伟,总装一车间,M12-02,2026-08-02 18:14:10
E1780,M24,8.8,0,-10.0,520.0,160.13,4,虚拧,extended,WS-004,四号装配工位,WS-004,刘洋,总装二车间,M24-01,2026-08-02 18:14:25
B0076,M24,8.8,0,20.0,520.0,157.42,0,合格,benchmark,WS-004,四号装配工位,WS-004,刘洋,总装二车间,M24-01,2026-08-02 18:15:02
B0709,M12,8.8,0,20.0,80.0,119.06,1,欠拧,benchmark,WS-001,一号装配工位,WS-001,张伟,总装一车间,M12-04,2026-08-02 18:16:00
E1256,M24,10.9,1,20.0,520.0,178.07,3,滑牙,extended,WS-004,四号装配工位,WS-004,刘洋,总装二车间,M24-02,2026-08-02 18:16:42
E1039,M20,8.8,0,-10.0,320.0,136.67,2,过拧,extended,WS-003,三号装配工位,WS-003,王芳,总装二车间,M20-02,2026-08-02 18:17:05
E0220,M24,8.8,0,-10.0,520.0,149.52,0,合格,extended,WS-004,四号装配工位,WS-004,刘洋,总装二车间,M24-01,2026-08-02 18:17:25
B0973,M12,8.8,0,20.0,80.0,177.75,3,滑牙,benchmark,WS-001,一号装配工位,WS-001,张伟,总装一车间,M12-04,2026-08-02 18:21:49
E0002,M16,10.9,1,20.0,180.0,153.1,0,合格,extended,WS-002,二号装配工位,WS-002,李强,总装一车间,M16-01,2026-08-02 18:22:49
B0622,M16,8.8,0,20.0,180.0,153.56,0,合格,benchmark,WS-002,二号装配工位,WS-002,李强,总装一车间,M16-06,2026-08-02 18:24:25
E1760,M24,10.9,1,20.0,520.0,144.69,4,虚拧,extended,WS-004,四号装配工位,WS-004,刘洋,总装二车间,M24-02,2026-08-02 18:24:43
E0595,M20,8.8,0,-10.0,320.0,137.78,0,合格,extended,WS-003,三号装配工位,WS-003,王芳,总装二车间,M20-05,2026-08-02 18:25:10
B0785,M12,8.8,0,20.0,80.0,183.5,1,欠拧,benchmark,WS-001,一号装配工位,WS-001,张伟,总装一车间,M12-05,2026-08-02 18:25:42
E1569,M12,12.9,2,50.0,80.0,131.62,4,虚拧,extended,WS-001,一号装配工位,WS-001,张伟,总装一车间,M12-03,2026-08-02 18:27:14
E0599,M20,10.9,1,20.0,320.0,116.13,0,合格,extended,WS-003,三号装配工位,WS-003,王芳,总装二车间,M20-06,2026-08-02 18:28:42
B0768,M24,8.8,0,20.0,520.0,146.39,1,欠拧,benchmark,WS-004,四号装配工位,WS-004,刘洋,总装二车间,M24-06,2026-08-02 18:30:52
B1101,M12,8.8,0,20.0,80.0,159.91,4,虚拧,benchmark,WS-001,一号装配工位,WS-001,张伟,总装一车间,M12-06,2026-08-02 18:32:22
E0308,M24,10.9,1,20.0,520.0,193.32,0,合格,extended,WS-004,四号装配工位,WS-004,刘洋,总装二车间,M24-05,2026-08-02 18:33:00
E0978,M16,12.9,2,50.0,180.0,177.5,2,过拧,extended,WS-002,二号装配工位,WS-002,李强,总装一车间,M16-05,2026-08-02 18:36:13
B0644,M24,8.8,0,20.0,520.0,170.34,0,合格,benchmark,WS-004,四号装配工位,WS-004,刘洋,总装二车间,M24-05,2026-08-02 18:37:31
E0608,M24,10.9,1,20.0,520.0,164.52,1,欠拧,extended,WS-004,四号装配工位,WS-004,刘洋,总装二车间,M24-02,2026-08-02 18:40:02
E1486,M16,8.8,0,-10.0,180.0,195.0,3,滑牙,extended,WS-002,二号装配工位,WS-002,李强,总装一车间,M16-06,2026-08-02 18:41:13
E0732,M24,12.9,2,50.0,520.0,117.07,1,欠拧,extended,WS-004,四号装配工位,WS-004,刘洋,总装二车间,M24-03,2026-08-02 18:42:22
B0276,M24,8.8,0,20.0,520.0,126.37,0,合格,benchmark,WS-004,四号装配工位,WS-004,刘洋,总装二车间,M24-03,2026-08-02 18:43:33
B1146,M16,8.8,0,20.0,180.0,138.21,4,虚拧,benchmark,WS-002,二号装配工位,WS-002,李强,总装一车间,M16-05,2026-08-02 18:44:42
E0317,M12,10.9,1,20.0,80.0,113.61,0,合格,extended,WS-001,一号装配工位,WS-001,张伟,总装一车间,M12-02,2026-08-02 18:44:57
E1644,M24,12.9,2,50.0,520.0,142.42,4,虚拧,extended,WS-004,四号装配工位,WS-004,刘洋,总装二车间,M24-03,2026-08-02 18:46:17
E1216,M24,8.8,0,-10.0,520.0,169.59,3,滑牙,extended,WS-004,四号装配工位,WS-004,刘洋,总装二车间,M24-04,2026-08-02 19:00:20
E1758,M16,12.9,2,50.0,180.0,162.02,4,虚拧,extended,WS-002,二号装配工位,WS-002,李强,总装一车间,M16-02,2026-08-02 19:00:43
B0282,M16,8.8,0,20.0,180.0,182.3,0,合格,benchmark,WS-002,二号装配工位,WS-002,李强,总装一车间,M16-05,2026-08-02 19:02:21
B1031,M20,8.8,0,20.0,320.0,125.81,3,滑牙,benchmark,WS-003,三号装配工位,WS-003,王芳,总装二车间,M20-06,2026-08-02 19:06:15
B0729,M12,8.8,0,20.0,80.0,150.52,1,欠拧,benchmark,WS-001,一号装配工位,WS-001,张伟,总装一车间,M12-03,2026-08-02 19:08:59
B0444,M24,8.8,0,20.0,520.0,162.34,0,合格,benchmark,WS-004,四号装配工位,WS-004,刘洋,总装二车间,M24-03,2026-08-02 19:10:40
B0651,M20,8.8,0,20.0,320.0,185.0,0,合格,benchmark,WS-003,三号装配工位,WS-003,王芳,总装二车间,M20-01,2026-08-02 19:13:34
E0292,M24,8.8,0,-10.0,520.0,109.37,0,合格,extended,WS-004,四号装配工位,WS-004,刘洋,总装二车间,M24-01,2026-08-02 19:14:38
E0044,M24,10.9,1,20.0,520.0,164.4,0,合格,extended,WS-004,四号装配工位,WS-004,刘洋,总装二车间,M24-05,2026-08-02 19:15:30
E0956,M24,10.9,1,20.0,520.0,131.05,2,过拧,extended,WS-004,四号装配工位,WS-004,刘洋,总装二车间,M24-05,2026-08-02 19:16:02
B1116,M24,8.8,0,20.0,520.0,171.01,4,虚拧,benchmark,WS-004,四号装配工位,WS-004,刘洋,总装二车间,M24-03,2026-08-02 19:17:39
E0277,M12,8.8,0,-10.0,80.0,171.9,0,合格,extended,WS-001,一号装配工位,WS-001,张伟,总装一车间,M12-04,2026-08-02 19:19:00
E0718,M16,8.8,0,-10.0,180.0,174.16,1,欠拧,extended,WS-002,二号装配工位,WS-002,李强,总装一车间,M16-06,2026-08-02 19:19:25
B0284,M24,8.8,0,20.0,520.0,111.45,0,合格,benchmark,WS-004,四号装配工位,WS-004,刘洋,总装二车间,M24-05,2026-08-02 19:19:51
E1098,M16,12.9,2,50.0,180.0,179.82,2,过拧,extended,WS-002,二号装配工位,WS-002,李强,总装一车间,M16-05,2026-08-02 19:22:13
B0718,M16,8.8,0,20.0,180.0,115.86,1,欠拧,benchmark,WS-002,二号装配工位,WS-002,李强,总装一车间,M16-06,2026-08-02 19:26:06
E1539,M20,12.9,2,50.0,320.0,150.53,4,虚拧,extended,WS-003,三号装配工位,WS-003,王芳,总装二车间,M20-01,2026-08-02 19:26:34
B0235,M20,8.8,0,20.0,320.0,163.69,0,合格,benchmark,WS-003,三号装配工位,WS-003,王芳,总装二车间,M20-05,2026-08-02 19:28:44
B0563,M20,8.8,0,20.0,320.0,171.08,0,合格,benchmark,WS-003,三号装配工位,WS-003,王芳,总装二车间,M20-03,2026-08-02 19:30:07
B1120,M24,8.8,0,20.0,520.0,137.33,4,虚拧,benchmark,WS-004,四号装配工位,WS-004,刘洋,总装二车间,M24-04,2026-08-02 19:31:00
E1340,M24,10.9,1,20.0,520.0,157.4,3,滑牙,extended,WS-004,四号装配工位,WS-004,刘洋,总装二车间,M24-05,2026-08-02 19:32:39
E0349,M12,8.8,0,-10.0,80.0,190.53,0,合格,extended,WS-001,一号装配工位,WS-001,张伟,总装一车间,M12-04,2026-08-02 19:34:00
B0252,M24,8.8,0,20.0,520.0,177.97,0,合格,benchmark,WS-004,四号装配工位,WS-004,刘洋,总装二车间,M24-03,2026-08-02 19:34:02
B1018,M16,8.8,0,20.0,180.0,126.67,3,滑牙,benchmark,WS-002,二号装配工位,WS-002,李强,总装一车间,M16-03,2026-08-02 19:34:41
E1777,M12,8.8,0,-10.0,80.0,142.11,4,虚拧,extended,WS-001,一号装配工位,WS-001,张伟,总装一车间,M12-01,2026-08-02 19:35:42
E0319,M20,8.8,0,-10.0,320.0,150.02,0,合格,extended,WS-003,三号装配工位,WS-003,王芳,总装二车间,M20-02,2026-08-02 19:37:23
B0203,M20,8.8,0,20.0,320.0,133.91,0,合格,benchmark,WS-003,三号装配工位,WS-003,王芳,总装二车间,M20-03,2026-08-02 19:38:41
E0614,M16,10.9,1,20.0,180.0,157.1,1,欠拧,extended,WS-002,二号装配工位,WS-002,李强,总装一车间,M16-04,2026-08-02 19:40:35
B0185,M12,8.8,0,20.0,80.0,156.09,0,合格,benchmark,WS-001,一号装配工位,WS-001,张伟,总装一车间,M12-05,2026-08-02 19:41:06
E0153,M12,12.9,2,50.0,80.0,144.99,0,合格,extended,WS-001,一号装配工位,WS-001,张伟,总装一车间,M12-03,2026-08-02 19:41:51
E1442,M16,10.9,1,20.0,180.0,182.3,3,滑牙,extended,WS-002,二号装配工位,WS-002,李强,总装一车间,M16-01,2026-08-02 19:44:31
E1464,M24,12.9,2,50.0,520.0,151.39,3,滑牙,extended,WS-004,四号装配工位,WS-004,刘洋,总装二车间,M24-06,2026-08-02 19:45:16
E0811,M20,8.8,0,-10.0,320.0,126.25,1,欠拧,extended,WS-003,三号装配工位,WS-003,王芳,总装二车间,M20-05,2026-08-02 19:45:54
E0156,M24,12.9,2,50.0,520.0,158.2,0,合格,extended,WS-004,四号装配工位,WS-004,刘洋,总装二车间,M24-03,2026-08-02 19:46:40
B0183,M20,8.8,0,20.0,320.0,148.88,0,合格,benchmark,WS-003,三号装配工位,WS-003,王芳,总装二车间,M20-04,2026-08-02 19:48:27
E1748,M24,10.9,1,20.0,520.0,155.57,4,虚拧,extended,WS-004,四号装配工位,WS-004,刘洋,总装二车间,M24-05,2026-08-02 19:49:50
B0055,M20,8.8,0,20.0,320.0,189.8,0,合格,benchmark,WS-003,三号装配工位,WS-003,王芳,总装二车间,M20-02,2026-08-02 19:50:27
E1338,M16,12.9,2,50.0,180.0,165.75,3,滑牙,extended,WS-002,二号装配工位,WS-002,李强,总装一车间,M16-05,2026-08-02 19:54:07
B1162,M16,8.8,0,20.0,180.0,179.02,4,虚拧,benchmark,WS-002,二号装配工位,WS-002,李强,总装一车间,M16-03,2026-08-02 19:54:53
B0453,M12,8.8,0,20.0,80.0,119.99,0,合格,benchmark,WS-001,一号装配工位,WS-001,张伟,总装一车间,M12-06,2026-08-02 19:56:23
B0405,M12,8.8,0,20.0,80.0,142.9,0,合格,benchmark,WS-001,一号装配工位,WS-001,张伟,总装一车间,M12-06,2026-08-02 19:57:00
B0021,M12,8.8,0,20.0,80.0,170.11,0,合格,benchmark,WS-001,一号装配工位,WS-001,张伟,总装一车间,M12-06,2026-08-02 20:01:31
E1397,M12,10.9,1,20.0,80.0,112.23,3,滑牙,extended,WS-001,一号装配工位,WS-001,张伟,总装一车间,M12-02,2026-08-02 20:02:48
B0406,M16,8.8,0,20.0,180.0,166.6,0,合格,benchmark,WS-002,二号装配工位,WS-002,李强,总装一车间,M16-06,2026-08-02 20:03:12
E1054,M16,8.8,0,-10.0,180.0,161.82,2,过拧,extended,WS-002,二号装配工位,WS-002,李强,总装一车间,M16-06,2026-08-02 20:03:18
B0180,M24,8.8,0,20.0,520.0,165.62,0,合格,benchmark,WS-004,四号装配工位,WS-004,刘洋,总装二车间,M24-03,2026-08-02 20:04:30
B1053,M12,8.8,0,20.0,80.0,157.29,3,滑牙,benchmark,WS-001,一号装配工位,WS-001,张伟,总装一车间,M12-06,2026-08-02 20:07:32
E0537,M12,12.9,2,50.0,80.0,135.3,0,合格,extended,WS-001,一号装配工位,WS-001,张伟,总装一车间,M12-03,2026-08-02 20:12:26
B1091,M20,8.8,0,20.0,320.0,189.16,4,虚拧,benchmark,WS-003,三号装配工位,WS-003,王芳,总装二车间,M20-03,2026-08-02 20:12:32
E0179,M20,10.9,1,20.0,320.0,115.93,0,合格,extended,WS-003,三号装配工位,WS-003,王芳,总装二车间,M20-03,2026-08-02 20:13:26
B0667,M20,8.8,0,20.0,320.0,150.19,0,合格,benchmark,WS-003,三号装配工位,WS-003,王芳,总装二车间,M20-05,2026-08-02 20:14:16
B1008,M24,8.8,0,20.0,520.0,115.76,3,滑牙,benchmark,WS-004,四号装配工位,WS-004,刘洋,总装二车间,M24-06,2026-08-02 20:15:41
E1150,M16,8.8,0,-10.0,180.0,165.62,2,过拧,extended,WS-002,二号装配工位,WS-002,李强,总装一车间,M16-06,2026-08-02 20:18:03
E0567,M20,12.9,2,50.0,320.0,168.56,0,合格,extended,WS-003,三号装配工位,WS-003,王芳,总装二车间,M20-04,2026-08-02 20:18:29
B0556,M24,8.8,0,20.0,520.0,181.08,0,合格,benchmark,WS-004,四号装配工位,WS-004,刘洋,总装二车间,M24-01,2026-08-02 20:19:33
B0876,M24,8.8,0,20.0,520.0,185.39,2,过拧,benchmark,WS-004,四号装配工位,WS-004,刘洋,总装二车间,M24-03,2026-08-02 20:19:34
B1152,M24,8.8,0,20.0,520.0,150.15,4,虚拧,benchmark,WS-004,四号装配工位,WS-004,刘洋,总装二车间,M24-06,2026-08-02 20:20:41
B0159,M20,8.8,0,20.0,320.0,129.83,0,合格,benchmark,WS-003,三号装配工位,WS-003,王芳,总装二车间,M20-04,2026-08-02 20:21:40
B0629,M12,8.8,0,20.0,80.0,162.39,0,合格,benchmark,WS-001,一号装配工位,WS-001,张伟,总装一车间,M12-02,2026-08-02 20:21:49
E1485,M12,12.9,2,50.0,80.0,152.82,3,滑牙,extended,WS-001,一号装配工位,WS-001,张伟,总装一车间,M12-06,2026-08-02 20:23:05
B0115,M20,8.8,0,20.0,320.0,147.41,0,合格,benchmark,WS-003,三号装配工位,WS-003,王芳,总装二车间,M20-05,2026-08-02 20:24:13
B0420,M24,8.8,0,20.0,520.0,141.4,0,合格,benchmark,WS-004,四号装配工位,WS-004,刘洋,总装二车间,M24-03,2026-08-02 20:27:20
E1051,M20,8.8,0,-10.0,320.0,160.06,2,过拧,extended,WS-003,三号装配工位,WS-003,王芳,总装二车间,M20-05,2026-08-02 20:27:43
E1515,M20,12.9,2,50.0,320.0,147.38,4,虚拧,extended,WS-003,三号装配工位,WS-003,王芳,总装二车间,M20-01,2026-08-02 20:27:58
E0017,M12,10.9,1,20.0,80.0,165.8,0,合格,extended,WS-001,一号装配工位,WS-001,张伟,总装一车间,M12-05,2026-08-02 20:30:44
E0418,M16,8.8,0,-10.0,180.0,141.35,0,合格,extended,WS-002,二号装配工位,WS-002,李强,总装一车间,M16-03,2026-08-02 20:31:30
E1701,M12,12.9,2,50.0,80.0,141.02,4,虚拧,extended,WS-001,一号装配工位,WS-001,张伟,总装一车间,M12-06,2026-08-02 20:32:12
E0290,M16,10.9,1,20.0,180.0,121.86,0,合格,extended,WS-002,二号装配工位,WS-002,李强,总装一车间,M16-01,2026-08-02 20:35:16
E0041,M12,10.9,1,20.0,80.0,118.76,0,合格,extended,WS-001,一号装配工位,WS-001,张伟,总装一车间,M12-05,2026-08-02 20:35:20
E1752,M24,12.9,2,50.0,520.0,157.35,4,虚拧,extended,WS-004,四号装配工位,WS-004,刘洋,总装二车间,M24-06,2026-08-02 20:35:23
B1051,M20,8.8,0,20.0,320.0,186.66,3,滑牙,benchmark,WS-003,三号装配工位,WS-003,王芳,总装二车间,M20-05,2026-08-02 20:35:54
B0940,M24,8.8,0,20.0,520.0,164.69,2,过拧,benchmark,WS-004,四号装配工位,WS-004,刘洋,总装二车间,M24-01,2026-08-02 20:36:05
B0445,M12,8.8,0,20.0,80.0,141.16,0,合格,benchmark,WS-001,一号装配工位,WS-001,张伟,总装一车间,M12-04,2026-08-02 20:36:10
E0866,M16,10.9,1,20.0,180.0,114.28,1,欠拧,extended,WS-002,二号装配工位,WS-002,李强,总装一车间,M16-01,2026-08-02 20:38:35
B0897,M12,8.8,0,20.0,80.0,114.34,2,过拧,benchmark,WS-001,一号装配工位,WS-001,张伟,总装一车间,M12-03,2026-08-02 20:40:14
E1113,M12,12.9,2,50.0,80.0,164.35,2,过拧,extended,WS-001,一号装配工位,WS-001,张伟,总装一车间,M12-03,2026-08-02 20:43:19
E1543,M20,8.8,0,-10.0,320.0,126.93,4,虚拧,extended,WS-003,三号装配工位,WS-003,王芳,总装二车间,M20-02,2026-08-02 20:52:03
E1759,M20,8.8,0,-10.0,320.0,193.16,4,虚拧,extended,WS-003,三号装配工位,WS-003,王芳,总装二车间,M20-02,2026-08-02 20:54:25
E0242,M16,10.9,1,20.0,180.0,136.72,0,合格,extended,WS-002,二号装配工位,WS-002,李强,总装一车间,M16-01,2026-08-02 20:55:00
B1000,M24,8.8,0,20.0,520.0,108.19,3,滑牙,benchmark,WS-004,四号装配工位,WS-004,刘洋,总装二车间,M24-04,2026-08-02 20:55:02
B0017,M12,8.8,0,20.0,80.0,162.35,0,合格,benchmark,WS-001,一号装配工位,WS-001,张伟,总装一车间,M12-05,2026-08-02 20:57:08
E1611,M20,12.9,2,50.0,320.0,132.55,4,虚拧,extended,WS-003,三号装配工位,WS-003,王芳,总装二车间,M20-01,2026-08-02 20:58:29
B0608,M24,8.8,0,20.0,520.0,161.99,0,合格,benchmark,WS-004,四号装配工位,WS-004,刘洋,总装二车间,M24-02,2026-08-02 21:01:26
E0480,M24,12.9,2,50.0,520.0,112.74,0,合格,extended,WS-004,四号装配工位,WS-004,刘洋,总装二车间,M24-06,2026-08-02 21:02:59
E0096,M24,12.9,2,50.0,520.0,124.62,0,合格,extended,WS-004,四号装配工位,WS-004,刘洋,总装二车间,M24-06,2026-08-02 21:03:11
B0344,M24,8.8,0,20.0,520.0,137.84,0,合格,benchmark,WS-004,四号装配工位,WS-004,刘洋,总装二车间,M24-02,2026-08-02 21:05:02
E0007,M20,8.8,0,-10.0,320.0,144.62,0,合格,extended,WS-003,三号装配工位,WS-003,王芳,总装二车间,M20-02,2026-08-02 21:05:08
E0383,M20,10.9,1,20.0,320.0,155.03,0,合格,extended,WS-003,三号装配工位,WS-003,王芳,总装二车间,M20-06,2026-08-02 21:06:31
B0803,M20,8.8,0,20.0,320.0,142.08,1,欠拧,benchmark,WS-003,三号装配工位,WS-003,王芳,总装二车间,M20-03,2026-08-02 21:07:11
E1676,M24,10.9,1,20.0,520.0,164.53,4,虚拧,extended,WS-004,四号装配工位,WS-004,刘洋,总装二车间,M24-05,2026-08-02 21:08:03
B0549,M12,8.8,0,20.0,80.0,149.54,0,合格,benchmark,WS-001,一号装配工位,WS-001,张伟,总装一车间,M12-06,2026-08-02 21:09:06
E0260,M24,10.9,1,20.0,520.0,120.99,0,合格,extended,WS-004,四号装配工位,WS-004,刘洋,总装二车间,M24-05,2026-08-02 21:09:29
E1064,M24,10.9,1,20.0,520.0,164.89,2,过拧,extended,WS-004,四号装配工位,WS-004,刘洋,总装二车间,M24-02,2026-08-02 21:11:06
B1165,M12,8.8,0,20.0,80.0,139.39,4,虚拧,benchmark,WS-001,一号装配工位,WS-001,张伟,总装一车间,M12-04,2026-08-02 21:13:25
E0520,M24,8.8,0,-10.0,520.0,166.1,0,合格,extended,WS-004,四号装配工位,WS-004,刘洋,总装二车间,M24-04,2026-08-02 21:13:31
E0716,M24,10.9,1,20.0,520.0,158.37,1,欠拧,extended,WS-004,四号装配工位,WS-004,刘洋,总装二车间,M24-05,2026-08-02 21:16:17
B0717,M12,8.8,0,20.0,80.0,114.13,1,欠拧,benchmark,WS-001,一号装配工位,WS-001,张伟,总装一车间,M12-06,2026-08-02 21:16:29
B0366,M16,8.8,0,20.0,180.0,136.29,0,合格,benchmark,WS-002,二号装配工位,WS-002,李强,总装一车间,M16-02,2026-08-02 21:21:28
B1015,M20,8.8,0,20.0,320.0,122.36,3,滑牙,benchmark,WS-003,三号装配工位,WS-003,王芳,总装二车间,M20-02,2026-08-02 21:23:20
E0933,M12,12.9,2,50.0,80.0,178.16,2,过拧,extended,WS-001,一号装配工位,WS-001,张伟,总装一车间,M12-06,2026-08-02 21:24:13
E1750,M16,8.8,0,-10.0,180.0,182.89,4,虚拧,extended,WS-002,二号装配工位,WS-002,李强,总装一车间,M16-06,2026-08-02 21:24:27
E0486,M16,12.9,2,50.0,180.0,141.68,0,合格,extended,WS-002,二号装配工位,WS-002,李强,总装一车间,M16-02,2026-08-02 21:27:23
B1010,M16,8.8,0,20.0,180.0,115.48,3,滑牙,benchmark,WS-002,二号装配工位,WS-002,李强,总装一车间,M16-01,2026-08-02 21:27:35
E1514,M16,10.9,1,20.0,180.0,136.44,4,虚拧,extended,WS-002,二号装配工位,WS-002,李强,总装一车间,M16-01,2026-08-02 21:28:22
B0701,M12,8.8,0,20.0,80.0,155.88,1,欠拧,benchmark,WS-001,一号装配工位,WS-001,张伟,总装一车间,M12-02,2026-08-02 21:28:45
B0296,M24,8.8,0,20.0,520.0,125.85,0,合格,benchmark,WS-004,四号装配工位,WS-004,刘洋,总装二车间,M24-02,2026-08-02 21:29:18
E0649,M12,8.8,0,-10.0,80.0,120.59,1,欠拧,extended,WS-001,一号装配工位,WS-001,张伟,总装一车间,M12-01,2026-08-02 21:30:42
B0449,M12,8.8,0,20.0,80.0,135.75,0,合格,benchmark,WS-001,一号装配工位,WS-001,张伟,总装一车间,M12-05,2026-08-02 21:30:49
E1277,M12,10.9,1,20.0,80.0,145.94,3,滑牙,extended,WS-001,一号装配工位,WS-001,张伟,总装一车间,M12-02,2026-08-02 21:32:37
E1232,M24,10.9,1,20.0,520.0,133.74,3,滑牙,extended,WS-004,四号装配工位,WS-004,刘洋,总装二车间,M24-02,2026-08-02 21:34:41
E0600,M24,12.9,2,50.0,520.0,128.29,0,合格,extended,WS-004,四号装配工位,WS-004,刘洋,总装二车间,M24-06,2026-08-02 21:35:05
E1577,M12,10.9,1,20.0,80.0,138.3,4,虚拧,extended,WS-001,一号装配工位,WS-001,张伟,总装一车间,M12-05,2026-08-02 21:35:24
E1532,M24,10.9,1,20.0,520.0,150.44,4,虚拧,extended,WS-004,四号装配工位,WS-004,刘洋,总装二车间,M24-05,2026-08-02 21:36:07
B0893,M12,8.8,0,20.0,80.0,136.73,2,过拧,benchmark,WS-001,一号装配工位,WS-001,张伟,总装一车间,M12-02,2026-08-02 21:37:25
B0712,M24,8.8,0,20.0,520.0,125.5,1,欠拧,benchmark,WS-004,四号装配工位,WS-004,刘洋,总装二车间,M24-04,2026-08-02 21:37:46
B0679,M20,8.8,0,20.0,320.0,157.66,0,合格,benchmark,WS-003,三号装配工位,WS-003,王芳,总装二车间,M20-02,2026-08-02 21:40:20
B0578,M16,8.8,0,20.0,180.0,150.6,0,合格,benchmark,WS-002,二号装配工位,WS-002,李强,总装一车间,M16-01,2026-08-02 21:42:36
E0659,M20,10.9,1,20.0,320.0,167.67,1,欠拧,extended,WS-003,三号装配工位,WS-003,王芳,总装二车间,M20-03,2026-08-02 21:43:48
E0111,M20,12.9,2,50.0,320.0,145.11,0,合格,extended,WS-003,三号装配工位,WS-003,王芳,总装二车间,M20-04,2026-08-02 21:44:30
B1074,M16,8.8,0,20.0,180.0,158.77,3,滑牙,benchmark,WS-002,二号装配工位,WS-002,李强,总装一车间,M16-05,2026-08-02 21:48:22
E1289,M12,10.9,1,20.0,80.0,148.64,3,滑牙,extended,WS-001,一号装配工位,WS-001,张伟,总装一车间,M12-05,2026-08-02 21:48:40
E0465,M12,12.9,2,50.0,80.0,190.12,0,合格,extended,WS-001,一号装配工位,WS-001,张伟,总装一车间,M12-03,2026-08-02 21:49:06
E0829,M12,8.8,0,-10.0,80.0,188.02,1,欠拧,extended,WS-001,一号装配工位,WS-001,张伟,总装一车间,M12-04,2026-08-02 21:50:25
B1195,M20,8.8,0,20.0,320.0,131.64,4,虚拧,benchmark,WS-003,三号装配工位,WS-003,王芳,总装二车间,M20-05,2026-08-02 21:51:34
E1318,M16,8.8,0,-10.0,180.0,142.88,3,滑牙,extended,WS-002,二号装配工位,WS-002,李强,总装一车间,M16-06,2026-08-02 21:52:34
E1409,M12,10.9,1,20.0,80.0,160.1,3,滑牙,extended,WS-001,一号装配工位,WS-001,张伟,总装一车间,M12-05,2026-08-02 21:53:06
B0997,M12,8.8,0,20.0,80.0,179.82,3,滑牙,benchmark,WS-001,一号装配工位,WS-001,张伟,总装一车间,M12-04,2026-08-02 21:53:56
B0011,M20,8.8,0,20.0,320.0,145.2,0,合格,benchmark,WS-003,三号装配工位,WS-003,王芳,总装二车间,M20-03,2026-08-02 21:54:23
E0757,M12,8.8,0,-10.0,80.0,114.83,1,欠拧,extended,WS-001,一号装配工位,WS-001,张伟,总装一车间,M12-04,2026-08-02 22:03:41
E0192,M24,12.9,2,50.0,520.0,148.33,0,合格,extended,WS-004,四号装配工位,WS-004,刘洋,总装二车间,M24-06,2026-08-02 22:07:37
B0995,M20,8.8,0,20.0,320.0,131.26,3,滑牙,benchmark,WS-003,三号装配工位,WS-003,王芳,总装二车间,M20-03,2026-08-02 22:08:08
E0301,M12,8.8,0,-10.0,80.0,107.86,0,合格,extended,WS-001,一号装配工位,WS-001,张伟,总装一车间,M12-04,2026-08-02 22:08:27
E0720,M24,12.9,2,50.0,520.0,128.38,1,欠拧,extended,WS-004,四号装配工位,WS-004,刘洋,总装二车间,M24-06,2026-08-02 22:08:30
E1211,M20,10.9,1,20.0,320.0,113.3,3,滑牙,extended,WS-003,三号装配工位,WS-003,王芳,总装二车间,M20-03,2026-08-02 22:11:49
E0099,M20,12.9,2,50.0,320.0,177.16,0,合格,extended,WS-003,三号装配工位,WS-003,王芳,总装二车间,M20-01,2026-08-02 22:12:14
B0488,M24,8.8,0,20.0,520.0,168.48,0,合格,benchmark,WS-004,四号装配工位,WS-004,刘洋,总装二车间,M24-02,2026-08-02 22:12:55
E1339,M20,8.8,0,-10.0,320.0,148.91,3,滑牙,extended,WS-003,三号装配工位,WS-003,王芳,总装二车间,M20-05,2026-08-02 22:13:14
E0702,M16,12.9,2,50.0,180.0,152.68,1,欠拧,extended,WS-002,二号装配工位,WS-002,李强,总装一车间,M16-02,2026-08-02 22:13:16
B0507,M20,8.8,0,20.0,320.0,158.21,0,合格,benchmark,WS-003,三号装配工位,WS-003,王芳,总装二车间,M20-01,2026-08-02 22:13:59
E0791,M20,10.9,1,20.0,320.0,161.59,1,欠拧,extended,WS-003,三号装配工位,WS-003,王芳,总装二车间,M20-06,2026-08-02 22:14:02
E1749,M12,12.9,2,50.0,80.0,121.55,4,虚拧,extended,WS-001,一号装配工位,WS-001,张伟,总装一车间,M12-06,2026-08-02 22:14:15
B1147,M20,8.8,0,20.0,320.0,109.55,4,虚拧,benchmark,WS-003,三号装配工位,WS-003,王芳,总装二车间,M20-05,2026-08-02 22:15:25
B1164,M24,8.8,0,20.0,520.0,182.96,4,虚拧,benchmark,WS-004,四号装配工位,WS-004,刘洋,总装二车间,M24-03,2026-08-02 22:15:41
E0848,M24,10.9,1,20.0,520.0,135.65,1,欠拧,extended,WS-004,四号装配工位,WS-004,刘洋,总装二车间,M24-02,2026-08-02 22:15:42
E0758,M16,10.9,1,20.0,180.0,177.67,1,欠拧,extended,WS-002,二号装配工位,WS-002,李强,总装一车间,M16-04,2026-08-02 22:17:44
E1393,M12,8.8,0,-10.0,80.0,137.89,3,滑牙,extended,WS-001,一号装配工位,WS-001,张伟,总装一车间,M12-01,2026-08-02 22:18:51
B0747,M20,8.8,0,20.0,320.0,129.39,1,欠拧,benchmark,WS-003,三号装配工位,WS-003,王芳,总装二车间,M20-01,2026-08-02 22:19:05
E1407,M20,12.9,2,50.0,320.0,177.79,3,滑牙,extended,WS-003,三号装配工位,WS-003,王芳,总装二车间,M20-04,2026-08-02 22:20:06
E0469,M12,8.8,0,-10.0,80.0,156.55,0,合格,extended,WS-001,一号装配工位,WS-001,张伟,总装一车间,M12-04,2026-08-02 22:21:04
B0656,M24,8.8,0,20.0,520.0,163.0,0,合格,benchmark,WS-004,四号装配工位,WS-004,刘洋,总装二车间,M24-02,2026-08-02 22:21:21
B0351,M20,8.8,0,20.0,320.0,138.12,0,合格,benchmark,WS-003,三号装配工位,WS-003,王芳,总装二车间,M20-04,2026-08-02 22:23:14
E0353,M12,10.9,1,20.0,80.0,120.01,0,合格,extended,WS-001,一号装配工位,WS-001,张伟,总装一车间,M12-05,2026-08-02 22:23:38
E0135,M20,12.9,2,50.0,320.0,184.28,0,合格,extended,WS-003,三号装配工位,WS-003,王芳,总装二车间,M20-04,2026-08-02 22:25:04
E1110,M16,12.9,2,50.0,180.0,180.63,2,过拧,extended,WS-002,二号装配工位,WS-002,李强,总装一车间,M16-02,2026-08-02 22:26:11
E0525,M12,12.9,2,50.0,80.0,114.87,0,合格,extended,WS-001,一号装配工位,WS-001,张伟,总装一车间,M12-06,2026-08-02 22:26:37
E0141,M12,12.9,2,50.0,80.0,167.31,0,合格,extended,WS-001,一号装配工位,WS-001,张伟,总装一车间,M12-06,2026-08-02 22:27:36
E1566,M16,12.9,2,50.0,180.0,110.76,4,虚拧,extended,WS-002,二号装配工位,WS-002,李强,总装一车间,M16-02,2026-08-02 22:29:28
E0701,M12,10.9,1,20.0,80.0,117.6,1,欠拧,extended,WS-001,一号装配工位,WS-001,张伟,总装一车间,M12-02,2026-08-02 22:30:37
E1594,M16,8.8,0,-10.0,180.0,190.89,4,虚拧,extended,WS-002,二号装配工位,WS-002,李强,总装一车间,M16-03,2026-08-02 22:30:45
B0648,M24,8.8,0,20.0,520.0,148.07,0,合格,benchmark,WS-004,四号装配工位,WS-004,刘洋,总装二车间,M24-06,2026-08-02 22:33:04
B0606,M16,8.8,0,20.0,180.0,170.68,0,合格,benchmark,WS-002,二号装配工位,WS-002,李强,总装一车间,M16-02,2026-08-02 22:35:48
E0436,M24,8.8,0,-10.0,520.0,144.73,0,合格,extended,WS-004,四号装配工位,WS-004,刘洋,总装二车间,M24-01,2026-08-02 22:36:23
E1466,M16,10.9,1,20.0,180.0,125.36,3,滑牙,extended,WS-002,二号装配工位,WS-002,李强,总装一车间,M16-01,2026-08-02 22:37:37
B0561,M12,8.8,0,20.0,80.0,180.86,0,合格,benchmark,WS-001,一号装配工位,WS-001,张伟,总装一车间,M12-03,2026-08-02 22:37:44
E0722,M16,10.9,1,20.0,180.0,166.51,1,欠拧,extended,WS-002,二号装配工位,WS-002,李强,总装一车间,M16-01,2026-08-02 22:37:58
E1696,M24,8.8,0,-10.0,520.0,130.44,4,虚拧,extended,WS-004,四号装配工位,WS-004,刘洋,总装二车间,M24-04,2026-08-02 22:40:47
B0931,M20,8.8,0,20.0,320.0,177.13,2,过拧,benchmark,WS-003,三号装配工位,WS-003,王芳,总装二车间,M20-05,2026-08-02 22:42:12
E1151,M20,10.9,1,20.0,320.0,117.2,2,过拧,extended,WS-003,三号装配工位,WS-003,王芳,总装二车间,M20-06,2026-08-02 22:47:34
E1136,M24,10.9,1,20.0,520.0,178.71,2,过拧,extended,WS-004,四号装配工位,WS-004,刘洋,总装二车间,M24-02,2026-08-02 22:48:13
E0939,M20,12.9,2,50.0,320.0,139.27,2,过拧,extended,WS-003,三号装配工位,WS-003,王芳,总装二车间,M20-01,2026-08-02 22:49:31
B1140,M24,8.8,0,20.0,520.0,127.33,4,虚拧,benchmark,WS-004,四号装配工位,WS-004,刘洋,总装二车间,M24-03,2026-08-02 22:50:45
B0877,M12,8.8,0,20.0,80.0,107.48,2,过拧,benchmark,WS-001,一号装配工位,WS-001,张伟,总装一车间,M12-04,2026-08-02 22:52:06
B0539,M20,8.8,0,20.0,320.0,168.55,0,合格,benchmark,WS-003,三号装配工位,WS-003,王芳,总装二车间,M20-03,2026-08-02 22:54:01
E0059,M20,10.9,1,20.0,320.0,162.25,0,合格,extended,WS-003,三号装配工位,WS-003,王芳,总装二车间,M20-03,2026-08-02 22:54:34
E1724,M24,10.9,1,20.0,520.0,177.95,4,虚拧,extended,WS-004,四号装配工位,WS-004,刘洋,总装二车间,M24-05,2026-08-02 22:54:51
E1621,M12,8.8,0,-10.0,80.0,130.42,4,虚拧,extended,WS-001,一号装配工位,WS-001,张伟,总装一车间,M12-04,2026-08-02 22:56:13
E0180,M24,12.9,2,50.0,520.0,131.16,0,合格,extended,WS-004,四号装配工位,WS-004,刘洋,总装二车间,M24-03,2026-08-02 22:56:30
B0927,M20,8.8,0,20.0,320.0,110.92,2,过拧,benchmark,WS-003,三号装配工位,WS-003,王芳,总装二车间,M20-04,2026-08-02 22:58:14
E0918,M16,12.9,2,50.0,180.0,151.69,2,过拧,extended,WS-002,二号装配工位,WS-002,李强,总装一车间,M16-02,2026-08-02 23:01:46
B0289,M12,8.8,0,20.0,80.0,180.42,0,合格,benchmark,WS-001,一号装配工位,WS-001,张伟,总装一车间,M12-01,2026-08-02 23:02:29
E0648,M24,12.9,2,50.0,520.0,178.84,1,欠拧,extended,WS-004,四号装配工位,WS-004,刘洋,总装二车间,M24-06,2026-08-02 23:03:00
B0305,M12,8.8,0,20.0,80.0,173.02,0,合格,benchmark,WS-001,一号装配工位,WS-001,张伟,总装一车间,M12-05,2026-08-02 23:05:00
B0917,M12,8.8,0,20.0,80.0,146.49,2,过拧,benchmark,WS-001,一号装配工位,WS-001,张伟,总装一车间,M12-02,2026-08-02 23:05:48
E1636,M24,8.8,0,-10.0,520.0,136.88,4,虚拧,extended,WS-004,四号装配工位,WS-004,刘洋,总装二车间,M24-01,2026-08-02 23:07:54
E0937,M12,8.8,0,-10.0,80.0,154.78,2,过拧,extended,WS-001,一号装配工位,WS-001,张伟,总装一车间,M12-01,2026-08-02 23:12:07
B0789,M12,8.8,0,20.0,80.0,166.5,1,欠拧,benchmark,WS-001,一号装配工位,WS-001,张伟,总装一车间,M12-06,2026-08-02 23:12:16
E0954,M16,12.9,2,50.0,180.0,148.49,2,过拧,extended,WS-002,二号装配工位,WS-002,李强,总装一车间,M16-05,2026-08-02 23:12:26
B0807,M20,8.8,0,20.0,320.0,151.91,1,欠拧,benchmark,WS-003,三号装配工位,WS-003,王芳,总装二车间,M20-04,2026-08-02 23:13:58
B0295,M20,8.8,0,20.0,320.0,144.94,0,合格,benchmark,WS-003,三号装配工位,WS-003,王芳,总装二车间,M20-02,2026-08-02 23:14:25
E1575,M20,12.9,2,50.0,320.0,189.31,4,虚拧,extended,WS-003,三号装配工位,WS-003,王芳,总装二车间,M20-04,2026-08-02 23:14:54
B0029,M12,8.8,0,20.0,80.0,109.8,0,合格,benchmark,WS-001,一号装配工位,WS-001,张伟,总装一车间,M12-02,2026-08-02 23:16:15
E1143,M20,12.9,2,50.0,320.0,186.58,2,过拧,extended,WS-003,三号装配工位,WS-003,王芳,总装二车间,M20-04,2026-08-02 23:16:58
E1634,M16,10.9,1,20.0,180.0,177.84,4,虚拧,extended,WS-002,二号装配工位,WS-002,李强,总装一车间,M16-01,2026-08-02 23:17:19
E0919,M20,8.8,0,-10.0,320.0,178.7,2,过拧,extended,WS-003,三号装配工位,WS-003,王芳,总装二车间,M20-02,2026-08-02 23:18:34
B0057,M12,8.8,0,20.0,80.0,120.0,0,合格,benchmark,WS-001,一号装配工位,WS-001,张伟,总装一车间,M12-03,2026-08-02 23:21:10
B0331,M20,8.8,0,20.0,320.0,115.92,0,合格,benchmark,WS-003,三号装配工位,WS-003,王芳,总装二车间,M20-05,2026-08-02 23:22:11
B0229,M12,8.8,0,20.0,80.0,177.11,0,合格,benchmark,WS-001,一号装配工位,WS-001,张伟,总装一车间,M12-04,2026-08-02 23:22:38
B0983,M20,8.8,0,20.0,320.0,181.14,3,滑牙,benchmark,WS-003,三号装配工位,WS-003,王芳,总装二车间,M20-06,2026-08-02 23:23:11
E0377,M12,10.9,1,20.0,80.0,179.3,0,合格,extended,WS-001,一号装配工位,WS-001,张伟,总装一车间,M12-05,2026-08-02 23:28:06
B0879,M20,8.8,0,20.0,320.0,186.67,2,过拧,benchmark,WS-003,三号装配工位,WS-003,王芳,总装二车间,M20-04,2026-08-02 23:28:31
B0992,M24,8.8,0,20.0,520.0,131.43,3,滑牙,benchmark,WS-004,四号装配工位,WS-004,刘洋,总装二车间,M24-02,2026-08-02 23:32:18
E0123,M20,12.9,2,50.0,320.0,171.96,0,合格,extended,WS-003,三号装配工位,WS-003,王芳,总装二车间,M20-01,2026-08-02 23:34:33
E1204,M24,8.8,0,-10.0,520.0,136.97,3,滑牙,extended,WS-004,四号装配工位,WS-004,刘洋,总装二车间,M24-01,2026-08-02 23:39:55
E0297,M12,12.9,2,50.0,80.0,175.63,0,合格,extended,WS-001,一号装配工位,WS-001,张伟,总装一车间,M12-03,2026-08-02 23:41:00
E1052,M24,10.9,1,20.0,520.0,181.43,2,过拧,extended,WS-004,四号装配工位,WS-004,刘洋,总装二车间,M24-05,2026-08-02 23:45:26
E0797,M12,10.9,1,20.0,80.0,186.14,1,欠拧,extended,WS-001,一号装配工位,WS-001,张伟,总装一车间,M12-02,2026-08-02 23:47:23
E0640,M24,8.8,0,-10.0,520.0,135.95,1,欠拧,extended,WS-004,四号装配工位,WS-004,刘洋,总装二车间,M24-04,2026-08-02 23:48:31
B0762,M16,8.8,0,20.0,180.0,111.08,1,欠拧,benchmark,WS-002,二号装配工位,WS-002,李强,总装一车间,M16-05,2026-08-02 23:48:55
B0655,M20,8.8,0,20.0,320.0,122.63,0,合格,benchmark,WS-003,三号装配工位,WS-003,王芳,总装二车间,M20-02,2026-08-02 23:49:07
E0022,M16,8.8,0,-10.0,180.0,134.18,0,合格,extended,WS-002,二号装配工位,WS-002,李强,总装一车间,M16-06,2026-08-02 23:49:24
E1135,M20,8.8,0,-10.0,320.0,120.46,2,过拧,extended,WS-003,三号装配工位,WS-003,王芳,总装二车间,M20-02,2026-08-02 23:49:38
E0425,M12,10.9,1,20.0,80.0,193.24,0,合格,extended,WS-001,一号装配工位,WS-001,张伟,总装一车间,M12-05,2026-08-02 23:50:30
E0464,M24,10.9,1,20.0,520.0,160.61,0,合格,extended,WS-004,四号装配工位,WS-004,刘洋,总装二车间,M24-02,2026-08-02 23:51:17
B0132,M24,8.8,0,20.0,520.0,160.89,0,合格,benchmark,WS-004,四号装配工位,WS-004,刘洋,总装二车间,M24-03,2026-08-02 23:51:27
B0308,M24,8.8,0,20.0,520.0,154.65,0,合格,benchmark,WS-004,四号装配工位,WS-004,刘洋,总装二车间,M24-05,2026-08-02 23:53:26
E1386,M16,12.9,2,50.0,180.0,154.85,3,滑牙,extended,WS-002,二号装配工位,WS-002,李强,总装一车间,M16-05,2026-08-02 23:55:00
E0738,M16,12.9,2,50.0,180.0,115.12,1,欠拧,extended,WS-002,二号装配工位,WS-002,李强,总装一车间,M16-05,2026-08-02 23:55:04
B0034,M16,8.8,0,20.0,180.0,164.67,0,合格,benchmark,WS-002,二号装配工位,WS-002,李强,总装一车间,M16-03,2026-08-02 23:55:48
E0165,M12,12.9,2,50.0,80.0,120.96,0,合格,extended,WS-001,一号装配工位,WS-001,张伟,总装一车间,M12-06,2026-08-02 23:56:46
B0330,M16,8.8,0,20.0,180.0,164.96,0,合格,benchmark,WS-002,二号装配工位,WS-002,李强,总装一车间,M16-05,2026-08-02 23:56:57
B0755,M20,8.8,0,20.0,320.0,139.05,1,欠拧,benchmark,WS-003,三号装配工位,WS-003,王芳,总装二车间,M20-03,2026-08-02 23:57:39
B0456,M24,8.8,0,20.0,520.0,178.28,0,合格,benchmark,WS-004,四号装配工位,WS-004,刘洋,总装二车间,M24-06,2026-08-02 23:58:27
E0058,M16,8.8,0,-10.0,180.0,147.54,0,合格,extended,WS-002,二号装配工位,WS-002,李强,总装一车间,M16-03,2026-08-02 23:59:35
B0113,M12,8.8,0,20.0,80.0,112.65,0,合格,benchmark,WS-001,一号装配工位,WS-001,张伟,总装一车间,M12-05,2026-08-03 00:00:23
E0831,M20,12.9,2,50.0,320.0,117.05,1,欠拧,extended,WS-003,三号装配工位,WS-003,王芳,总装二车间,M20-04,2026-08-03 00:01:01
B1084,M24,8.8,0,20.0,520.0,171.5,4,虚拧,benchmark,WS-004,四号装配工位,WS-004,刘洋,总装二车间,M24-01,2026-08-03 00:01:47
B1129,M12,8.8,0,20.0,80.0,130.48,4,虚拧,benchmark,WS-001,一号装配工位,WS-001,张伟,总装一车间,M12-01,2026-08-03 00:02:40
E0365,M12,10.9,1,20.0,80.0,131.04,0,合格,extended,WS-001,一号装配工位,WS-001,张伟,总装一车间,M12-02,2026-08-03 00:05:57
B0158,M16,8.8,0,20.0,180.0,165.39,0,合格,benchmark,WS-002,二号装配工位,WS-002,李强,总装一车间,M16-04,2026-08-03 00:06:22
B1003,M20,8.8,0,20.0,320.0,163.79,3,滑牙,benchmark,WS-003,三号装配工位,WS-003,王芳,总装二车间,M20-05,2026-08-03 00:11:55
E0775,M20,8.8,0,-10.0,320.0,132.12,1,欠拧,extended,WS-003,三号装配工位,WS-003,王芳,总装二车间,M20-02,2026-08-03 00:15:31
B0134,M16,8.8,0,20.0,180.0,141.79,0,合格,benchmark,WS-002,二号装配工位,WS-002,李强,总装一车间,M16-04,2026-08-03 00:15:46
E0187,M20,8.8,0,-10.0,320.0,169.49,0,合格,extended,WS-003,三号装配工位,WS-003,王芳,总装二车间,M20-05,2026-08-03 00:21:13
E1226,M16,10.9,1,20.0,180.0,154.05,3,滑牙,extended,WS-002,二号装配工位,WS-002,李强,总装一车间,M16-01,2026-08-03 00:24:29
E0212,M24,10.9,1,20.0,520.0,129.55,0,合格,extended,WS-004,四号装配工位,WS-004,刘洋,总装二车间,M24-05,2026-08-03 00:25:38
E0862,M16,8.8,0,-10.0,180.0,135.01,1,欠拧,extended,WS-002,二号装配工位,WS-002,李强,总装一车间,M16-06,2026-08-03 00:27:03
E0234,M16,12.9,2,50.0,180.0,161.08,0,合格,extended,WS-002,二号装配工位,WS-002,李强,总装一车间,M16-05,2026-08-03 00:28:34
E1434,M16,12.9,2,50.0,180.0,113.82,3,滑牙,extended,WS-002,二号装配工位,WS-002,李强,总装一车间,M16-05,2026-08-03 00:30:43
E1404,M24,12.9,2,50.0,520.0,134.15,3,滑牙,extended,WS-004,四号装配工位,WS-004,刘洋,总装二车间,M24-03,2026-08-03 00:30:44
E1683,M20,12.9,2,50.0,320.0,178.18,4,虚拧,extended,WS-003,三号装配工位,WS-003,王芳,总装二车间,M20-01,2026-08-03 00:32:09
E1236,M24,12.9,2,50.0,520.0,117.71,3,滑牙,extended,WS-004,四号装配工位,WS-004,刘洋,总装二车间,M24-03,2026-08-03 00:36:53
E1488,M24,12.9,2,50.0,520.0,112.19,3,滑牙,extended,WS-004,四号装配工位,WS-004,刘洋,总装二车间,M24-06,2026-08-03 00:38:10
B0079,M20,8.8,0,20.0,320.0,122.75,0,合格,benchmark,WS-003,三号装配工位,WS-003,王芳,总装二车间,M20-02,2026-08-03 00:38:38
B0706,M16,8.8,0,20.0,180.0,177.02,1,欠拧,benchmark,WS-002,二号装配工位,WS-002,李强,总装一车间,M16-03,2026-08-03 00:40:35
E1456,M24,8.8,0,-10.0,520.0,123.6,3,滑牙,extended,WS-004,四号装配工位,WS-004,刘洋,总装二车间,M24-04,2026-08-03 00:41:08
B0126,M16,8.8,0,20.0,180.0,167.75,0,合格,benchmark,WS-002,二号装配工位,WS-002,李强,总装一车间,M16-02,2026-08-03 00:41:49
B1029,M12,8.8,0,20.0,80.0,183.02,3,滑牙,benchmark,WS-001,一号装配工位,WS-001,张伟,总装一车间,M12-06,2026-08-03 00:42:04
B0131,M20,8.8,0,20.0,320.0,180.33,0,合格,benchmark,WS-003,三号装配工位,WS-003,王芳,总装二车间,M20-03,2026-08-03 00:42:24
B0980,M24,8.8,0,20.0,520.0,120.85,3,滑牙,benchmark,WS-004,四号装配工位,WS-004,刘洋,总装二车间,M24-05,2026-08-03 00:44:08
E1202,M16,10.9,1,20.0,180.0,155.77,3,滑牙,extended,WS-002,二号装配工位,WS-002,李强,总装一车间,M16-01,2026-08-03 00:46:56
B1189,M12,8.8,0,20.0,80.0,113.86,4,虚拧,benchmark,WS-001,一号装配工位,WS-001,张伟,总装一车间,M12-04,2026-08-03 00:47:23
E0472,M24,8.8,0,-10.0,520.0,140.57,0,合格,extended,WS-004,四号装配工位,WS-004,刘洋,总装二车间,M24-04,2026-08-03 00:49:10
B0437,M12,8.8,0,20.0,80.0,110.63,0,合格,benchmark,WS-001,一号装配工位,WS-001,张伟,总装一车间,M12-02,2026-08-03 00:50:39
E1598,M16,10.9,1,20.0,180.0,148.49,4,虚拧,extended,WS-002,二号装配工位,WS-002,李强,总装一车间,M16-04,2026-08-03 00:51:22
E1447,M20,8.8,0,-10.0,320.0,185.18,3,滑牙,extended,WS-003,三号装配工位,WS-003,王芳,总装二车间,M20-02,2026-08-03 00:52:56
E1380,M24,12.9,2,50.0,520.0,179.59,3,滑牙,extended,WS-004,四号装配工位,WS-004,刘洋,总装二车间,M24-03,2026-08-03 00:53:28
E1657,M12,8.8,0,-10.0,80.0,174.87,4,虚拧,extended,WS-001,一号装配工位,WS-001,张伟,总装一车间,M12-01,2026-08-03 00:54:38
E1692,M24,12.9,2,50.0,520.0,146.96,4,虚拧,extended,WS-004,四号装配工位,WS-004,刘洋,总装二车间,M24-03,2026-08-03 00:56:13
B0116,M24,8.8,0,20.0,520.0,177.9,0,合格,benchmark,WS-004,四号装配工位,WS-004,刘洋,总装二车间,M24-05,2026-08-03 00:56:57
E0344,M24,10.9,1,20.0,520.0,158.49,0,合格,extended,WS-004,四号装配工位,WS-004,刘洋,总装二车间,M24-02,2026-08-03 00:58:59
E1103,M20,10.9,1,20.0,320.0,184.06,2,过拧,extended,WS-003,三号装配工位,WS-003,王芳,总装二车间,M20-06,2026-08-03 01:01:48
E0528,M24,12.9,2,50.0,520.0,133.59,0,合格,extended,WS-004,四号装配工位,WS-004,刘洋,总装二车间,M24-06,2026-08-03 01:02:06
E0999,M20,12.9,2,50.0,320.0,166.03,2,过拧,extended,WS-003,三号装配工位,WS-003,王芳,总装二车间,M20-04,2026-08-03 01:06:37
B0570,M16,8.8,0,20.0,180.0,194.99,0,合格,benchmark,WS-002,二号装配工位,WS-002,李强,总装一车间,M16-05,2026-08-03 01:07:43
E0559,M20,8.8,0,-10.0,320.0,130.86,0,合格,extended,WS-003,三号装配工位,WS-003,王芳,总装二车间,M20-02,2026-08-03 01:08:26
B0288,M24,8.8,0,20.0,520.0,168.57,0,合格,benchmark,WS-004,四号装配工位,WS-004,刘洋,总装二车间,M24-06,2026-08-03 01:09:51
E0255,M20,12.9,2,50.0,320.0,168.6,0,合格,extended,WS-003,三号装配工位,WS-003,王芳,总装二车间,M20-04,2026-08-03 01:11:39
B0922,M16,8.8,0,20.0,180.0,115.92,2,过拧,benchmark,WS-002,二号装配工位,WS-002,李强,总装一车间,M16-03,2026-08-03 01:12:49
B0708,M24,8.8,0,20.0,520.0,161.63,1,欠拧,benchmark,WS-004,四号装配工位,WS-004,刘洋,总装二车间,M24-03,2026-08-03 01:12:53
B0978,M16,8.8,0,20.0,180.0,159.12,3,滑牙,benchmark,WS-002,二号装配工位,WS-002,李强,总装一车间,M16-05,2026-08-03 01:13:01
E0431,M20,10.9,1,20.0,320.0,117.38,0,合格,extended,WS-003,三号装配工位,WS-003,王芳,总装二车间,M20-06,2026-08-03 01:14:01
E1537,M12,8.8,0,-10.0,80.0,112.06,4,虚拧,extended,WS-001,一号装配工位,WS-001,张伟,总装一车间,M12-01,2026-08-03 01:20:40
E0697,M12,8.8,0,-10.0,80.0,133.96,1,欠拧,extended,WS-001,一号装配工位,WS-001,张伟,总装一车间,M12-01,2026-08-03 01:21:00
B0129,M12,8.8,0,20.0,80.0,172.14,0,合格,benchmark,WS-001,一号装配工位,WS-001,张伟,总装一车间,M12-03,2026-08-03 01:22:16
E0144,M24,12.9,2,50.0,520.0,170.49,0,合格,extended,WS-004,四号装配工位,WS-004,刘洋,总装二车间,M24-06,2026-08-03 01:23:26
E1047,M20,12.9,2,50.0,320.0,141.79,2,过拧,extended,WS-003,三号装配工位,WS-003,王芳,总装二车间,M20-04,2026-08-03 01:26:44
E0565,M12,8.8,0,-10.0,80.0,128.59,0,合格,extended,WS-001,一号装配工位,WS-001,张伟,总装一车间,M12-04,2026-08-03 01:27:23
E1330,M16,8.8,0,-10.0,180.0,166.58,3,滑牙,extended,WS-002,二号装配工位,WS-002,李强,总装一车间,M16-03,2026-08-03 01:32:02
E1361,M12,10.9,1,20.0,80.0,180.08,3,滑牙,extended,WS-001,一号装配工位,WS-001,张伟,总装一车间,M12-05,2026-08-03 01:34:23
B0535,M20,8.8,0,20.0,320.0,134.33,0,合格,benchmark,WS-003,三号装配工位,WS-003,王芳,总装二车间,M20-02,2026-08-03 01:34:26
E0427,M20,8.8,0,-10.0,320.0,131.03,0,合格,extended,WS-003,三号装配工位,WS-003,王芳,总装二车间,M20-05,2026-08-03 01:36:08
B0930,M16,8.8,0,20.0,180.0,134.39,2,过拧,benchmark,WS-002,二号装配工位,WS-002,李强,总装一车间,M16-05,2026-08-03 01:37:02
E1426,M16,8.8,0,-10.0,180.0,126.13,3,滑牙,extended,WS-002,二号装配工位,WS-002,李强,总装一车间,M16-03,2026-08-03 01:41:10
B0228,M24,8.8,0,20.0,520.0,166.77,0,合格,benchmark,WS-004,四号装配工位,WS-004,刘洋,总装二车间,M24-03,2026-08-03 01:42:13
B0597,M12,8.8,0,20.0,80.0,129.43,0,合格,benchmark,WS-001,一号装配工位,WS-001,张伟,总装一车间,M12-06,2026-08-03 01:42:51
E1479,M20,12.9,2,50.0,320.0,113.02,3,滑牙,extended,WS-003,三号装配工位,WS-003,王芳,总装二车间,M20-04,2026-08-03 01:43:54
E1519,M20,8.8,0,-10.0,320.0,149.01,4,虚拧,extended,WS-003,三号装配工位,WS-003,王芳,总装二车间,M20-02,2026-08-03 01:44:30
B0677,M12,8.8,0,20.0,80.0,117.61,0,合格,benchmark,WS-001,一号装配工位,WS-001,张伟,总装一车间,M12-02,2026-08-03 01:49:01
E0560,M24,10.9,1,20.0,520.0,143.02,0,合格,extended,WS-004,四号装配工位,WS-004,刘洋,总装二车间,M24-02,2026-08-03 01:49:52
B0266,M16,8.8,0,20.0,180.0,182.79,0,合格,benchmark,WS-002,二号装配工位,WS-002,李强,总装一车间,M16-01,2026-08-03 01:50:11
B0424,M24,8.8,0,20.0,520.0,133.37,0,合格,benchmark,WS-004,四号装配工位,WS-004,刘洋,总装二车间,M24-04,2026-08-03 01:50:25
E1529,M12,10.9,1,20.0,80.0,177.37,4,虚拧,extended,WS-001,一号装配工位,WS-001,张伟,总装一车间,M12-05,2026-08-03 01:50:49
E0923,M20,10.9,1,20.0,320.0,153.66,2,过拧,extended,WS-003,三号装配工位,WS-003,王芳,总装二车间,M20-03,2026-08-03 01:55:52
E1553,M12,10.9,1,20.0,80.0,140.26,4,虚拧,extended,WS-001,一号装配工位,WS-001,张伟,总装一车间,M12-05,2026-08-03 01:56:29
B1161,M12,8.8,0,20.0,80.0,147.73,4,虚拧,benchmark,WS-001,一号装配工位,WS-001,张伟,总装一车间,M12-03,2026-08-03 01:58:12
E0837,M12,12.9,2,50.0,80.0,112.17,1,欠拧,extended,WS-001,一号装配工位,WS-001,张伟,总装一车间,M12-06,2026-08-03 02:01:25
B0242,M16,8.8,0,20.0,180.0,157.77,0,合格,benchmark,WS-002,二号装配工位,WS-002,李强,总装一车间,M16-01,2026-08-03 02:03:18
E0591,M20,12.9,2,50.0,320.0,159.26,0,合格,extended,WS-003,三号装配工位,WS-003,王芳,总装二车间,M20-04,2026-08-03 02:03:47
E0658,M16,8.8,0,-10.0,180.0,123.38,1,欠拧,extended,WS-002,二号装配工位,WS-002,李强,总装一车间,M16-03,2026-08-03 02:03:51
E0428,M24,10.9,1,20.0,520.0,156.19,0,合格,extended,WS-004,四号装配工位,WS-004,刘洋,总装二车间,M24-05,2026-08-03 02:05:38
E1348,M24,8.8,0,-10.0,520.0,154.7,3,滑牙,extended,WS-004,四号装配工位,WS-004,刘洋,总装二车间,M24-01,2026-08-03 02:06:07
E0215,M20,10.9,1,20.0,320.0,142.58,0,合格,extended,WS-003,三号装配工位,WS-003,王芳,总装二车间,M20-06,2026-08-03 02:07:16
E1264,M24,8.8,0,-10.0,520.0,187.52,3,滑牙,extended,WS-004,四号装配工位,WS-004,刘洋,总装二车间,M24-04,2026-08-03 02:10:31
E0990,M16,12.9,2,50.0,180.0,175.69,2,过拧,extended,WS-002,二号装配工位,WS-002,李强,总装一车间,M16-02,2026-08-03 02:11:21
B1118,M16,8.8,0,20.0,180.0,179.79,4,虚拧,benchmark,WS-002,二号装配工位,WS-002,李强,总装一车间,M16-04,2026-08-03 02:13:26
B1156,M24,8.8,0,20.0,520.0,151.25,4,虚拧,benchmark,WS-004,四号装配工位,WS-004,刘洋,总装二车间,M24-01,2026-08-03 02:16:22
B0985,M12,8.8,0,20.0,80.0,182.99,3,滑牙,benchmark,WS-001,一号装配工位,WS-001,张伟,总装一车间,M12-01,2026-08-03 02:16:29
E1145,M12,10.9,1,20.0,80.0,132.93,2,过拧,extended,WS-001,一号装配工位,WS-001,张伟,总装一车间,M12-05,2026-08-03 02:18:11
B0260,M24,8.8,0,20.0,520.0,129.07,0,合格,benchmark,WS-004,四号装配工位,WS-004,刘洋,总装二车间,M24-05,2026-08-03 02:18:37
B0786,M16,8.8,0,20.0,180.0,108.37,1,欠拧,benchmark,WS-002,二号装配工位,WS-002,李强,总装一车间,M16-05,2026-08-03 02:21:16
B0966,M16,8.8,0,20.0,180.0,175.8,3,滑牙,benchmark,WS-002,二号装配工位,WS-002,李强,总装一车间,M16-02,2026-08-03 02:21:28
E1035,M20,12.9,2,50.0,320.0,165.35,2,过拧,extended,WS-003,三号装配工位,WS-003,王芳,总装二车间,M20-01,2026-08-03 02:22:43
E0633,M12,12.9,2,50.0,80.0,160.53,1,欠拧,extended,WS-001,一号装配工位,WS-001,张伟,总装一车间,M12-03,2026-08-03 02:22:46
E1747,M20,8.8,0,-10.0,320.0,111.78,4,虚拧,extended,WS-003,三号装配工位,WS-003,王芳,总装二车间,M20-05,2026-08-03 02:23:48
E0223,M20,8.8,0,-10.0,320.0,114.3,0,合格,extended,WS-003,三号装配工位,WS-003,王芳,总装二车间,M20-02,2026-08-03 02:24:34
E1360,M24,8.8,0,-10.0,520.0,163.33,3,滑牙,extended,WS-004,四号装配工位,WS-004,刘洋,总装二车间,M24-04,2026-08-03 02:25:54
E0865,M12,8.8,0,-10.0,80.0,187.77,1,欠拧,extended,WS-001,一号装配工位,WS-001,张伟,总装一车间,M12-01,2026-08-03 02:26:56
B0981,M12,8.8,0,20.0,80.0,179.53,3,滑牙,benchmark,WS-001,一号装配工位,WS-001,张伟,总装一车间,M12-06,2026-08-03 02:27:33
B0698,M16,8.8,0,20.0,180.0,122.85,0,合格,benchmark,WS-002,二号装配工位,WS-002,李强,总装一车间,M16-01,2026-08-03 02:29:07
E0346,M16,8.8,0,-10.0,180.0,185.37,0,合格,extended,WS-002,二号装配工位,WS-002,李强,总装一车间,M16-03,2026-08-03 02:29:38
E0118,M16,8.8,0,-10.0,180.0,130.29,0,合格,extended,WS-002,二号装配工位,WS-002,李强,总装一车间,M16-06,2026-08-03 02:30:11
E0196,M24,8.8,0,-10.0,520.0,116.27,0,合格,extended,WS-004,四号装配工位,WS-004,刘洋,总装二车间,M24-01,2026-08-03 02:32:01
B0270,M16,8.8,0,20.0,180.0,173.64,0,合格,benchmark,WS-002,二号装配工位,WS-002,李强,总装一车间,M16-02,2026-08-03 02:32:45
B0548,M24,8.8,0,20.0,520.0,188.37,0,合格,benchmark,WS-004,四号装配工位,WS-004,刘洋,总装二车间,M24-05,2026-08-03 02:33:44
B0915,M20,8.8,0,20.0,320.0,171.74,2,过拧,benchmark,WS-003,三号装配工位,WS-003,王芳,总装二车间,M20-01,2026-08-03 02:37:16
E1766,M16,10.9,1,20.0,180.0,189.12,4,虚拧,extended,WS-002,二号装配工位,WS-002,李强,总装一车间,M16-04,2026-08-03 02:41:34
B0688,M24,8.8,0,20.0,520.0,155.56,0,合格,benchmark,WS-004,四号装配工位,WS-004,刘洋,总装二车间,M24-04,2026-08-03 02:44:42
E0408,M24,12.9,2,50.0,520.0,182.21,0,合格,extended,WS-004,四号装配工位,WS-004,刘洋,总装二车间,M24-06,2026-08-03 02:45:20
E1476,M24,12.9,2,50.0,520.0,118.27,3,滑牙,extended,WS-004,四号装配工位,WS-004,刘洋,总装二车间,M24-03,2026-08-03 02:47:15
B0520,M24,8.8,0,20.0,520.0,119.75,0,合格,benchmark,WS-004,四号装配工位,WS-004,刘洋,总装二车间,M24-04,2026-08-03 02:47:57
E0444,M24,12.9,2,50.0,520.0,133.38,0,合格,extended,WS-004,四号装配工位,WS-004,刘洋,总装二车间,M24-03,2026-08-03 02:48:31
E0150,M16,12.9,2,50.0,180.0,120.54,0,合格,extended,WS-002,二号装配工位,WS-002,李强,总装一车间,M16-02,2026-08-03 02:51:19
E0454,M16,8.8,0,-10.0,180.0,123.35,0,合格,extended,WS-002,二号装配工位,WS-002,李强,总装一车间,M16-06,2026-08-03 02:53:29
B0468,M24,8.8,0,20.0,520.0,132.09,0,合格,benchmark,WS-004,四号装配工位,WS-004,刘洋,总装二车间,M24-03,2026-08-03 02:54:54
B0455,M20,8.8,0,20.0,320.0,173.73,0,合格,benchmark,WS-003,三号装配工位,WS-003,王芳,总装二车间,M20-06,2026-08-03 02:58:45
E1414,M16,8.8,0,-10.0,180.0,166.68,3,滑牙,extended,WS-002,二号装配工位,WS-002,李强,总装一车间,M16-06,2026-08-03 03:00:44
B0665,M12,8.8,0,20.0,80.0,159.24,0,合格,benchmark,WS-001,一号装配工位,WS-001,张伟,总装一车间,M12-05,2026-08-03 03:00:57
E0305,M12,10.9,1,20.0,80.0,171.79,0,合格,extended,WS-001,一号装配工位,WS-001,张伟,总装一车间,M12-05,2026-08-03 03:01:02
E1773,M12,12.9,2,50.0,80.0,163.02,4,虚拧,extended,WS-001,一号装配工位,WS-001,张伟,总装一车间,M12-06,2026-08-03 03:02:51
E1245,M12,12.9,2,50.0,80.0,123.54,3,滑牙,extended,WS-001,一号装配工位,WS-001,张伟,总装一车间,M12-06,2026-08-03 03:03:58
B1188,M24,8.8,0,20.0,520.0,120.86,4,虚拧,benchmark,WS-004,四号装配工位,WS-004,刘洋,总装二车间,M24-03,2026-08-03 03:05:25
B0531,M20,8.8,0,20.0,320.0,193.45,0,合格,benchmark,WS-003,三号装配工位,WS-003,王芳,总装二车间,M20-01,2026-08-03 03:05:46
B0394,M16,8.8,0,20.0,180.0,156.67,0,合格,benchmark,WS-002,二号装配工位,WS-002,李强,总装一车间,M16-03,2026-08-03 03:09:20
B0720,M24,8.8,0,20.0,520.0,123.12,1,欠拧,benchmark,WS-004,四号装配工位,WS-004,刘洋,总装二车间,M24-06,2026-08-03 03:10:14
E0824,M24,10.9,1,20.0,520.0,113.75,1,欠拧,extended,WS-004,四号装配工位,WS-004,刘洋,总装二车间,M24-02,2026-08-03 03:10:41
E0380,M24,10.9,1,20.0,520.0,128.59,0,合格,extended,WS-004,四号装配工位,WS-004,刘洋,总装二车间,M24-05,2026-08-03 03:15:10
B1048,M24,8.8,0,20.0,520.0,141.26,3,滑牙,benchmark,WS-004,四号装配工位,WS-004,刘洋,总装二车间,M24-04,2026-08-03 03:15:37
E1214,M16,10.9,1,20.0,180.0,130.95,3,滑牙,extended,WS-002,二号装配工位,WS-002,李强,总装一车间,M16-04,2026-08-03 03:18:43
B0967,M20,8.8,0,20.0,320.0,182.1,3,滑牙,benchmark,WS-003,三号装配工位,WS-003,王芳,总装二车间,M20-02,2026-08-03 03:18:47
E0564,M24,12.9,2,50.0,520.0,119.52,0,合格,extended,WS-004,四号装配工位,WS-004,刘洋,总装二车间,M24-03,2026-08-03 03:19:40
B0137,M12,8.8,0,20.0,80.0,142.77,0,合格,benchmark,WS-001,一号装配工位,WS-001,张伟,总装一车间,M12-05,2026-08-03 03:24:15
B0494,M16,8.8,0,20.0,180.0,118.06,0,合格,benchmark,WS-002,二号装配工位,WS-002,李强,总装一车间,M16-04,2026-08-03 03:25:25
E0673,M12,8.8,0,-10.0,80.0,166.55,1,欠拧,extended,WS-001,一号装配工位,WS-001,张伟,总装一车间,M12-01,2026-08-03 03:26:32
E0368,M24,10.9,1,20.0,520.0,170.25,0,合格,extended,WS-004,四号装配工位,WS-004,刘洋,总装二车间,M24-02,2026-08-03 03:26:47
E0325,M12,8.8,0,-10.0,80.0,192.59,0,合格,extended,WS-001,一号装配工位,WS-001,张伟,总装一车间,M12-04,2026-08-03 03:27:31
B0625,M12,8.8,0,20.0,80.0,152.13,0,合格,benchmark,WS-001,一号装配工位,WS-001,张伟,总装一车间,M12-01,2026-08-03 03:30:02
E1013,M12,10.9,1,20.0,80.0,193.03,2,过拧,extended,WS-001,一号装配工位,WS-001,张伟,总装一车间,M12-02,2026-08-03 03:33:13
B0850,M16,8.8,0,20.0,180.0,163.12,2,过拧,benchmark,WS-002,二号装配工位,WS-002,李强,总装一车间,M16-03,2026-08-03 03:37:35
B0490,M16,8.8,0,20.0,180.0,182.82,0,合格,benchmark,WS-002,二号装配工位,WS-002,李强,总装一车间,M16-03,2026-08-03 03:37:59
E0983,M20,10.9,1,20.0,320.0,136.22,2,过拧,extended,WS-003,三号装配工位,WS-003,王芳,总装二车间,M20-06,2026-08-03 03:38:52
B0193,M12,8.8,0,20.0,80.0,180.45,0,合格,benchmark,WS-001,一号装配工位,WS-001,张伟,总装一车间,M12-01,2026-08-03 03:43:05
E1492,M24,8.8,0,-10.0,520.0,152.58,3,滑牙,extended,WS-004,四号装配工位,WS-004,刘洋,总装二车间,M24-01,2026-08-03 03:43:09
B1181,M12,8.8,0,20.0,80.0,161.12,4,虚拧,benchmark,WS-001,一号装配工位,WS-001,张伟,总装一车间,M12-02,2026-08-03 03:46:23
E0752,M24,10.9,1,20.0,520.0,167.18,1,欠拧,extended,WS-004,四号装配工位,WS-004,刘洋,总装二车间,M24-02,2026-08-03 03:47:07
E0558,M16,12.9,2,50.0,180.0,126.22,0,合格,extended,WS-002,二号装配工位,WS-002,李强,总装一车间,M16-02,2026-08-03 03:49:45
E0924,M24,12.9,2,50.0,520.0,135.91,2,过拧,extended,WS-004,四号装配工位,WS-004,刘洋,总装二车间,M24-03,2026-08-03 03:55:27
E0944,M24,10.9,1,20.0,520.0,121.39,2,过拧,extended,WS-004,四号装配工位,WS-004,刘洋,总装二车间,M24-02,2026-08-03 03:56:10
E1294,M16,8.8,0,-10.0,180.0,171.96,3,滑牙,extended,WS-002,二号装配工位,WS-002,李强,总装一车间,M16-06,2026-08-03 03:57:17
E0105,M12,12.9,2,50.0,80.0,175.87,0,合格,extended,WS-001,一号装配工位,WS-001,张伟,总装一车间,M12-03,2026-08-03 03:57:50
E0462,M16,12.9,2,50.0,180.0,116.11,0,合格,extended,WS-002,二号装配工位,WS-002,李强,总装一车间,M16-02,2026-08-03 03:58:31
B0956,M24,8.8,0,20.0,520.0,166.36,3,滑牙,benchmark,WS-004,四号装配工位,WS-004,刘洋,总装二车间,M24-05,2026-08-03 03:59:27
E1771,M20,8.8,0,-10.0,320.0,166.42,4,虚拧,extended,WS-003,三号装配工位,WS-003,王芳,总装二车间,M20-05,2026-08-03 04:00:15
B0896,M24,8.8,0,20.0,520.0,169.53,2,过拧,benchmark,WS-004,四号装配工位,WS-004,刘洋,总装二车间,M24-02,2026-08-03 04:01:52
E1664,M24,10.9,1,20.0,520.0,140.76,4,虚拧,extended,WS-004,四号装配工位,WS-004,刘洋,总装二车间,M24-02,2026-08-03 04:04:47
B0269,M12,8.8,0,20.0,80.0,172.0,0,合格,benchmark,WS-001,一号装配工位,WS-001,张伟,总装一车间,M12-02,2026-08-03 04:05:47
B0767,M20,8.8,0,20.0,320.0,124.43,1,欠拧,benchmark,WS-003,三号装配工位,WS-003,王芳,总装二车间,M20-06,2026-08-03 04:06:45
B1135,M20,8.8,0,20.0,320.0,122.13,4,虚拧,benchmark,WS-003,三号装配工位,WS-003,王芳,总装二车间,M20-02,2026-08-03 04:11:44
E0827,M20,10.9,1,20.0,320.0,139.48,1,欠拧,extended,WS-003,三号装配工位,WS-003,王芳,总装二车间,M20-03,2026-08-03 04:12:07
E0629,M12,10.9,1,20.0,80.0,177.3,1,欠拧,extended,WS-001,一号装配工位,WS-001,张伟,总装一车间,M12-02,2026-08-03 04:12:19
B0672,M24,8.8,0,20.0,520.0,152.81,0,合格,benchmark,WS-004,四号装配工位,WS-004,刘洋,总装二车间,M24-06,2026-08-03 04:14:07
B0323,M20,8.8,0,20.0,320.0,171.7,0,合格,benchmark,WS-003,三号装配工位,WS-003,王芳,总装二车间,M20-03,2026-08-03 04:15:15
B0953,M12,8.8,0,20.0,80.0,151.94,3,滑牙,benchmark,WS-001,一号装配工位,WS-001,张伟,总装一车间,M12-05,2026-08-03 04:15:29
B0702,M16,8.8,0,20.0,180.0,159.52,1,欠拧,benchmark,WS-002,二号装配工位,WS-002,李强,总装一车间,M16-02,2026-08-03 04:21:50
B0601,M12,8.8,0,20.0,80.0,145.62,0,合格,benchmark,WS-001,一号装配工位,WS-001,张伟,总装一车间,M12-01,2026-08-03 04:22:20
B0900,M24,8.8,0,20.0,520.0,152.34,2,过拧,benchmark,WS-004,四号装配工位,WS-004,刘洋,总装二车间,M24-03,2026-08-03 04:22:27
E1727,M20,10.9,1,20.0,320.0,153.15,4,虚拧,extended,WS-003,三号装配工位,WS-003,王芳,总装二车间,M20-06,2026-08-03 04:23:03
E1429,M12,8.8,0,-10.0,80.0,185.32,3,滑牙,extended,WS-001,一号装配工位,WS-001,张伟,总装一车间,M12-04,2026-08-03 04:23:45
B0987,M20,8.8,0,20.0,320.0,190.03,3,滑牙,benchmark,WS-003,三号装配工位,WS-003,王芳,总装二车间,M20-01,2026-08-03 04:23:54
E0646,M16,8.8,0,-10.0,180.0,106.01,1,欠拧,extended,WS-002,二号装配工位,WS-002,李强,总装一车间,M16-06,2026-08-03 04:24:23
E1193,M12,10.9,1,20.0,80.0,120.96,2,过拧,extended,WS-001,一号装配工位,WS-001,张伟,总装一车间,M12-05,2026-08-03 04:26:06
E0685,M12,8.8,0,-10.0,80.0,114.03,1,欠拧,extended,WS-001,一号装配工位,WS-001,张伟,总装一车间,M12-04,2026-08-03 04:28:30
E1704,M24,12.9,2,50.0,520.0,162.94,4,虚拧,extended,WS-004,四号装配工位,WS-004,刘洋,总装二车间,M24-06,2026-08-03 04:28:50
E1526,M16,10.9,1,20.0,180.0,190.85,4,虚拧,extended,WS-002,二号装配工位,WS-002,李强,总装一车间,M16-04,2026-08-03 04:32:50
E1625,M12,10.9,1,20.0,80.0,156.01,4,虚拧,extended,WS-001,一号装配工位,WS-001,张伟,总装一车间,M12-05,2026-08-03 04:34:33
E0354,M16,12.9,2,50.0,180.0,170.38,0,合格,extended,WS-002,二号装配工位,WS-002,李强,总装一车间,M16-05,2026-08-03 04:34:35
E1217,M12,10.9,1,20.0,80.0,171.52,3,滑牙,extended,WS-001,一号装配工位,WS-001,张伟,总装一车间,M12-05,2026-08-03 04:34:51
E1308,M24,12.9,2,50.0,520.0,181.69,3,滑牙,extended,WS-004,四号装配工位,WS-004,刘洋,总装二车间,M24-03,2026-08-03 04:36:32
E1026,M16,12.9,2,50.0,180.0,133.22,2,过拧,extended,WS-002,二号装配工位,WS-002,李强,总装一车间,M16-05,2026-08-03 04:36:58
E0461,M12,10.9,1,20.0,80.0,118.63,0,合格,extended,WS-001,一号装配工位,WS-001,张伟,总装一车间,M12-02,2026-08-03 04:37:02
E0197,M12,10.9,1,20.0,80.0,154.33,0,合格,extended,WS-001,一号装配工位,WS-001,张伟,总装一车间,M12-02,2026-08-03 04:37:55
E0340,M24,8.8,0,-10.0,520.0,122.69,0,合格,extended,WS-004,四号装配工位,WS-004,刘洋,总装二车间,M24-01,2026-08-03 04:39:02
B1200,M24,8.8,0,20.0,520.0,141.37,4,虚拧,benchmark,WS-004,四号装配工位,WS-004,刘洋,总装二车间,M24-06,2026-08-03 04:39:56
E1717,M12,8.8,0,-10.0,80.0,166.28,4,虚拧,extended,WS-001,一号装配工位,WS-001,张伟,总装一车间,M12-04,2026-08-03 04:42:23
E0438,M16,12.9,2,50.0,180.0,174.17,0,合格,extended,WS-002,二号装配工位,WS-002,李强,总装一车间,M16-02,2026-08-03 04:46:08
B0343,M20,8.8,0,20.0,320.0,140.8,0,合格,benchmark,WS-003,三号装配工位,WS-003,王芳,总装二车间,M20-02,2026-08-03 04:46:26
B0675,M20,8.8,0,20.0,320.0,155.09,0,合格,benchmark,WS-003,三号装配工位,WS-003,王芳,总装二车间,M20-01,2026-08-03 04:46:29
E0090,M16,12.9,2,50.0,180.0,130.27,0,合格,extended,WS-002,二号装配工位,WS-002,李强,总装一车间,M16-05,2026-08-03 04:46:35
E0782,M16,10.9,1,20.0,180.0,157.25,1,欠拧,extended,WS-002,二号装配工位,WS-002,李强,总装一车间,M16-04,2026-08-03 04:50:06
B0825,M12,8.8,0,20.0,80.0,118.39,1,欠拧,benchmark,WS-001,一号装配工位,WS-001,张伟,总装一车间,M12-03,2026-08-03 04:52:43
E0011,M20,10.9,1,20.0,320.0,135.94,0,合格,extended,WS-003,三号装配工位,WS-003,王芳,总装二车间,M20-03,2026-08-03 04:52:56
E1707,M20,12.9,2,50.0,320.0,171.01,4,虚拧,extended,WS-003,三号装配工位,WS-003,王芳,总装二车间,M20-01,2026-08-03 04:59:26
E1159,M20,8.8,0,-10.0,320.0,126.09,2,过拧,extended,WS-003,三号装配工位,WS-003,王芳,总装二车间,M20-02,2026-08-03 05:01:45
E0928,M24,8.8,0,-10.0,520.0,119.65,2,过拧,extended,WS-004,四号装配工位,WS-004,刘洋,总装二车间,M24-04,2026-08-03 05:02:03
E1698,M16,12.9,2,50.0,180.0,193.55,4,虚拧,extended,WS-002,二号装配工位,WS-002,李强,总装一车间,M16-05,2026-08-03 05:04:16
B0996,M24,8.8,0,20.0,520.0,143.06,3,滑牙,benchmark,WS-004,四号装配工位,WS-004,刘洋,总装二车间,M24-03,2026-08-03 05:04:22
E0979,M20,8.8,0,-10.0,320.0,154.13,2,过拧,extended,WS-003,三号装配工位,WS-003,王芳,总装二车间,M20-05,2026-08-03 05:05:18
E1629,M12,12.9,2,50.0,80.0,173.63,4,虚拧,extended,WS-001,一号装配工位,WS-001,张伟,总装一车间,M12-06,2026-08-03 05:05:53
E1521,M12,12.9,2,50.0,80.0,135.29,4,虚拧,extended,WS-001,一号装配工位,WS-001,张伟,总装一车间,M12-03,2026-08-03 05:07:04
E0555,M20,12.9,2,50.0,320.0,109.98,0,合格,extended,WS-003,三号装配工位,WS-003,王芳,总装二车间,M20-01,2026-08-03 05:07:09
B0240,M24,8.8,0,20.0,520.0,144.96,0,合格,benchmark,WS-004,四号装配工位,WS-004,刘洋,总装二车间,M24-06,2026-08-03 05:09:58
B0599,M20,8.8,0,20.0,320.0,144.55,0,合格,benchmark,WS-003,三号装配工位,WS-003,王芳,总装二车间,M20-06,2026-08-03 05:12:10
E0553,M12,8.8,0,-10.0,80.0,126.47,0,合格,extended,WS-001,一号装配工位,WS-001,张伟,总装一车间,M12-01,2026-08-03 05:16:09
B0245,M12,8.8,0,20.0,80.0,109.67,0,合格,benchmark,WS-001,一号装配工位,WS-001,张伟,总装一车间,M12-02,2026-08-03 05:16:10
B1171,M20,8.8,0,20.0,320.0,173.88,4,虚拧,benchmark,WS-003,三号装配工位,WS-003,王芳,总装二车间,M20-05,2026-08-03 05:17:11
B0085,M12,8.8,0,20.0,80.0,162.4,0,合格,benchmark,WS-001,一号装配工位,WS-001,张伟,总装一车间,M12-04,2026-08-03 05:20:34
B0880,M24,8.8,0,20.0,520.0,125.27,2,过拧,benchmark,WS-004,四号装配工位,WS-004,刘洋,总装二车间,M24-04,2026-08-03 05:21:39
B0192,M24,8.8,0,20.0,520.0,133.38,0,合格,benchmark,WS-004,四号装配工位,WS-004,刘洋,总装二车间,M24-06,2026-08-03 05:22:49
B1172,M24,8.8,0,20.0,520.0,177.13,4,虚拧,benchmark,WS-004,四号装配工位,WS-004,刘洋,总装二车间,M24-05,2026-08-03 05:25:11
E1796,M24,10.9,1,20.0,520.0,116.48,4,虚拧,extended,WS-004,四号装配工位,WS-004,刘洋,总装二车间,M24-05,2026-08-03 05:26:12
B0040,M24,8.8,0,20.0,520.0,158.94,0,合格,benchmark,WS-004,四号装配工位,WS-004,刘洋,总装二车间,M24-04,2026-08-03 05:28:47
B1111,M20,8.8,0,20.0,320.0,184.08,4,虚拧,benchmark,WS-003,三号装配工位,WS-003,王芳,总装二车间,M20-02,2026-08-03 05:30:38
E0958,M16,8.8,0,-10.0,180.0,186.21,2,过拧,extended,WS-002,二号装配工位,WS-002,李强,总装一车间,M16-06,2026-08-03 05:31:06
E0810,M16,12.9,2,50.0,180.0,120.42,1,欠拧,extended,WS-002,二号装配工位,WS-002,李强,总装一车间,M16-05,2026-08-03 05:31:27
E1031,M20,10.9,1,20.0,320.0,161.33,2,过拧,extended,WS-003,三号装配工位,WS-003,王芳,总装二车间,M20-06,2026-08-03 05:33:05
B0658,M16,8.8,0,20.0,180.0,144.4,0,合格,benchmark,WS-002,二号装配工位,WS-002,李强,总装一车间,M16-03,2026-08-03 05:34:12
E1368,M24,12.9,2,50.0,520.0,126.39,3,滑牙,extended,WS-004,四号装配工位,WS-004,刘洋,总装二车间,M24-06,2026-08-03 05:35:12
B1196,M24,8.8,0,20.0,520.0,144.55,4,虚拧,benchmark,WS-004,四号装配工位,WS-004,刘洋,总装二车间,M24-05,2026-08-03 05:37:53
E0985,M12,8.8,0,-10.0,80.0,140.22,2,过拧,extended,WS-001,一号装配工位,WS-001,张伟,总装一车间,M12-01,2026-08-03 05:37:59
B0458,M16,8.8,0,20.0,180.0,111.84,0,合格,benchmark,WS-002,二号装配工位,WS-002,李强,总装一车间,M16-01,2026-08-03 05:38:46
E1558,M16,8.8,0,-10.0,180.0,172.37,4,虚拧,extended,WS-002,二号装配工位,WS-002,李强,总装一车间,M16-06,2026-08-03 05:39:53
B0475,M20,8.8,0,20.0,320.0,150.04,0,合格,benchmark,WS-003,三号装配工位,WS-003,王芳,总装二车间,M20-05,2026-08-03 05:40:10
B0743,M20,8.8,0,20.0,320.0,145.09,1,欠拧,benchmark,WS-003,三号装配工位,WS-003,王芳,总装二车间,M20-06,2026-08-03 05:41:01
E0170,M16,10.9,1,20.0,180.0,114.43,0,合格,extended,WS-002,二号装配工位,WS-002,李强,总装一车间,M16-01,2026-08-03 05:41:12
B0958,M16,8.8,0,20.0,180.0,165.81,3,滑牙,benchmark,WS-002,二号装配工位,WS-002,李强,总装一车间,M16-06,2026-08-03 05:41:35
B0130,M16,8.8,0,20.0,180.0,180.58,0,合格,benchmark,WS-002,二号装配工位,WS-002,李强,总装一车间,M16-03,2026-08-03 05:41:58
B0341,M12,8.8,0,20.0,80.0,158.72,0,合格,benchmark,WS-001,一号装配工位,WS-001,张伟,总装一车间,M12-02,2026-08-03 05:42:28
E0217,M12,8.8,0,-10.0,80.0,125.46,0,合格,extended,WS-001,一号装配工位,WS-001,张伟,总装一车间,M12-01,2026-08-03 05:42:48
E0267,M20,12.9,2,50.0,320.0,117.5,0,合格,extended,WS-003,三号装配工位,WS-003,王芳,总装二车间,M20-01,2026-08-03 05:45:38
E0385,M12,8.8,0,-10.0,80.0,136.77,0,合格,extended,WS-001,一号装配工位,WS-001,张伟,总装一车间,M12-01,2026-08-03 05:46:16
B0673,M12,8.8,0,20.0,80.0,119.7,0,合格,benchmark,WS-001,一号装配工位,WS-001,张伟,总装一车间,M12-01,2026-08-03 05:48:28
B0920,M24,8.8,0,20.0,520.0,124.41,2,过拧,benchmark,WS-004,四号装配工位,WS-004,刘洋,总装二车间,M24-02,2026-08-03 05:49:17
B0099,M20,8.8,0,20.0,320.0,132.19,0,合格,benchmark,WS-003,三号装配工位,WS-003,王芳,总装二车间,M20-01,2026-08-03 05:50:48
E0035,M20,10.9,1,20.0,320.0,183.88,0,合格,extended,WS-003,三号装配工位,WS-003,王芳,总装二车间,M20-03,2026-08-03 05:51:52
B0782,M16,8.8,0,20.0,180.0,140.83,1,欠拧,benchmark,WS-002,二号装配工位,WS-002,李强,总装一车间,M16-04,2026-08-03 05:52:09
E0785,M12,10.9,1,20.0,80.0,191.44,1,欠拧,extended,WS-001,一号装配工位,WS-001,张伟,总装一车间,M12-05,2026-08-03 05:53:12
B1128,M24,8.8,0,20.0,520.0,142.63,4,虚拧,benchmark,WS-004,四号装配工位,WS-004,刘洋,总装二车间,M24-06,2026-08-03 05:54:22
E1770,M16,12.9,2,50.0,180.0,121.02,4,虚拧,extended,WS-002,二号装配工位,WS-002,李强,总装一车间,M16-05,2026-08-03 05:54:28
E1792,M24,8.8,0,-10.0,520.0,136.72,4,虚拧,extended,WS-004,四号装配工位,WS-004,刘洋,总装二车间,M24-04,2026-08-03 05:55:53
E1489,M12,8.8,0,-10.0,80.0,120.36,3,滑牙,extended,WS-001,一号装配工位,WS-001,张伟,总装一车间,M12-01,2026-08-03 05:56:29
E0137,M12,10.9,1,20.0,80.0,183.11,0,合格,extended,WS-001,一号装配工位,WS-001,张伟,总装一车间,M12-05,2026-08-03 05:57:12
E0794,M16,10.9,1,20.0,180.0,133.66,1,欠拧,extended,WS-002,二号装配工位,WS-002,李强,总装一车间,M16-01,2026-08-03 06:00:32
E1237,M12,8.8,0,-10.0,80.0,124.98,3,滑牙,extended,WS-001,一号装配工位,WS-001,张伟,总装一车间,M12-04,2026-08-03 06:02:06
B0616,M24,8.8,0,20.0,520.0,143.47,0,合格,benchmark,WS-004,四号装配工位,WS-004,刘洋,总装二车间,M24-04,2026-08-03 06:02:54
B1068,M24,8.8,0,20.0,520.0,117.67,3,滑牙,benchmark,WS-004,四号装配工位,WS-004,刘洋,总装二车间,M24-03,2026-08-03 06:08:38
B0600,M24,8.8,0,20.0,520.0,181.42,0,合格,benchmark,WS-004,四号装配工位,WS-004,刘洋,总装二车间,M24-06,2026-08-03 06:15:31
B0569,M12,8.8,0,20.0,80.0,110.11,0,合格,benchmark,WS-001,一号装配工位,WS-001,张伟,总装一车间,M12-05,2026-08-03 06:15:53
B0026,M16,8.8,0,20.0,180.0,116.75,0,合格,benchmark,WS-002,二号装配工位,WS-002,李强,总装一车间,M16-01,2026-08-03 06:21:29
E0515,M20,10.9,1,20.0,320.0,182.58,0,合格,extended,WS-003,三号装配工位,WS-003,王芳,总装二车间,M20-03,2026-08-03 06:23:57
E0984,M24,12.9,2,50.0,520.0,187.39,2,过拧,extended,WS-004,四号装配工位,WS-004,刘洋,总装二车间,M24-06,2026-08-03 06:25:37
E0517,M12,8.8,0,-10.0,80.0,124.6,0,合格,extended,WS-001,一号装配工位,WS-001,张伟,总装一车间,M12-04,2026-08-03 06:30:14
E1248,M24,12.9,2,50.0,520.0,119.68,3,滑牙,extended,WS-004,四号装配工位,WS-004,刘洋,总装二车间,M24-06,2026-08-03 06:31:58
E0872,M24,10.9,1,20.0,520.0,111.12,1,欠拧,extended,WS-004,四号装配工位,WS-004,刘洋,总装二车间,M24-02,2026-08-03 06:35:21
E0815,M20,10.9,1,20.0,320.0,189.93,1,欠拧,extended,WS-003,三号装配工位,WS-003,王芳,总装二车间,M20-06,2026-08-03 06:37:53
B0984,M24,8.8,0,20.0,520.0,135.41,3,滑牙,benchmark,WS-004,四号装配工位,WS-004,刘洋,总装二车间,M24-06,2026-08-03 06:39:08
E1786,M16,8.8,0,-10.0,180.0,189.96,4,虚拧,extended,WS-002,二号装配工位,WS-002,李强,总装一车间,M16-03,2026-08-03 06:40:09
E1161,M12,12.9,2,50.0,80.0,162.76,2,过拧,extended,WS-001,一号装配工位,WS-001,张伟,总装一车间,M12-03,2026-08-03 06:42:17
B1130,M16,8.8,0,20.0,180.0,132.21,4,虚拧,benchmark,WS-002,二号装配工位,WS-002,李强,总装一车间,M16-01,2026-08-03 06:44:19
B0934,M16,8.8,0,20.0,180.0,181.04,2,过拧,benchmark,WS-002,二号装配工位,WS-002,李强,总装一车间,M16-06,2026-08-03 06:44:41
E0021,M12,12.9,2,50.0,80.0,171.48,0,合格,extended,WS-001,一号装配工位,WS-001,张伟,总装一车间,M12-06,2026-08-03 06:46:35
E0055,M20,8.8,0,-10.0,320.0,152.21,0,合格,extended,WS-003,三号装配工位,WS-003,王芳,总装二车间,M20-02,2026-08-03 06:47:17
B0244,M24,8.8,0,20.0,520.0,178.0,0,合格,benchmark,WS-004,四号装配工位,WS-004,刘洋,总装二车间,M24-01,2026-08-03 06:47:20
B0824,M24,8.8,0,20.0,520.0,112.66,1,欠拧,benchmark,WS-004,四号装配工位,WS-004,刘洋,总装二车间,M24-02,2026-08-03 06:48:32
E0687,M20,12.9,2,50.0,320.0,156.65,1,欠拧,extended,WS-003,三号装配工位,WS-003,王芳,总装二车间,M20-04,2026-08-03 06:51:00
E0005,M12,10.9,1,20.0,80.0,126.93,0,合格,extended,WS-001,一号装配工位,WS-001,张伟,总装一车间,M12-02,2026-08-03 06:51:48
B1089,M12,8.8,0,20.0,80.0,112.68,4,虚拧,benchmark,WS-001,一号装配工位,WS-001,张伟,总装一车间,M12-03,2026-08-03 06:52:05
E1281,M12,12.9,2,50.0,80.0,144.17,3,滑牙,extended,WS-001,一号装配工位,WS-001,张伟,总装一车间,M12-03,2026-08-03 06:54:40
E1554,M16,12.9,2,50.0,180.0,168.25,4,虚拧,extended,WS-002,二号装配工位,WS-002,李强,总装一车间,M16-05,2026-08-03 06:55:12
E1705,M12,8.8,0,-10.0,80.0,151.04,4,虚拧,extended,WS-001,一号装配工位,WS-001,张伟,总装一车间,M12-01,2026-08-03 06:56:10
B0771,M20,8.8,0,20.0,320.0,114.55,1,欠拧,benchmark,WS-003,三号装配工位,WS-003,王芳,总装二车间,M20-01,2026-08-03 06:56:17
B0502,M16,8.8,0,20.0,180.0,149.83,0,合格,benchmark,WS-002,二号装配工位,WS-002,李强,总装一车间,M16-06,2026-08-03 06:56:20
E1124,M24,10.9,1,20.0,520.0,155.64,2,过拧,extended,WS-004,四号装配工位,WS-004,刘洋,总装二车间,M24-05,2026-08-03 06:57:45
B0986,M16,8.8,0,20.0,180.0,162.53,3,滑牙,benchmark,WS-002,二号装配工位,WS-002,李强,总装一车间,M16-01,2026-08-03 06:58:30
E0612,M24,12.9,2,50.0,520.0,127.24,1,欠拧,extended,WS-004,四号装配工位,WS-004,刘洋,总装二车间,M24-03,2026-08-03 06:58:52
B0652,M24,8.8,0,20.0,520.0,128.38,0,合格,benchmark,WS-004,四号装配工位,WS-004,刘洋,总装二车间,M24-01,2026-08-03 06:59:10
E1058,M16,10.9,1,20.0,180.0,189.33,2,过拧,extended,WS-002,二号装配工位,WS-002,李强,总装一车间,M16-01,2026-08-03 06:59:36
E0523,M20,8.8,0,-10.0,320.0,163.83,0,合格,extended,WS-003,三号装配工位,WS-003,王芳,总装二车间,M20-05,2026-08-03 06:59:59
E0238,M16,8.8,0,-10.0,180.0,120.19,0,合格,extended,WS-002,二号装配工位,WS-002,李强,总装一车间,M16-06,2026-08-03 07:00:37
E1730,M16,10.9,1,20.0,180.0,157.62,4,虚拧,extended,WS-002,二号装配工位,WS-002,李强,总装一车间,M16-01,2026-08-03 07:01:47
E0198,M16,12.9,2,50.0,180.0,158.37,0,合格,extended,WS-002,二号装配工位,WS-002,李强,总装一车间,M16-02,2026-08-03 07:02:51
E1180,M24,8.8,0,-10.0,520.0,113.92,2,过拧,extended,WS-004,四号装配工位,WS-004,刘洋,总装二车间,M24-01,2026-08-03 07:03:17
E0024,M24,12.9,2,50.0,520.0,137.47,0,合格,extended,WS-004,四号装配工位,WS-004,刘洋,总装二车间,M24-06,2026-08-03 07:05:43
B0123,M20,8.8,0,20.0,320.0,155.48,0,合格,benchmark,WS-003,三号装配工位,WS-003,王芳,总装二车间,M20-01,2026-08-03 07:07:07
B0003,M20,8.8,0,20.0,320.0,175.2,0,合格,benchmark,WS-003,三号装配工位,WS-003,王芳,总装二车间,M20-01,2026-08-03 07:07:44
E1351,M20,8.8,0,-10.0,320.0,183.38,3,滑牙,extended,WS-003,三号装配工位,WS-003,王芳,总装二车间,M20-02,2026-08-03 07:07:49
E0886,M16,8.8,0,-10.0,180.0,129.11,1,欠拧,extended,WS-002,二号装配工位,WS-002,李强,总装一车间,M16-06,2026-08-03 07:11:50
E1196,M24,10.9,1,20.0,520.0,188.86,2,过拧,extended,WS-004,四号装配工位,WS-004,刘洋,总装二车间,M24-05,2026-08-03 07:14:14
B0842,M16,8.8,0,20.0,180.0,172.53,2,过拧,benchmark,WS-002,二号装配工位,WS-002,李强,总装一车间,M16-01,2026-08-03 07:15:04
E1419,M20,12.9,2,50.0,320.0,154.14,3,滑牙,extended,WS-003,三号装配工位,WS-003,王芳,总装二车间,M20-01,2026-08-03 07:16:23
E0077,M12,10.9,1,20.0,80.0,171.94,0,合格,extended,WS-001,一号装配工位,WS-001,张伟,总装一车间,M12-02,2026-08-03 07:18:21
E0493,M12,8.8,0,-10.0,80.0,110.37,0,合格,extended,WS-001,一号装配工位,WS-001,张伟,总装一车间,M12-04,2026-08-03 07:20:01
E0995,M20,10.9,1,20.0,320.0,145.35,2,过拧,extended,WS-003,三号装配工位,WS-003,王芳,总装二车间,M20-03,2026-08-03 07:20:07
E0781,M12,8.8,0,-10.0,80.0,129.27,1,欠拧,extended,WS-001,一号装配工位,WS-001,张伟,总装一车间,M12-04,2026-08-03 07:20:39
B0730,M16,8.8,0,20.0,180.0,178.1,1,欠拧,benchmark,WS-002,二号装配工位,WS-002,李强,总装一车间,M16-03,2026-08-03 07:21:58
E0823,M20,8.8,0,-10.0,320.0,180.46,1,欠拧,extended,WS-003,三号装配工位,WS-003,王芳,总装二车间,M20-02,2026-08-03 07:23:33
E1384,M24,8.8,0,-10.0,520.0,178.32,3,滑牙,extended,WS-004,四号装配工位,WS-004,刘洋,总装二车间,M24-04,2026-08-03 07:25:48
E0397,M12,8.8,0,-10.0,80.0,182.94,0,合格,extended,WS-001,一号装配工位,WS-001,张伟,总装一车间,M12-04,2026-08-03 07:27:33
B0316,M24,8.8,0,20.0,520.0,186.27,0,合格,benchmark,WS-004,四号装配工位,WS-004,刘洋,总装二车间,M24-01,2026-08-03 07:28:42
E0822,M16,12.9,2,50.0,180.0,159.83,1,欠拧,extended,WS-002,二号装配工位,WS-002,李强,总装一车间,M16-02,2026-08-03 07:30:59
E0850,M16,8.8,0,-10.0,180.0,183.83,1,欠拧,extended,WS-002,二号装配工位,WS-002,李强,总装一车间,M16-03,2026-08-03 07:31:10
E1697,M12,10.9,1,20.0,80.0,151.28,4,虚拧,extended,WS-001,一号装配工位,WS-001,张伟,总装一车间,M12-05,2026-08-03 07:31:35
E0759,M20,12.9,2,50.0,320.0,126.22,1,欠拧,extended,WS-003,三号装配工位,WS-003,王芳,总装二车间,M20-04,2026-08-03 07:33:07
B0255,M20,8.8,0,20.0,320.0,112.28,0,合格,benchmark,WS-003,三号装配工位,WS-003,王芳,总装二车间,M20-04,2026-08-03 07:33:47
E1571,M20,10.9,1,20.0,320.0,169.99,4,虚拧,extended,WS-003,三号装配工位,WS-003,王芳,总装二车间,M20-03,2026-08-03 07:34:16
B0372,M24,8.8,0,20.0,520.0,137.66,0,合格,benchmark,WS-004,四号装配工位,WS-004,刘洋,总装二车间,M24-03,2026-08-03 07:38:22
B0156,M24,8.8,0,20.0,520.0,150.36,0,合格,benchmark,WS-004,四号装配工位,WS-004,刘洋,总装二车间,M24-03,2026-08-03 07:39:28
E1800,M24,12.9,2,50.0,520.0,159.38,4,虚拧,extended,WS-004,四号装配工位,WS-004,刘洋,总装二车间,M24-06,2026-08-03 07:42:07
B0446,M16,8.8,0,20.0,180.0,114.95,0,合格,benchmark,WS-002,二号装配工位,WS-002,李强,总装一车间,M16-04,2026-08-03 07:43:34
E0888,M24,12.9,2,50.0,520.0,154.89,1,欠拧,extended,WS-004,四号装配工位,WS-004,刘洋,总装二车间,M24-06,2026-08-03 07:43:46
B0237,M12,8.8,0,20.0,80.0,119.05,0,合格,benchmark,WS-001,一号装配工位,WS-001,张伟,总装一车间,M12-06,2026-08-03 07:45:26
E1042,M16,8.8,0,-10.0,180.0,138.98,2,过拧,extended,WS-002,二号装配工位,WS-002,李强,总装一车间,M16-03,2026-08-03 07:46:07
B0479,M20,8.8,0,20.0,320.0,154.83,0,合格,benchmark,WS-003,三号装配工位,WS-003,王芳,总装二车间,M20-06,2026-08-03 07:46:35
E0448,M24,8.8,0,-10.0,520.0,121.24,0,合格,extended,WS-004,四号装配工位,WS-004,刘洋,总装二车间,M24-04,2026-08-03 07:46:50
E1677,M12,12.9,2,50.0,80.0,166.41,4,虚拧,extended,WS-001,一号装配工位,WS-001,张伟,总装一车间,M12-06,2026-08-03 07:49:38
B0162,M16,8.8,0,20.0,180.0,122.32,0,合格,benchmark,WS-002,二号装配工位,WS-002,李强,总装一车间,M16-05,2026-08-03 07:49:50
B0108,M24,8.8,0,20.0,520.0,167.09,0,合格,benchmark,WS-004,四号装配工位,WS-004,刘洋,总装二车间,M24-03,2026-08-03 07:52:09
B0822,M16,8.8,0,20.0,180.0,130.13,1,欠拧,benchmark,WS-002,二号装配工位,WS-002,李强,总装一车间,M16-02,2026-08-03 07:55:45
B0819,M20,8.8,0,20.0,320.0,124.33,1,欠拧,benchmark,WS-003,三号装配工位,WS-003,王芳,总装二车间,M20-01,2026-08-03 07:56:02
B0311,M20,8.8,0,20.0,320.0,184.35,0,合格,benchmark,WS-003,三号装配工位,WS-003,王芳,总装二车间,M20-06,2026-08-03 07:57:04
E1363,M20,8.8,0,-10.0,320.0,188.39,3,滑牙,extended,WS-003,三号装配工位,WS-003,王芳,总装二车间,M20-05,2026-08-03 08:00:12
E0884,M24,10.9,1,20.0,520.0,121.72,1,欠拧,extended,WS-004,四号装配工位,WS-004,刘洋,总装二车间,M24-05,2026-08-03 08:03:33
E0902,M16,10.9,1,20.0,180.0,183.06,2,过拧,extended,WS-002,二号装配工位,WS-002,李强,总装一车间,M16-04,2026-08-03 08:05:06
E1522,M16,8.8,0,-10.0,180.0,145.28,4,虚拧,extended,WS-002,二号装配工位,WS-002,李强,总装一车间,M16-03,2026-08-03 08:07:11
B0122,M16,8.8,0,20.0,180.0,180.1,0,合格,benchmark,WS-002,二号装配工位,WS-002,李强,总装一车间,M16-01,2026-08-03 08:07:30
B1049,M12,8.8,0,20.0,80.0,173.56,3,滑牙,benchmark,WS-001,一号装配工位,WS-001,张伟,总装一车间,M12-05,2026-08-03 08:07:43
E1416,M24,12.9,2,50.0,520.0,165.82,3,滑牙,extended,WS-004,四号装配工位,WS-004,刘洋,总装二车间,M24-06,2026-08-03 08:09:51
B0859,M20,8.8,0,20.0,320.0,125.62,2,过拧,benchmark,WS-003,三号装配工位,WS-003,王芳,总装二车间,M20-05,2026-08-03 08:10:38
B0080,M24,8.8,0,20.0,520.0,129.57,0,合格,benchmark,WS-004,四号装配工位,WS-004,刘洋,总装二车间,M24-02,2026-08-03 08:13:35
B1132,M24,8.8,0,20.0,520.0,181.82,4,虚拧,benchmark,WS-004,四号装配工位,WS-004,刘洋,总装二车间,M24-01,2026-08-03 08:15:16
E0413,M12,10.9,1,20.0,80.0,185.44,0,合格,extended,WS-001,一号装配工位,WS-001,张伟,总装一车间,M12-02,2026-08-03 08:15:22
B0641,M12,8.8,0,20.0,80.0,124.08,0,合格,benchmark,WS-001,一号装配工位,WS-001,张伟,总装一车间,M12-05,2026-08-03 08:18:02
B0283,M20,8.8,0,20.0,320.0,145.96,0,合格,benchmark,WS-003,三号装配工位,WS-003,王芳,总装二车间,M20-05,2026-08-03 08:19:15
B0736,M24,8.8,0,20.0,520.0,136.38,1,欠拧,benchmark,WS-004,四号装配工位,WS-004,刘洋,总装二车间,M24-04,2026-08-03 08:19:43
E0227,M20,10.9,1,20.0,320.0,182.59,0,合格,extended,WS-003,三号装配工位,WS-003,王芳,总装二车间,M20-03,2026-08-03 08:21:16
E0106,M16,8.8,0,-10.0,180.0,122.9,0,合格,extended,WS-002,二号装配工位,WS-002,李强,总装一车间,M16-03,2026-08-03 08:21:22
E1459,M20,8.8,0,-10.0,320.0,185.09,3,滑牙,extended,WS-003,三号装配工位,WS-003,王芳,总装二车间,M20-05,2026-08-03 08:23:15
B0312,M24,8.8,0,20.0,520.0,116.5,0,合格,benchmark,WS-004,四号装配工位,WS-004,刘洋,总装二车间,M24-06,2026-08-03 08:24:04
E1080,M24,12.9,2,50.0,520.0,138.93,2,过拧,extended,WS-004,四号装配工位,WS-004,刘洋,总装二车间,M24-06,2026-08-03 08:24:10
E1732,M24,8.8,0,-10.0,520.0,173.27,4,虚拧,extended,WS-004,四号装配工位,WS-004,刘洋,总装二车间,M24-01,2026-08-03 08:26:43
E0613,M12,8.8,0,-10.0,80.0,181.64,1,欠拧,extended,WS-001,一号装配工位,WS-001,张伟,总装一车间,M12-04,2026-08-03 08:29:28
E1617,M12,12.9,2,50.0,80.0,166.12,4,虚拧,extended,WS-001,一号装配工位,WS-001,张伟,总装一车间,M12-03,2026-08-03 08:31:24
E0224,M24,10.9,1,20.0,520.0,133.63,0,合格,extended,WS-004,四号装配工位,WS-004,刘洋,总装二车间,M24-02,2026-08-03 08:34:15
E0912,M24,12.9,2,50.0,520.0,125.79,2,过拧,extended,WS-004,四号装配工位,WS-004,刘洋,总装二车间,M24-06,2026-08-03 08:34:51
B1071,M20,8.8,0,20.0,320.0,123.02,3,滑牙,benchmark,WS-003,三号装配工位,WS-003,王芳,总装二车间,M20-04,2026-08-03 08:35:49
E0129,M12,12.9,2,50.0,80.0,164.0,0,合格,extended,WS-001,一号装配工位,WS-001,张伟,总装一车间,M12-03,2026-08-03 08:36:03
E0074,M16,10.9,1,20.0,180.0,141.44,0,合格,extended,WS-002,二号装配工位,WS-002,李强,总装一车间,M16-01,2026-08-03 08:37:19
E1238,M16,10.9,1,20.0,180.0,149.68,3,滑牙,extended,WS-002,二号装配工位,WS-002,李强,总装一车间,M16-04,2026-08-03 08:43:08
E0098,M16,10.9,1,20.0,180.0,151.45,0,合格,extended,WS-002,二号装配工位,WS-002,李强,总装一车间,M16-01,2026-08-03 08:45:52
E0468,M24,12.9,2,50.0,520.0,151.76,0,合格,extended,WS-004,四号装配工位,WS-004,刘洋,总装二车间,M24-03,2026-08-03 08:47:19
B0416,M24,8.8,0,20.0,520.0,149.84,0,合格,benchmark,WS-004,四号装配工位,WS-004,刘洋,总装二车间,M24-02,2026-08-03 08:47:29
B0257,M12,8.8,0,20.0,80.0,113.29,0,合格,benchmark,WS-001,一号装配工位,WS-001,张伟,总装一车间,M12-05,2026-08-03 08:47:40
B0049,M12,8.8,0,20.0,80.0,117.15,0,合格,benchmark,WS-001,一号装配工位,WS-001,张伟,总装一车间,M12-01,2026-08-03 08:48:36
E0834,M16,12.9,2,50.0,180.0,126.62,1,欠拧,extended,WS-002,二号装配工位,WS-002,李强,总装一车间,M16-05,2026-08-03 08:49:21
B0711,M20,8.8,0,20.0,320.0,181.06,1,欠拧,benchmark,WS-003,三号装配工位,WS-003,王芳,总装二车间,M20-04,2026-08-03 08:54:28
E0127,M20,8.8,0,-10.0,320.0,158.48,0,合格,extended,WS-003,三号装配工位,WS-003,王芳,总装二车间,M20-02,2026-08-03 08:54:40
E1268,M24,10.9,1,20.0,520.0,139.7,3,滑牙,extended,WS-004,四号装配工位,WS-004,刘洋,总装二车间,M24-05,2026-08-03 08:55:33
E1432,M24,8.8,0,-10.0,520.0,122.0,3,滑牙,extended,WS-004,四号装配工位,WS-004,刘洋,总装二车间,M24-04,2026-08-03 08:59:24
B0550,M16,8.8,0,20.0,180.0,155.04,0,合格,benchmark,WS-002,二号装配工位,WS-002,李强,总装一车间,M16-06,2026-08-03 09:00:41
B0827,M20,8.8,0,20.0,320.0,115.13,2,过拧,benchmark,WS-003,三号装配工位,WS-003,王芳,总装二车间,M20-03,2026-08-03 09:00:44
E1085,M12,10.9,1,20.0,80.0,150.82,2,过拧,extended,WS-001,一号装配工位,WS-001,张伟,总装一车间,M12-02,2026-08-03 09:02:44
E0773,M12,10.9,1,20.0,80.0,117.52,1,欠拧,extended,WS-001,一号装配工位,WS-001,张伟,总装一车间,M12-02,2026-08-03 09:05:40
E0503,M20,10.9,1,20.0,320.0,153.5,0,合格,extended,WS-003,三号装配工位,WS-003,王芳,总装二车间,M20-06,2026-08-03 09:06:08
B0098,M16,8.8,0,20.0,180.0,123.14,0,合格,benchmark,WS-002,二号装配工位,WS-002,李强,总装一车间,M16-01,2026-08-03 09:08:22
E0496,M24,8.8,0,-10.0,520.0,162.19,0,合格,extended,WS-004,四号装配工位,WS-004,刘洋,总装二车间,M24-04,2026-08-03 09:08:45
B0060,M24,8.8,0,20.0,520.0,189.9,0,合格,benchmark,WS-004,四号装配工位,WS-004,刘洋,总装二车间,M24-03,2026-08-03 09:10:46
E0310,M16,8.8,0,-10.0,180.0,190.28,0,合格,extended,WS-002,二号装配工位,WS-002,李强,总装一车间,M16-06,2026-08-03 09:11:40
E1067,M20,10.9,1,20.0,320.0,158.21,2,过拧,extended,WS-003,三号装配工位,WS-003,王芳,总装二车间,M20-03,2026-08-03 09:12:16
B0191,M20,8.8,0,20.0,320.0,133.0,0,合格,benchmark,WS-003,三号装配工位,WS-003,王芳,总装二车间,M20-06,2026-08-03 09:13:35
B0813,M12,8.8,0,20.0,80.0,190.95,1,欠拧,benchmark,WS-001,一号装配工位,WS-001,张伟,总装一车间,M12-06,2026-08-03 09:17:01
E0580,M24,8.8,0,-10.0,520.0,182.71,0,合格,extended,WS-004,四号装配工位,WS-004,刘洋,总装二车间,M24-01,2026-08-03 09:17:18
E0936,M24,12.9,2,50.0,520.0,179.76,2,过拧,extended,WS-004,四号装配工位,WS-004,刘洋,总装二车间,M24-06,2026-08-03 09:21:02
B0636,M24,8.8,0,20.0,520.0,170.06,0,合格,benchmark,WS-004,四号装配工位,WS-004,刘洋,总装二车间,M24-03,2026-08-03 09:22:24
B0788,M24,8.8,0,20.0,520.0,119.03,1,欠拧,benchmark,WS-004,四号装配工位,WS-004,刘洋,总装二车间,M24-05,2026-08-03 09:23:56
E1056,M24,12.9,2,50.0,520.0,163.6,2,过拧,extended,WS-004,四号装配工位,WS-004,刘洋,总装二车间,M24-06,2026-08-03 09:24:13
B0615,M20,8.8,0,20.0,320.0,125.57,0,合格,benchmark,WS-003,三号装配工位,WS-003,王芳,总装二车间,M20-04,2026-08-03 09:24:14
B0075,M20,8.8,0,20.0,320.0,175.63,0,合格,benchmark,WS-003,三号装配工位,WS-003,王芳,总装二车间,M20-01,2026-08-03 09:25:35
E0347,M20,10.9,1,20.0,320.0,142.36,0,合格,extended,WS-003,三号装配工位,WS-003,王芳,总装二车间,M20-03,2026-08-03 09:29:51
B1062,M16,8.8,0,20.0,180.0,179.71,3,滑牙,benchmark,WS-002,二号装配工位,WS-002,李强,总装一车间,M16-02,2026-08-03 09:30:42
B1149,M12,8.8,0,20.0,80.0,141.21,4,虚拧,benchmark,WS-001,一号装配工位,WS-001,张伟,总装一车间,M12-06,2026-08-03 09:37:09
B0587,M20,8.8,0,20.0,320.0,157.13,0,合格,benchmark,WS-003,三号装配工位,WS-003,王芳,总装二车间,M20-03,2026-08-03 09:38:08
E1518,M16,12.9,2,50.0,180.0,170.95,4,虚拧,extended,WS-002,二号装配工位,WS-002,李强,总装一车间,M16-02,2026-08-03 09:41:20
B1183,M20,8.8,0,20.0,320.0,154.62,4,虚拧,benchmark,WS-003,三号装配工位,WS-003,王芳,总装二车间,M20-02,2026-08-03 09:44:15
B0941,M12,8.8,0,20.0,80.0,144.83,2,过拧,benchmark,WS-001,一号装配工位,WS-001,张伟,总装一车间,M12-02,2026-08-03 09:44:34
E1317,M12,12.9,2,50.0,80.0,140.41,3,滑牙,extended,WS-001,一号装配工位,WS-001,张伟,总装一车间,M12-06,2026-08-03 09:49:23
E0414,M16,12.9,2,50.0,180.0,141.76,0,合格,extended,WS-002,二号装配工位,WS-002,李强,总装一车间,M16-02,2026-08-03 09:54:10
B0422,M16,8.8,0,20.0,180.0,153.99,0,合格,benchmark,WS-002,二号装配工位,WS-002,李强,总装一车间,M16-04,2026-08-03 09:59:12
B0666,M16,8.8,0,20.0,180.0,182.18,0,合格,benchmark,WS-002,二号装配工位,WS-002,李强,总装一车间,M16-05,2026-08-03 10:01:31
B0184,M24,8.8,0,20.0,520.0,176.33,0,合格,benchmark,WS-004,四号装配工位,WS-004,刘洋,总装二车间,M24-04,2026-08-03 10:08:06
E0875,M20,10.9,1,20.0,320.0,151.53,1,欠拧,extended,WS-003,三号装配工位,WS-003,王芳,总装二车间,M20-03,2026-08-03 10:08:58
B0175,M20,8.8,0,20.0,320.0,115.24,0,合格,benchmark,WS-003,三号装配工位,WS-003,王芳,总装二车间,M20-02,2026-08-03 10:10:02
B0008,M24,8.8,0,20.0,520.0,161.08,0,合格,benchmark,WS-004,四号装配工位,WS-004,刘洋,总装二车间,M24-02,2026-08-03 10:12:37
B0875,M20,8.8,0,20.0,320.0,162.43,2,过拧,benchmark,WS-003,三号装配工位,WS-003,王芳,总装二车间,M20-03,2026-08-03 10:12:39
B0866,M16,8.8,0,20.0,180.0,173.2,2,过拧,benchmark,WS-002,二号装配工位,WS-002,李强,总装一车间,M16-01,2026-08-03 10:15:52
E0272,M24,10.9,1,20.0,520.0,139.5,0,合格,extended,WS-004,四号装配工位,WS-004,刘洋,总装二车间,M24-02,2026-08-03 10:16:10
E1175,M20,10.9,1,20.0,320.0,161.56,2,过拧,extended,WS-003,三号装配工位,WS-003,王芳,总装二车间,M20-06,2026-08-03 10:20:22
E1301,M12,10.9,1,20.0,80.0,164.84,3,滑牙,extended,WS-001,一号装配工位,WS-001,张伟,总装一车间,M12-02,2026-08-03 10:21:29
E0533,M12,10.9,1,20.0,80.0,118.63,0,合格,extended,WS-001,一号装配工位,WS-001,张伟,总装一车间,M12-02,2026-08-03 10:21:47
B0204,M24,8.8,0,20.0,520.0,160.21,0,合格,benchmark,WS-004,四号装配工位,WS-004,刘洋,总装二车间,M24-03,2026-08-03 10:22:44
B0932,M24,8.8,0,20.0,520.0,179.54,2,过拧,benchmark,WS-004,四号装配工位,WS-004,刘洋,总装二车间,M24-05,2026-08-03 10:23:01
E0103,M20,8.8,0,-10.0,320.0,185.96,0,合格,extended,WS-003,三号装配工位,WS-003,王芳,总装二车间,M20-02,2026-08-03 10:23:12
E0981,M12,12.9,2,50.0,80.0,118.96,2,过拧,extended,WS-001,一号装配工位,WS-001,张伟,总装一车间,M12-06,2026-08-03 10:23:16
E1011,M20,12.9,2,50.0,320.0,120.78,2,过拧,extended,WS-003,三号装配工位,WS-003,王芳,总装二车间,M20-01,2026-08-03 10:23:32
B0086,M16,8.8,0,20.0,180.0,115.1,0,合格,benchmark,WS-002,二号装配工位,WS-002,李强,总装一车间,M16-04,2026-08-03 10:25:08
B0043,M20,8.8,0,20.0,320.0,134.61,0,合格,benchmark,WS-003,三号装配工位,WS-003,王芳,总装二车间,M20-05,2026-08-03 10:26:15
E0941,M12,10.9,1,20.0,80.0,149.85,2,过拧,extended,WS-001,一号装配工位,WS-001,张伟,总装一车间,M12-02,2026-08-03 10:27:27
E0148,M24,8.8,0,-10.0,520.0,172.12,0,合格,extended,WS-004,四号装配工位,WS-004,刘洋,总装二车间,M24-01,2026-08-03 10:27:48
E0920,M24,10.9,1,20.0,520.0,120.62,2,过拧,extended,WS-004,四号装配工位,WS-004,刘洋,总装二车间,M24-02,2026-08-03 10:30:00
B0982,M16,8.8,0,20.0,180.0,134.95,3,滑牙,benchmark,WS-002,二号装配工位,WS-002,李强,总装一车间,M16-06,2026-08-03 10:32:38
E0395,M20,10.9,1,20.0,320.0,109.92,0,合格,extended,WS-003,三号装配工位,WS-003,王芳,总装二车间,M20-03,2026-08-03 10:33:04
B1194,M16,8.8,0,20.0,180.0,192.46,4,虚拧,benchmark,WS-002,二号装配工位,WS-002,李强,总装一车间,M16-05,2026-08-03 10:37:06
B0223,M20,8.8,0,20.0,320.0,151.02,0,合格,benchmark,WS-003,三号装配工位,WS-003,王芳,总装二车间,M20-02,2026-08-03 10:41:25
E0955,M20,8.8,0,-10.0,320.0,167.25,2,过拧,extended,WS-003,三号装配工位,WS-003,王芳,总装二车间,M20-05,2026-08-03 10:44:06
E1642,M16,8.8,0,-10.0,180.0,126.77,4,虚拧,extended,WS-002,二号装配工位,WS-002,李强,总装一车间,M16-03,2026-08-03 10:44:54
B0110,M16,8.8,0,20.0,180.0,129.59,0,合格,benchmark,WS-002,二号装配工位,WS-002,李强,总装一车间,M16-04,2026-08-03 10:46:18
B1064,M24,8.8,0,20.0,520.0,173.64,3,滑牙,benchmark,WS-004,四号装配工位,WS-004,刘洋,总装二车间,M24-02,2026-08-03 10:47:21
E1574,M16,10.9,1,20.0,180.0,159.23,4,虚拧,extended,WS-002,二号装配工位,WS-002,李强,总装一车间,M16-04,2026-08-03 10:49:02
E1507,M20,8.8,0,-10.0,320.0,137.79,4,虚拧,extended,WS-003,三号装配工位,WS-003,王芳,总装二车间,M20-05,2026-08-03 10:50:21
B1041,M12,8.8,0,20.0,80.0,124.61,3,滑牙,benchmark,WS-001,一号装配工位,WS-001,张伟,总装一车间,M12-03,2026-08-03 10:50:37
E0339,M20,12.9,2,50.0,320.0,161.94,0,合格,extended,WS-003,三号装配工位,WS-003,王芳,总装二车间,M20-01,2026-08-03 10:51:03
E1620,M24,12.9,2,50.0,520.0,148.4,4,虚拧,extended,WS-004,四号装配工位,WS-004,刘洋,总装二车间,M24-03,2026-08-03 10:57:53
E1599,M20,12.9,2,50.0,320.0,178.62,4,虚拧,extended,WS-003,三号装配工位,WS-003,王芳,总装二车间,M20-04,2026-08-03 10:58:04
E0400,M24,8.8,0,-10.0,520.0,157.74,0,合格,extended,WS-004,四号装配工位,WS-004,刘洋,总装二车间,M24-04,2026-08-03 10:58:57
B0541,M12,8.8,0,20.0,80.0,147.02,0,合格,benchmark,WS-001,一号装配工位,WS-001,张伟,总装一车间,M12-04,2026-08-03 11:03:02
B1045,M12,8.8,0,20.0,80.0,191.23,3,滑牙,benchmark,WS-001,一号装配工位,WS-001,张伟,总装一车间,M12-04,2026-08-03 11:03:38
B0906,M16,8.8,0,20.0,180.0,151.8,2,过拧,benchmark,WS-002,二号装配工位,WS-002,李强,总装一车间,M16-05,2026-08-03 11:05:22
E0117,M12,12.9,2,50.0,80.0,154.95,0,合格,extended,WS-001,一号装配工位,WS-001,张伟,总装一车间,M12-06,2026-08-03 11:05:38
B0892,M24,8.8,0,20.0,520.0,124.89,2,过拧,benchmark,WS-004,四号装配工位,WS-004,刘洋,总装二车间,M24-01,2026-08-03 11:06:47
E0694,M16,8.8,0,-10.0,180.0,153.7,1,欠拧,extended,WS-002,二号装配工位,WS-002,李强,总装一车间,M16-06,2026-08-03 11:08:15
E1208,M24,10.9,1,20.0,520.0,116.18,3,滑牙,extended,WS-004,四号装配工位,WS-004,刘洋,总装二车间,M24-02,2026-08-03 11:09:30
E1045,M12,8.8,0,-10.0,80.0,112.16,2,过拧,extended,WS-001,一号装配工位,WS-001,张伟,总装一车间,M12-04,2026-08-03 11:10:59
B1077,M12,8.8,0,20.0,80.0,167.27,4,虚拧,benchmark,WS-001,一号装配工位,WS-001,张伟,总装一车间,M12-06,2026-08-03 11:13:42
E0322,M16,8.8,0,-10.0,180.0,128.42,0,合格,extended,WS-002,二号装配工位,WS-002,李强,总装一车间,M16-03,2026-08-03 11:13:55
E0076,M24,8.8,0,-10.0,520.0,134.09,0,合格,extended,WS-004,四号装配工位,WS-004,刘洋,总装二车间,M24-01,2026-08-03 11:21:16
B1197,M12,8.8,0,20.0,80.0,188.2,4,虚拧,benchmark,WS-001,一号装配工位,WS-001,张伟,总装一车间,M12-06,2026-08-03 11:22:14
E1153,M12,8.8,0,-10.0,80.0,186.71,2,过拧,extended,WS-001,一号装配工位,WS-001,张伟,总装一车间,M12-01,2026-08-03 11:26:00
E1095,M20,12.9,2,50.0,320.0,180.72,2,过拧,extended,WS-003,三号装配工位,WS-003,王芳,总装二车间,M20-04,2026-08-03 11:26:25
E0855,M20,12.9,2,50.0,320.0,144.76,1,欠拧,extended,WS-003,三号装配工位,WS-003,王芳,总装二车间,M20-04,2026-08-03 11:26:39
E1741,M12,8.8,0,-10.0,80.0,121.76,4,虚拧,extended,WS-001,一号装配工位,WS-001,张伟,总装一车间,M12-04,2026-08-03 11:29:18
B0430,M16,8.8,0,20.0,180.0,113.46,0,合格,benchmark,WS-002,二号装配工位,WS-002,李强,总装一车间,M16-06,2026-08-03 11:30:33
B0212,M24,8.8,0,20.0,520.0,171.82,0,合格,benchmark,WS-004,四号装配工位,WS-004,刘洋,总装二车间,M24-05,2026-08-03 11:36:57
B0177,M12,8.8,0,20.0,80.0,133.92,0,合格,benchmark,WS-001,一号装配工位,WS-001,张伟,总装一车间,M12-03,2026-08-03 11:37:41
E1781,M12,10.9,1,20.0,80.0,138.75,4,虚拧,extended,WS-001,一号装配工位,WS-001,张伟,总装一车间,M12-02,2026-08-03 11:38:16
B0015,M20,8.8,0,20.0,320.0,163.84,0,合格,benchmark,WS-003,三号装配工位,WS-003,王芳,总装二车间,M20-04,2026-08-03 11:39:30
E0475,M20,8.8,0,-10.0,320.0,192.92,0,合格,extended,WS-003,三号装配工位,WS-003,王芳,总装二车间,M20-05,2026-08-03 11:40:05
E0132,M24,12.9,2,50.0,520.0,186.44,0,合格,extended,WS-004,四号装配工位,WS-004,刘洋,总装二车间,M24-03,2026-08-03 11:40:12
B0774,M16,8.8,0,20.0,180.0,143.82,1,欠拧,benchmark,WS-002,二号装配工位,WS-002,李强,总装一车间,M16-02,2026-08-03 11:40:43
E0931,M20,8.8,0,-10.0,320.0,114.97,2,过拧,extended,WS-003,三号装配工位,WS-003,王芳,总装二车间,M20-05,2026-08-03 11:41:44
E0550,M16,8.8,0,-10.0,180.0,114.45,0,合格,extended,WS-002,二号装配工位,WS-002,李强,总装一车间,M16-06,2026-08-03 11:47:25
B0236,M24,8.8,0,20.0,520.0,183.53,0,合格,benchmark,WS-004,四号装配工位,WS-004,刘洋,总装二车间,M24-05,2026-08-03 11:48:04
E0819,M20,12.9,2,50.0,320.0,121.97,1,欠拧,extended,WS-003,三号装配工位,WS-003,王芳,总装二车间,M20-01,2026-08-03 11:48:31
E1785,M12,12.9,2,50.0,80.0,115.72,4,虚拧,extended,WS-001,一号装配工位,WS-001,张伟,总装一车间,M12-03,2026-08-03 11:48:52
E1769,M12,10.9,1,20.0,80.0,136.89,4,虚拧,extended,WS-001,一号装配工位,WS-001,张伟,总装一车间,M12-05,2026-08-03 11:49:01
E0864,M24,12.9,2,50.0,520.0,180.44,1,欠拧,extended,WS-004,四号装配工位,WS-004,刘洋,总装二车间,M24-06,2026-08-03 11:49:27
B0395,M20,8.8,0,20.0,320.0,146.13,0,合格,benchmark,WS-003,三号装配工位,WS-003,王芳,总装二车间,M20-03,2026-08-03 11:50:05
E0703,M20,8.8,0,-10.0,320.0,122.78,1,欠拧,extended,WS-003,三号装配工位,WS-003,王芳,总装二车间,M20-02,2026-08-03 11:50:08
E0008,M24,10.9,1,20.0,520.0,141.75,0,合格,extended,WS-004,四号装配工位,WS-004,刘洋,总装二车间,M24-02,2026-08-03 11:53:24
B0727,M20,8.8,0,20.0,320.0,180.92,1,欠拧,benchmark,WS-003,三号装配工位,WS-003,王芳,总装二车间,M20-02,2026-08-03 11:55:41
E0441,M12,12.9,2,50.0,80.0,143.35,0,合格,extended,WS-001,一号装配工位,WS-001,张伟,总装一车间,M12-03,2026-08-03 11:57:21
B0225,M12,8.8,0,20.0,80.0,157.03,0,合格,benchmark,WS-001,一号装配工位,WS-001,张伟,总装一车间,M12-03,2026-08-03 11:57:22
B0697,M12,8.8,0,20.0,80.0,155.17,0,合格,benchmark,WS-001,一号装配工位,WS-001,张伟,总装一车间,M12-01,2026-08-03 11:58:25
E1738,M16,8.8,0,-10.0,180.0,117.84,4,虚拧,extended,WS-002,二号装配工位,WS-002,李强,总装一车间,M16-03,2026-08-03 11:58:38
E1593,M12,12.9,2,50.0,80.0,107.29,4,虚拧,extended,WS-001,一号装配工位,WS-001,张伟,总装一车间,M12-03,2026-08-03 11:59:46
B0174,M16,8.8,0,20.0,180.0,165.17,0,合格,benchmark,WS-002,二号装配工位,WS-002,李强,总装一车间,M16-02,2026-08-03 12:00:35
B0793,M12,8.8,0,20.0,80.0,117.5,1,欠拧,benchmark,WS-001,一号装配工位,WS-001,张伟,总装一车间,M12-01,2026-08-03 12:01:34
E1398,M16,12.9,2,50.0,180.0,137.68,3,滑牙,extended,WS-002,二号装配工位,WS-002,李强,总装一车间,M16-02,2026-08-03 12:03:51
B1119,M20,8.8,0,20.0,320.0,140.72,4,虚拧,benchmark,WS-003,三号装配工位,WS-003,王芳,总装二车间,M20-04,2026-08-03 12:04:24
B0461,M12,8.8,0,20.0,80.0,112.65,0,合格,benchmark,WS-001,一号装配工位,WS-001,张伟,总装一车间,M12-02,2026-08-03 12:04:45
B0681,M12,8.8,0,20.0,80.0,181.02,0,合格,benchmark,WS-001,一号装配工位,WS-001,张伟,总装一车间,M12-03,2026-08-03 12:05:09
E1655,M20,10.9,1,20.0,320.0,163.34,4,虚拧,extended,WS-003,三号装配工位,WS-003,王芳,总装二车间,M20-06,2026-08-03 12:07:01
E1659,M20,12.9,2,50.0,320.0,134.82,4,虚拧,extended,WS-003,三号装配工位,WS-003,王芳,总装二车间,M20-01,2026-08-03 12:09:45
B1137,M12,8.8,0,20.0,80.0,168.28,4,虚拧,benchmark,WS-001,一号装配工位,WS-001,张伟,总装一车间,M12-03,2026-08-03 12:11:46
E0867,M20,12.9,2,50.0,320.0,173.64,1,欠拧,extended,WS-003,三号装配工位,WS-003,王芳,总装二车间,M20-01,2026-08-03 12:12:27
E0398,M16,10.9,1,20.0,180.0,177.08,0,合格,extended,WS-002,二号装配工位,WS-002,李强,总装一车间,M16-04,2026-08-03 12:12:47
B0676,M24,8.8,0,20.0,520.0,122.19,0,合格,benchmark,WS-004,四号装配工位,WS-004,刘洋,总装二车间,M24-01,2026-08-03 12:15:05
E0470,M16,10.9,1,20.0,180.0,151.51,0,合格,extended,WS-002,二号装配工位,WS-002,李强,总装一车间,M16-04,2026-08-03 12:15:19
E0818,M16,10.9,1,20.0,180.0,140.67,1,欠拧,extended,WS-002,二号装配工位,WS-002,李强,总装一车间,M16-01,2026-08-03 12:17:05
E0679,M20,8.8,0,-10.0,320.0,117.8,1,欠拧,extended,WS-003,三号装配工位,WS-003,王芳,总装二车间,M20-02,2026-08-03 12:19:29
B0318,M16,8.8,0,20.0,180.0,133.72,0,合格,benchmark,WS-002,二号装配工位,WS-002,李强,总装一车间,M16-02,2026-08-03 12:20:37
E0585,M12,12.9,2,50.0,80.0,149.66,0,合格,extended,WS-001,一号装配工位,WS-001,张伟,总装一车间,M12-03,2026-08-03 12:21:45
B0713,M12,8.8,0,20.0,80.0,136.95,1,欠拧,benchmark,WS-001,一号装配工位,WS-001,张伟,总装一车间,M12-05,2026-08-03 12:23:52
E1068,M24,12.9,2,50.0,520.0,149.53,2,过拧,extended,WS-004,四号装配工位,WS-004,刘洋,总装二车间,M24-03,2026-08-03 12:24:16
B0731,M20,8.8,0,20.0,320.0,178.38,1,欠拧,benchmark,WS-003,三号装配工位,WS-003,王芳,总装二车间,M20-03,2026-08-03 12:28:27
E1491,M20,12.9,2,50.0,320.0,139.88,3,滑牙,extended,WS-003,三号装配工位,WS-003,王芳,总装二车间,M20-01,2026-08-03 12:31:04
B0760,M24,8.8,0,20.0,520.0,151.99,1,欠拧,benchmark,WS-004,四号装配工位,WS-004,刘洋,总装二车间,M24-04,2026-08-03 12:32:14
B0317,M12,8.8,0,20.0,80.0,178.41,0,合格,benchmark,WS-001,一号装配工位,WS-001,张伟,总装一车间,M12-02,2026-08-03 12:34:52
E1373,M12,10.9,1,20.0,80.0,172.7,3,滑牙,extended,WS-001,一号装配工位,WS-001,张伟,总装一车间,M12-02,2026-08-03 12:35:45
E1509,M12,12.9,2,50.0,80.0,161.66,4,虚拧,extended,WS-001,一号装配工位,WS-001,张伟,总装一车间,M12-06,2026-08-03 12:35:46
B0737,M12,8.8,0,20.0,80.0,174.95,1,欠拧,benchmark,WS-001,一号装配工位,WS-001,张伟,总装一车间,M12-05,2026-08-03 12:35:54
B1033,M12,8.8,0,20.0,80.0,156.66,3,滑牙,benchmark,WS-001,一号装配工位,WS-001,张伟,总装一车间,M12-01,2026-08-03 12:36:57
E0524,M24,10.9,1,20.0,520.0,148.74,0,合格,extended,WS-004,四号装配工位,WS-004,刘洋,总装二车间,M24-05,2026-08-03 12:38:30
E0018,M16,12.9,2,50.0,180.0,171.78,0,合格,extended,WS-002,二号装配工位,WS-002,李强,总装一车间,M16-05,2026-08-03 12:44:01
E0887,M20,10.9,1,20.0,320.0,171.84,1,欠拧,extended,WS-003,三号装配工位,WS-003,王芳,总装二车间,M20-06,2026-08-03 12:46:50
B1009,M12,8.8,0,20.0,80.0,152.19,3,滑牙,benchmark,WS-001,一号装配工位,WS-001,张伟,总装一车间,M12-01,2026-08-03 12:48:15
E0514,M16,8.8,0,-10.0,180.0,168.23,0,合格,extended,WS-002,二号装配工位,WS-002,李强,总装一车间,M16-03,2026-08-03 12:48:41
E0032,M24,10.9,1,20.0,520.0,117.61,0,合格,extended,WS-004,四号装配工位,WS-004,刘洋,总装二车间,M24-02,2026-08-03 12:49:48
E1765,M12,8.8,0,-10.0,80.0,176.87,4,虚拧,extended,WS-001,一号装配工位,WS-001,张伟,总装一车间,M12-04,2026-08-03 12:50:36
E0373,M12,8.8,0,-10.0,80.0,168.0,0,合格,extended,WS-001,一号装配工位,WS-001,张伟,总装一车间,M12-04,2026-08-03 12:51:28
B0886,M16,8.8,0,20.0,180.0,149.73,2,过拧,benchmark,WS-002,二号装配工位,WS-002,李强,总装一车间,M16-06,2026-08-03 12:53:33
E0149,M12,10.9,1,20.0,80.0,116.09,0,合格,extended,WS-001,一号装配工位,WS-001,张伟,总装一车间,M12-02,2026-08-03 12:53:54
E0857,M12,10.9,1,20.0,80.0,185.42,1,欠拧,extended,WS-001,一号装配工位,WS-001,张伟,总装一车间,M12-05,2026-08-03 12:54:00
E1200,M24,12.9,2,50.0,520.0,172.68,2,过拧,extended,WS-004,四号装配工位,WS-004,刘洋,总装二车间,M24-06,2026-08-03 12:54:00
B0662,M16,8.8,0,20.0,180.0,125.64,0,合格,benchmark,WS-002,二号装配工位,WS-002,李强,总装一车间,M16-04,2026-08-03 12:54:44
E0660,M24,12.9,2,50.0,520.0,170.99,1,欠拧,extended,WS-004,四号装配工位,WS-004,刘洋,总装二车间,M24-03,2026-08-03 12:55:45
B0013,M12,8.8,0,20.0,80.0,113.22,0,合格,benchmark,WS-001,一号装配工位,WS-001,张伟,总装一车间,M12-04,2026-08-03 12:58:27
E0391,M20,8.8,0,-10.0,320.0,114.05,0,合格,extended,WS-003,三号装配工位,WS-003,王芳,总装二车间,M20-02,2026-08-03 12:59:04
B0557,M12,8.8,0,20.0,80.0,147.94,0,合格,benchmark,WS-001,一号装配工位,WS-001,张伟,总装一车间,M12-02,2026-08-03 12:59:34
B0377,M12,8.8,0,20.0,80.0,153.81,0,合格,benchmark,WS-001,一号装配工位,WS-001,张伟,总装一车间,M12-05,2026-08-03 13:02:11
B1002,M16,8.8,0,20.0,180.0,124.83,3,滑牙,benchmark,WS-002,二号装配工位,WS-002,李强,总装一车间,M16-05,2026-08-03 13:02:34
B0215,M20,8.8,0,20.0,320.0,186.86,0,合格,benchmark,WS-003,三号装配工位,WS-003,王芳,总装二车间,M20-06,2026-08-03 13:03:29
B0631,M20,8.8,0,20.0,320.0,186.98,0,合格,benchmark,WS-003,三号装配工位,WS-003,王芳,总装二车间,M20-02,2026-08-03 13:03:36
B0757,M12,8.8,0,20.0,80.0,166.44,1,欠拧,benchmark,WS-001,一号装配工位,WS-001,张伟,总装一车间,M12-04,2026-08-03 13:05:57
E1144,M24,8.8,0,-10.0,520.0,184.6,2,过拧,extended,WS-004,四号装配工位,WS-004,刘洋,总装二车间,M24-04,2026-08-03 13:07:17
B0805,M12,8.8,0,20.0,80.0,122.03,1,欠拧,benchmark,WS-001,一号装配工位,WS-001,张伟,总装一车间,M12-04,2026-08-03 13:09:08
B0739,M20,8.8,0,20.0,320.0,141.89,1,欠拧,benchmark,WS-003,三号装配工位,WS-003,王芳,总装二车间,M20-05,2026-08-03 13:09:09
B0471,M20,8.8,0,20.0,320.0,138.65,0,合格,benchmark,WS-003,三号装配工位,WS-003,王芳,总装二车间,M20-04,2026-08-03 13:09:33
E0858,M16,12.9,2,50.0,180.0,117.61,1,欠拧,extended,WS-002,二号装配工位,WS-002,李强,总装一车间,M16-05,2026-08-03 13:10:21
E0402,M16,12.9,2,50.0,180.0,159.49,0,合格,extended,WS-002,二号装配工位,WS-002,李强,总装一车间,M16-05,2026-08-03 13:10:40
B0432,M24,8.8,0,20.0,520.0,179.69,0,合格,benchmark,WS-004,四号装配工位,WS-004,刘洋,总装二车间,M24-06,2026-08-03 13:12:24
B0603,M20,8.8,0,20.0,320.0,141.25,0,合格,benchmark,WS-003,三号装配工位,WS-003,王芳,总装二车间,M20-01,2026-08-03 13:12:39
E0249,M12,12.9,2,50.0,80.0,108.71,0,合格,extended,WS-001,一号装配工位,WS-001,张伟,总装一车间,M12-03,2026-08-03 13:13:33
E0082,M16,8.8,0,-10.0,180.0,119.5,0,合格,extended,WS-002,二号装配工位,WS-002,李强,总装一车间,M16-03,2026-08-03 13:14:20
E0661,M12,8.8,0,-10.0,80.0,111.87,1,欠拧,extended,WS-001,一号装配工位,WS-001,张伟,总装一车间,M12-04,2026-08-03 13:15:59
E0081,M12,12.9,2,50.0,80.0,191.97,0,合格,extended,WS-001,一号装配工位,WS-001,张伟,总装一车间,M12-03,2026-08-03 13:16:12
E0915,M20,12.9,2,50.0,320.0,125.9,2,过拧,extended,WS-003,三号装配工位,WS-003,王芳,总装二车间,M20-01,2026-08-03 13:23:29
E0766,M16,8.8,0,-10.0,180.0,134.36,1,欠拧,extended,WS-002,二号装配工位,WS-002,李强,总装一车间,M16-06,2026-08-03 13:23:46
E0522,M16,12.9,2,50.0,180.0,137.51,0,合格,extended,WS-002,二号装配工位,WS-002,李强,总装一车间,M16-05,2026-08-03 13:24:12
E0194,M16,10.9,1,20.0,180.0,193.52,0,合格,extended,WS-002,二号装配工位,WS-002,李强,总装一车间,M16-01,2026-08-03 13:26:48
B1036,M24,8.8,0,20.0,520.0,106.35,3,滑牙,benchmark,WS-004,四号装配工位,WS-004,刘洋,总装二车间,M24-01,2026-08-03 13:28:25
E0645,M12,12.9,2,50.0,80.0,162.49,1,欠拧,extended,WS-001,一号装配工位,WS-001,张伟,总装一车间,M12-06,2026-08-03 13:29:35
B0059,M20,8.8,0,20.0,320.0,179.02,0,合格,benchmark,WS-003,三号装配工位,WS-003,王芳,总装二车间,M20-03,2026-08-03 13:31:23
E1438,M16,8.8,0,-10.0,180.0,152.03,3,滑牙,extended,WS-002,二号装配工位,WS-002,李强,总装一车间,M16-06,2026-08-03 13:31:44
E0542,M16,10.9,1,20.0,180.0,156.76,0,合格,extended,WS-002,二号装配工位,WS-002,李强,总装一车间,M16-04,2026-08-03 13:32:21
B1139,M20,8.8,0,20.0,320.0,135.03,4,虚拧,benchmark,WS-003,三号装配工位,WS-003,王芳,总装二车间,M20-03,2026-08-03 13:32:38
E0313,M12,8.8,0,-10.0,80.0,114.6,0,合格,extended,WS-001,一号装配工位,WS-001,张伟,总装一车间,M12-01,2026-08-03 13:33:50
B0062,M16,8.8,0,20.0,180.0,120.31,0,合格,benchmark,WS-002,二号装配工位,WS-002,李强,总装一车间,M16-04,2026-08-03 13:37:22
E0972,M24,12.9,2,50.0,520.0,140.43,2,过拧,extended,WS-004,四号装配工位,WS-004,刘洋,总装二车间,M24-03,2026-08-03 13:38:21
B0878,M16,8.8,0,20.0,180.0,174.32,2,过拧,benchmark,WS-002,二号装配工位,WS-002,李强,总装一车间,M16-04,2026-08-03 13:39:12
E0925,M12,8.8,0,-10.0,80.0,155.97,2,过拧,extended,WS-001,一号装配工位,WS-001,张伟,总装一车间,M12-04,2026-08-03 13:40:40
E1203,M20,12.9,2,50.0,320.0,193.95,3,滑牙,extended,WS-003,三号装配工位,WS-003,王芳,总装二车间,M20-01,2026-08-03 13:42:21
B0512,M24,8.8,0,20.0,520.0,116.03,0,合格,benchmark,WS-004,四号装配工位,WS-004,刘洋,总装二车间,M24-02,2026-08-03 13:42:46
E0843,M20,12.9,2,50.0,320.0,179.12,1,欠拧,extended,WS-003,三号装配工位,WS-003,王芳,总装二车间,M20-01,2026-08-03 13:44:27
E1125,M12,12.9,2,50.0,80.0,187.86,2,过拧,extended,WS-001,一号装配工位,WS-001,张伟,总装一车间,M12-06,2026-08-03 13:45:53
B0391,M20,8.8,0,20.0,320.0,114.13,0,合格,benchmark,WS-003,三号装配工位,WS-003,王芳,总装二车间,M20-02,2026-08-03 13:45:54
B0378,M16,8.8,0,20.0,180.0,124.87,0,合格,benchmark,WS-002,二号装配工位,WS-002,李强,总装一车间,M16-05,2026-08-03 13:46:07
E0699,M20,12.9,2,50.0,320.0,178.6,1,欠拧,extended,WS-003,三号装配工位,WS-003,王芳,总装二车间,M20-01,2026-08-03 13:47:21
E1787,M20,10.9,1,20.0,320.0,149.18,4,虚拧,extended,WS-003,三号装配工位,WS-003,王芳,总装二车间,M20-03,2026-08-03 13:49:40
B0360,M24,8.8,0,20.0,520.0,172.76,0,合格,benchmark,WS-004,四号装配工位,WS-004,刘洋,总装二车间,M24-06,2026-08-03 13:53:59
E1094,M16,10.9,1,20.0,180.0,135.62,2,过拧,extended,WS-002,二号装配工位,WS-002,李强,总装一车间,M16-04,2026-08-03 13:54:54
B0463,M20,8.8,0,20.0,320.0,157.34,0,合格,benchmark,WS-003,三号装配工位,WS-003,王芳,总装二车间,M20-02,2026-08-03 13:54:55
B0895,M20,8.8,0,20.0,320.0,113.65,2,过拧,benchmark,WS-003,三号装配工位,WS-003,王芳,总装二车间,M20-02,2026-08-03 13:57:30
E0844,M24,8.8,0,-10.0,520.0,160.92,1,欠拧,extended,WS-004,四号装配工位,WS-004,刘洋,总装二车间,M24-01,2026-08-03 13:58:21
E0034,M16,8.8,0,-10.0,180.0,163.59,0,合格,extended,WS-002,二号装配工位,WS-002,李强,总装一车间,M16-03,2026-08-03 13:59:55
E1152,M24,12.9,2,50.0,520.0,178.78,2,过拧,extended,WS-004,四号装配工位,WS-004,刘洋,总装二车间,M24-06,2026-08-03 14:01:08
E0784,M24,8.8,0,-10.0,520.0,164.3,1,欠拧,extended,WS-004,四号装配工位,WS-004,刘洋,总装二车间,M24-04,2026-08-03 14:03:37
E0849,M12,12.9,2,50.0,80.0,157.64,1,欠拧,extended,WS-001,一号装配工位,WS-001,张伟,总装一车间,M12-03,2026-08-03 14:04:08
E0899,M20,10.9,1,20.0,320.0,161.4,1,欠拧,extended,WS-003,三号装配工位,WS-003,王芳,总装二车间,M20-03,2026-08-03 14:05:23
E1162,M16,8.8,0,-10.0,180.0,141.44,2,过拧,extended,WS-002,二号装配工位,WS-002,李强,总装一车间,M16-03,2026-08-03 14:06:26
E0467,M20,10.9,1,20.0,320.0,176.27,0,合格,extended,WS-003,三号装配工位,WS-003,王芳,总装二车间,M20-03,2026-08-03 14:07:11
E0178,M16,8.8,0,-10.0,180.0,127.81,0,合格,extended,WS-002,二号装配工位,WS-002,李强,总装一车间,M16-03,2026-08-03 14:08:28
E1148,M24,10.9,1,20.0,520.0,178.97,2,过拧,extended,WS-004,四号装配工位,WS-004,刘洋,总装二车间,M24-05,2026-08-03 14:10:03
B1065,M12,8.8,0,20.0,80.0,152.98,3,滑牙,benchmark,WS-001,一号装配工位,WS-001,张伟,总装一车间,M12-03,2026-08-03 14:13:17
E1303,M20,8.8,0,-10.0,320.0,133.61,3,滑牙,extended,WS-003,三号装配工位,WS-003,王芳,总装二车间,M20-02,2026-08-03 14:13:38
B0493,M12,8.8,0,20.0,80.0,181.1,0,合格,benchmark,WS-001,一号装配工位,WS-001,张伟,总装一车间,M12-04,2026-08-03 14:14:29
E0590,M16,10.9,1,20.0,180.0,140.9,0,合格,extended,WS-002,二号装配工位,WS-002,李强,总装一车间,M16-04,2026-08-03 14:15:08
E0795,M20,12.9,2,50.0,320.0,160.45,1,欠拧,extended,WS-003,三号装配工位,WS-003,王芳,总装二车间,M20-01,2026-08-03 14:17:06
E1314,M16,12.9,2,50.0,180.0,164.53,3,滑牙,extended,WS-002,二号装配工位,WS-002,李强,总装一车间,M16-05,2026-08-03 14:18:27
E1229,M12,10.9,1,20.0,80.0,137.21,3,滑牙,extended,WS-001,一号装配工位,WS-001,张伟,总装一车间,M12-02,2026-08-03 14:19:51
B1098,M16,8.8,0,20.0,180.0,153.6,4,虚拧,benchmark,WS-002,二号装配工位,WS-002,李强,总装一车间,M16-05,2026-08-03 14:23:01
E1406,M16,10.9,1,20.0,180.0,112.89,3,滑牙,extended,WS-002,二号装配工位,WS-002,李强,总装一车间,M16-04,2026-08-03 14:23:55
B1073,M12,8.8,0,20.0,80.0,132.1,3,滑牙,benchmark,WS-001,一号装配工位,WS-001,张伟,总装一车间,M12-05,2026-08-03 14:28:11
B0247,M20,8.8,0,20.0,320.0,124.41,0,合格,benchmark,WS-003,三号装配工位,WS-003,王芳,总装二车间,M20-02,2026-08-03 14:32:20
E1222,M16,8.8,0,-10.0,180.0,128.15,3,滑牙,extended,WS-002,二号装配工位,WS-002,李强,总装一车间,M16-06,2026-08-03 14:34:10
B0042,M16,8.8,0,20.0,180.0,126.03,0,合格,benchmark,WS-002,二号装配工位,WS-002,李强,总装一车间,M16-05,2026-08-03 14:34:56
E1405,M12,8.8,0,-10.0,80.0,125.2,3,滑牙,extended,WS-001,一号装配工位,WS-001,张伟,总装一车间,M12-04,2026-08-03 14:35:18
E0474,M16,12.9,2,50.0,180.0,173.88,0,合格,extended,WS-002,二号装配工位,WS-002,李强,总装一车间,M16-05,2026-08-03 14:36:23
B0234,M16,8.8,0,20.0,180.0,134.39,0,合格,benchmark,WS-002,二号装配工位,WS-002,李强,总装一车间,M16-05,2026-08-03 14:36:48
E0101,M12,10.9,1,20.0,80.0,181.64,0,合格,extended,WS-001,一号装配工位,WS-001,张伟,总装一车间,M12-02,2026-08-03 14:41:40
E1165,M12,8.8,0,-10.0,80.0,152.08,2,过拧,extended,WS-001,一号装配工位,WS-001,张伟,总装一车间,M12-04,2026-08-03 14:42:02
B0051,M20,8.8,0,20.0,320.0,179.34,0,合格,benchmark,WS-003,三号装配工位,WS-003,王芳,总装二车间,M20-01,2026-08-03 14:42:45
E0668,M24,10.9,1,20.0,520.0,168.26,1,欠拧,extended,WS-004,四号装配工位,WS-004,刘洋,总装二车间,M24-05,2026-08-03 14:43:15
B0014,M16,8.8,0,20.0,180.0,123.71,0,合格,benchmark,WS-002,二号装配工位,WS-002,李强,总装一车间,M16-04,2026-08-03 14:48:07
E0004,M24,8.8,0,-10.0,520.0,166.06,0,合格,extended,WS-004,四号装配工位,WS-004,刘洋,总装二车间,M24-01,2026-08-03 14:49:23
E1583,M20,10.9,1,20.0,320.0,110.01,4,虚拧,extended,WS-003,三号装配工位,WS-003,王芳,总装二车间,M20-06,2026-08-03 14:50:52
B0742,M16,8.8,0,20.0,180.0,136.5,1,欠拧,benchmark,WS-002,二号装配工位,WS-002,李强,总装一车间,M16-06,2026-08-03 14:54:08
E0976,M24,8.8,0,-10.0,520.0,168.2,2,过拧,extended,WS-004,四号装配工位,WS-004,刘洋,总装二车间,M24-04,2026-08-03 14:54:23
E0075,M20,12.9,2,50.0,320.0,164.92,0,合格,extended,WS-003,三号装配工位,WS-003,王芳,总装二车间,M20-01,2026-08-03 14:54:49
B1134,M16,8.8,0,20.0,180.0,158.28,4,虚拧,benchmark,WS-002,二号装配工位,WS-002,李强,总装一车间,M16-02,2026-08-03 14:55:44
E1743,M20,12.9,2,50.0,320.0,118.22,4,虚拧,extended,WS-003,三号装配工位,WS-003,王芳,总装二车间,M20-04,2026-08-03 14:56:14
E1081,M12,8.8,0,-10.0,80.0,164.03,2,过拧,extended,WS-001,一号装配工位,WS-001,张伟,总装一车间,M12-01,2026-08-03 14:56:32
E0471,M20,12.9,2,50.0,320.0,181.05,0,合格,extended,WS-003,三号装配工位,WS-003,王芳,总装二车间,M20-04,2026-08-03 14:56:37
B0714,M16,8.8,0,20.0,180.0,136.67,1,欠拧,benchmark,WS-002,二号装配工位,WS-002,李强,总装一车间,M16-05,2026-08-03 15:00:08
E1643,M20,10.9,1,20.0,320.0,180.24,4,虚拧,extended,WS-003,三号装配工位,WS-003,王芳,总装二车间,M20-03,2026-08-03 15:01:26
B0207,M20,8.8,0,20.0,320.0,127.89,0,合格,benchmark,WS-003,三号装配工位,WS-003,王芳,总装二车间,M20-04,2026-08-03 15:01:28
E0974,M16,10.9,1,20.0,180.0,146.73,2,过拧,extended,WS-002,二号装配工位,WS-002,李强,总装一车间,M16-04,2026-08-03 15:03:21
E0622,M16,8.8,0,-10.0,180.0,117.62,1,欠拧,extended,WS-002,二号装配工位,WS-002,李强,总装一车间,M16-06,2026-08-03 15:03:57
B0128,M24,8.8,0,20.0,520.0,175.1,0,合格,benchmark,WS-004,四号装配工位,WS-004,刘洋,总装二车间,M24-02,2026-08-03 15:04:47
B0489,M12,8.8,0,20.0,80.0,168.75,0,合格,benchmark,WS-001,一号装配工位,WS-001,张伟,总装一车间,M12-03,2026-08-03 15:05:26
E0907,M20,8.8,0,-10.0,320.0,118.58,2,过拧,extended,WS-003,三号装配工位,WS-003,王芳,总装二车间,M20-05,2026-08-03 15:08:39
B0423,M20,8.8,0,20.0,320.0,124.19,0,合格,benchmark,WS-003,三号装配工位,WS-003,王芳,总装二车间,M20-04,2026-08-03 15:09:55
B0657,M12,8.8,0,20.0,80.0,165.57,0,合格,benchmark,WS-001,一号装配工位,WS-001,张伟,总装一车间,M12-03,2026-08-03 15:10:20
E1737,M12,12.9,2,50.0,80.0,111.97,4,虚拧,extended,WS-001,一号装配工位,WS-001,张伟,总装一车间,M12-03,2026-08-03 15:16:09
B0089,M12,8.8,0,20.0,80.0,113.36,0,合格,benchmark,WS-001,一号装配工位,WS-001,张伟,总装一车间,M12-05,2026-08-03 15:17:05
B1148,M24,8.8,0,20.0,520.0,123.92,4,虚拧,benchmark,WS-004,四号装配工位,WS-004,刘洋,总装二车间,M24-05,2026-08-03 15:20:28
B0320,M24,8.8,0,20.0,520.0,159.21,0,合格,benchmark,WS-004,四号装配工位,WS-004,刘洋,总装二车间,M24-02,2026-08-03 15:20:33
E0575,M20,10.9,1,20.0,320.0,131.6,0,合格,extended,WS-003,三号装配工位,WS-003,王芳,总装二车间,M20-06,2026-08-03 15:21:43
E0921,M12,12.9,2,50.0,80.0,153.43,2,过拧,extended,WS-001,一号装配工位,WS-001,张伟,总装一车间,M12-03,2026-08-03 15:22:29
B0911,M20,8.8,0,20.0,320.0,159.62,2,过拧,benchmark,WS-003,三号装配工位,WS-003,王芳,总装二车间,M20-06,2026-08-03 15:27:29
B0645,M12,8.8,0,20.0,80.0,158.64,0,合格,benchmark,WS-001,一号装配工位,WS-001,张伟,总装一车间,M12-06,2026-08-03 15:27:39
E1795,M20,8.8,0,-10.0,320.0,196.69,4,虚拧,extended,WS-003,三号装配工位,WS-003,王芳,总装二车间,M20-05,2026-08-03 15:28:37
B1061,M12,8.8,0,20.0,80.0,113.31,3,滑牙,benchmark,WS-001,一号装配工位,WS-001,张伟,总装一车间,M12-02,2026-08-03 15:28:59
E1722,M16,12.9,2,50.0,180.0,112.89,4,虚拧,extended,WS-002,二号装配工位,WS-002,李强,总装一车间,M16-05,2026-08-03 15:29:44
B0173,M12,8.8,0,20.0,80.0,168.97,0,合格,benchmark,WS-001,一号装配工位,WS-001,张伟,总装一车间,M12-02,2026-08-03 15:33:06
B0370,M16,8.8,0,20.0,180.0,130.78,0,合格,benchmark,WS-002,二号装配工位,WS-002,李强,总装一车间,M16-03,2026-08-03 15:35:05
B1058,M16,8.8,0,20.0,180.0,133.72,3,滑牙,benchmark,WS-002,二号装配工位,WS-002,李强,总装一车间,M16-01,2026-08-03 15:35:29
B0864,M24,8.8,0,20.0,520.0,128.45,2,过拧,benchmark,WS-004,四号装配工位,WS-004,刘洋,总装二车间,M24-06,2026-08-03 15:35:30
E0491,M20,10.9,1,20.0,320.0,168.03,0,合格,extended,WS-003,三号装配工位,WS-003,王芳,总装二车间,M20-03,2026-08-03 15:35:58
E0670,M16,8.8,0,-10.0,180.0,124.75,1,欠拧,extended,WS-002,二号装配工位,WS-002,李强,总装一车间,M16-06,2026-08-03 15:36:33
E0625,M12,8.8,0,-10.0,80.0,115.76,1,欠拧,extended,WS-001,一号装配工位,WS-001,张伟,总装一车间,M12-01,2026-08-03 15:37:57
E0358,M16,8.8,0,-10.0,180.0,157.44,0,合格,extended,WS-002,二号装配工位,WS-002,李强,总装一车间,M16-06,2026-08-03 15:39:05
E1375,M20,8.8,0,-10.0,320.0,123.01,3,滑牙,extended,WS-003,三号装配工位,WS-003,王芳,总装二车间,M20-02,2026-08-03 15:39:06
E1247,M20,10.9,1,20.0,320.0,172.44,3,滑牙,extended,WS-003,三号装配工位,WS-003,王芳,总装二车间,M20-06,2026-08-03 15:41:41
E0078,M16,12.9,2,50.0,180.0,131.03,0,合格,extended,WS-002,二号装配工位,WS-002,李强,总装一车间,M16-02,2026-08-03 15:42:28
B0002,M16,8.8,0,20.0,180.0,120.77,0,合格,benchmark,WS-002,二号装配工位,WS-002,李强,总装一车间,M16-01,2026-08-03 15:43:29
B0734,M16,8.8,0,20.0,180.0,113.64,1,欠拧,benchmark,WS-002,二号装配工位,WS-002,李强,总装一车间,M16-04,2026-08-03 15:45:04
E1012,M24,8.8,0,-10.0,520.0,151.69,2,过拧,extended,WS-004,四号装配工位,WS-004,刘洋,总装二车间,M24-01,2026-08-03 15:45:07
E1120,M24,8.8,0,-10.0,520.0,122.89,2,过拧,extended,WS-004,四号装配工位,WS-004,刘洋,总装二车间,M24-04,2026-08-03 15:46:22
E1462,M16,8.8,0,-10.0,180.0,154.13,3,滑牙,extended,WS-002,二号装配工位,WS-002,李强,总装一车间,M16-06,2026-08-03 15:47:36
E0139,M20,8.8,0,-10.0,320.0,133.1,0,合格,extended,WS-003,三号装配工位,WS-003,王芳,总装二车间,M20-05,2026-08-03 15:49:14
E0411,M20,12.9,2,50.0,320.0,132.67,0,合格,extended,WS-003,三号装配工位,WS-003,王芳,总装二车间,M20-01,2026-08-03 15:54:06
B0836,M24,8.8,0,20.0,520.0,125.8,2,过拧,benchmark,WS-004,四号装配工位,WS-004,刘洋,总装二车间,M24-05,2026-08-03 15:55:38
E0042,M16,12.9,2,50.0,180.0,160.48,0,合格,extended,WS-002,二号装配工位,WS-002,李强,总装一车间,M16-05,2026-08-03 15:58:07
E0714,M16,12.9,2,50.0,180.0,179.81,1,欠拧,extended,WS-002,二号装配工位,WS-002,李强,总装一车间,M16-05,2026-08-03 15:58:11
B0402,M16,8.8,0,20.0,180.0,190.99,0,合格,benchmark,WS-002,二号装配工位,WS-002,李强,总装一车间,M16-05,2026-08-03 15:58:23
E0269,M12,10.9,1,20.0,80.0,181.15,0,合格,extended,WS-001,一号装配工位,WS-001,张伟,总装一车间,M12-02,2026-08-03 15:58:52
B0815,M20,8.8,0,20.0,320.0,178.09,1,欠拧,benchmark,WS-003,三号装配工位,WS-003,王芳,总装二车间,M20-06,2026-08-03 16:00:54
E0896,M24,10.9,1,20.0,520.0,172.74,1,欠拧,extended,WS-004,四号装配工位,WS-004,刘洋,总装二车间,M24-02,2026-08-03 16:01:36
E1249,M12,8.8,0,-10.0,80.0,164.52,3,滑牙,extended,WS-001,一号装配工位,WS-001,张伟,总装一车间,M12-01,2026-08-03 16:01:40
B0050,M16,8.8,0,20.0,180.0,137.92,0,合格,benchmark,WS-002,二号装配工位,WS-002,李强,总装一车间,M16-01,2026-08-03 16:02:37
E0531,M20,12.9,2,50.0,320.0,192.91,0,合格,extended,WS-003,三号装配工位,WS-003,王芳,总装二车间,M20-01,2026-08-03 16:03:53
B0210,M16,8.8,0,20.0,180.0,182.23,0,合格,benchmark,WS-002,二号装配工位,WS-002,李强,总装一车间,M16-05,2026-08-03 16:04:12
B0602,M16,8.8,0,20.0,180.0,132.54,0,合格,benchmark,WS-002,二号装配工位,WS-002,李强,总装一车间,M16-01,2026-08-03 16:05:15
B0598,M16,8.8,0,20.0,180.0,151.8,0,合格,benchmark,WS-002,二号装配工位,WS-002,李强,总装一车间,M16-06,2026-08-03 16:07:20
E0241,M12,8.8,0,-10.0,80.0,138.76,0,合格,extended,WS-001,一号装配工位,WS-001,张伟,总装一车间,M12-01,2026-08-03 16:07:38
E0113,M12,10.9,1,20.0,80.0,159.45,0,合格,extended,WS-001,一号装配工位,WS-001,张伟,总装一车间,M12-05,2026-08-03 16:07:55
E1658,M16,10.9,1,20.0,180.0,146.32,4,虚拧,extended,WS-002,二号装配工位,WS-002,李强,总装一车间,M16-01,2026-08-03 16:09:02
B0766,M16,8.8,0,20.0,180.0,172.33,1,欠拧,benchmark,WS-002,二号装配工位,WS-002,李强,总装一车间,M16-06,2026-08-03 16:10:54
B0107,M20,8.8,0,20.0,320.0,178.17,0,合格,benchmark,WS-003,三号装配工位,WS-003,王芳,总装二车间,M20-03,2026-08-03 16:11:10
E1403,M20,10.9,1,20.0,320.0,160.54,3,滑牙,extended,WS-003,三号装配工位,WS-003,王芳,总装二车间,M20-03,2026-08-03 16:11:44
E0298,M16,8.8,0,-10.0,180.0,175.28,0,合格,extended,WS-002,二号装配工位,WS-002,李强,总装一车间,M16-03,2026-08-03 16:12:06
B0112,M24,8.8,0,20.0,520.0,148.67,0,合格,benchmark,WS-004,四号装配工位,WS-004,刘洋,总装二车间,M24-04,2026-08-03 16:12:44
B0806,M16,8.8,0,20.0,180.0,158.56,1,欠拧,benchmark,WS-002,二号装配工位,WS-002,李强,总装一车间,M16-04,2026-08-03 16:15:11
B0025,M12,8.8,0,20.0,80.0,152.0,0,合格,benchmark,WS-001,一号装配工位,WS-001,张伟,总装一车间,M12-01,2026-08-03 16:16:22
E1788,M24,12.9,2,50.0,520.0,169.89,4,虚拧,extended,WS-004,四号装配工位,WS-004,刘洋,总装二车间,M24-03,2026-08-03 16:17:11
E0012,M24,12.9,2,50.0,520.0,176.33,0,合格,extended,WS-004,四号装配工位,WS-004,刘洋,总装二车间,M24-03,2026-08-03 16:18:15
B0690,M16,8.8,0,20.0,180.0,150.81,0,合格,benchmark,WS-002,二号装配工位,WS-002,李强,总装一车间,M16-05,2026-08-03 16:20:56
B0278,M16,8.8,0,20.0,180.0,138.47,0,合格,benchmark,WS-002,二号装配工位,WS-002,李强,总装一车间,M16-04,2026-08-03 16:21:24
E0526,M16,8.8,0,-10.0,180.0,178.82,0,合格,extended,WS-002,二号装配工位,WS-002,李强,总装一车间,M16-06,2026-08-03 16:22:23
E0216,M24,12.9,2,50.0,520.0,121.87,0,合格,extended,WS-004,四号装配工位,WS-004,刘洋,总装二车间,M24-06,2026-08-03 16:26:07
B0160,M24,8.8,0,20.0,520.0,157.82,0,合格,benchmark,WS-004,四号装配工位,WS-004,刘洋,总装二车间,M24-04,2026-08-03 16:26:26
B0918,M16,8.8,0,20.0,180.0,167.34,2,过拧,benchmark,WS-002,二号装配工位,WS-002,李强,总装一车间,M16-02,2026-08-03 16:27:13
B0613,M12,8.8,0,20.0,80.0,151.59,0,合格,benchmark,WS-001,一号装配工位,WS-001,张伟,总装一车间,M12-04,2026-08-03 16:27:28
B0476,M24,8.8,0,20.0,520.0,162.3,0,合格,benchmark,WS-004,四号装配工位,WS-004,刘洋,总装二车间,M24-05,2026-08-03 16:30:10
B0955,M20,8.8,0,20.0,320.0,179.81,3,滑牙,benchmark,WS-003,三号装配工位,WS-003,王芳,总装二车间,M20-05,2026-08-03 16:33:42
B0725,M12,8.8,0,20.0,80.0,167.44,1,欠拧,benchmark,WS-001,一号装配工位,WS-001,张伟,总装一车间,M12-02,2026-08-03 16:35:19
B0016,M24,8.8,0,20.0,520.0,130.04,0,合格,benchmark,WS-004,四号装配工位,WS-004,刘洋,总装二车间,M24-04,2026-08-03 16:35:47
E1448,M24,10.9,1,20.0,520.0,174.63,3,滑牙,extended,WS-004,四号装配工位,WS-004,刘洋,总装二车间,M24-02,2026-08-03 16:38:19
B0249,M12,8.8,0,20.0,80.0,163.75,0,合格,benchmark,WS-001,一号装配工位,WS-001,张伟,总装一车间,M12-03,2026-08-03 16:39:20
B0106,M16,8.8,0,20.0,180.0,116.9,0,合格,benchmark,WS-002,二号装配工位,WS-002,李强,总装一车间,M16-03,2026-08-03 16:39:30
B0990,M16,8.8,0,20.0,180.0,107.74,3,滑牙,benchmark,WS-002,二号装配工位,WS-002,李强,总装一车间,M16-02,2026-08-03 16:41:42
E1084,M24,8.8,0,-10.0,520.0,137.07,2,过拧,extended,WS-004,四号装配工位,WS-004,刘洋,总装二车间,M24-01,2026-08-03 16:41:50
E0230,M16,10.9,1,20.0,180.0,140.15,0,合格,extended,WS-002,二号装配工位,WS-002,李强,总装一车间,M16-04,2026-08-03 16:42:23
E0809,M12,10.9,1,20.0,80.0,120.64,1,欠拧,extended,WS-001,一号装配工位,WS-001,张伟,总装一车间,M12-05,2026-08-03 16:42:35
B0213,M12,8.8,0,20.0,80.0,133.52,0,合格,benchmark,WS-001,一号装配工位,WS-001,张伟,总装一车间,M12-06,2026-08-03 16:48:30
E0261,M12,12.9,2,50.0,80.0,122.51,0,合格,extended,WS-001,一号装配工位,WS-001,张伟,总装一车间,M12-06,2026-08-03 16:53:28
E1525,M12,8.8,0,-10.0,80.0,136.61,4,虚拧,extended,WS-001,一号装配工位,WS-001,张伟,总装一车间,M12-04,2026-08-03 16:54:59
E1036,M24,8.8,0,-10.0,520.0,114.29,2,过拧,extended,WS-004,四号装配工位,WS-004,刘洋,总装二车间,M24-01,2026-08-03 16:55:59
E1609,M12,8.8,0,-10.0,80.0,107.11,4,虚拧,extended,WS-001,一号装配工位,WS-001,张伟,总装一车间,M12-01,2026-08-03 16:58:18
E1471,M20,8.8,0,-10.0,320.0,146.16,3,滑牙,extended,WS-003,三号装配工位,WS-003,王芳,总装二车间,M20-02,2026-08-03 17:00:53
E0214,M16,8.8,0,-10.0,180.0,144.72,0,合格,extended,WS-002,二号装配工位,WS-002,李强,总装一车间,M16-06,2026-08-03 17:01:19
B0559,M20,8.8,0,20.0,320.0,130.26,0,合格,benchmark,WS-003,三号装配工位,WS-003,王芳,总装二车间,M20-02,2026-08-03 17:04:15
B0639,M20,8.8,0,20.0,320.0,153.75,0,合格,benchmark,WS-003,三号装配工位,WS-003,王芳,总装二车间,M20-04,2026-08-03 17:04:41
E1601,M12,10.9,1,20.0,80.0,140.88,4,虚拧,extended,WS-001,一号装配工位,WS-001,张伟,总装一车间,M12-05,2026-08-03 17:05:03
B0261,M12,8.8,0,20.0,80.0,120.99,0,合格,benchmark,WS-001,一号装配工位,WS-001,张伟,总装一车间,M12-06,2026-08-03 17:07:50
E0786,M16,12.9,2,50.0,180.0,127.08,1,欠拧,extended,WS-002,二号装配工位,WS-002,李强,总装一车间,M16-05,2026-08-03 17:08:30
E0054,M16,12.9,2,50.0,180.0,166.53,0,合格,extended,WS-002,二号装配工位,WS-002,李强,总装一车间,M16-02,2026-08-03 17:08:42
E0417,M12,12.9,2,50.0,80.0,131.25,0,合格,extended,WS-001,一号装配工位,WS-001,张伟,总装一车间,M12-03,2026-08-03 17:11:39
B1133,M12,8.8,0,20.0,80.0,174.68,4,虚拧,benchmark,WS-001,一号装配工位,WS-001,张伟,总装一车间,M12-02,2026-08-03 17:11:59
E0780,M24,12.9,2,50.0,520.0,154.69,1,欠拧,extended,WS-004,四号装配工位,WS-004,刘洋,总装二车间,M24-03,2026-08-03 17:12:03
E1502,M16,10.9,1,20.0,180.0,118.23,4,虚拧,extended,WS-002,二号装配工位,WS-002,李强,总装一车间,M16-04,2026-08-03 17:13:19
E1347,M20,12.9,2,50.0,320.0,189.57,3,滑牙,extended,WS-003,三号装配工位,WS-003,王芳,总装二车间,M20-01,2026-08-03 17:13:34
B0135,M20,8.8,0,20.0,320.0,120.57,0,合格,benchmark,WS-003,三号装配工位,WS-003,王芳,总装二车间,M20-04,2026-08-03 17:14:01
B0692,M24,8.8,0,20.0,520.0,148.58,0,合格,benchmark,WS-004,四号装配工位,WS-004,刘洋,总装二车间,M24-05,2026-08-03 17:14:53
B0745,M12,8.8,0,20.0,80.0,122.33,1,欠拧,benchmark,WS-001,一号装配工位,WS-001,张伟,总装一车间,M12-01,2026-08-03 17:15:21
B0071,M20,8.8,0,20.0,320.0,183.35,0,合格,benchmark,WS-003,三号装配工位,WS-003,王芳,总装二车间,M20-06,2026-08-03 17:17:20
E1632,M24,12.9,2,50.0,520.0,138.98,4,虚拧,extended,WS-004,四号装配工位,WS-004,刘洋,总装二车间,M24-06,2026-08-03 17:17:48
E0484,M24,8.8,0,-10.0,520.0,133.44,0,合格,extended,WS-004,四号装配工位,WS-004,刘洋,总装二车间,M24-01,2026-08-03 17:18:50
E1699,M20,8.8,0,-10.0,320.0,172.3,4,虚拧,extended,WS-003,三号装配工位,WS-003,王芳,总装二车间,M20-05,2026-08-03 17:20:22
E1057,M12,8.8,0,-10.0,80.0,110.9,2,过拧,extended,WS-001,一号装配工位,WS-001,张伟,总装一车间,M12-01,2026-08-03 17:20:46
B0484,M24,8.8,0,20.0,520.0,172.57,0,合格,benchmark,WS-004,四号装配工位,WS-004,刘洋,总装二车间,M24-01,2026-08-03 17:22:14
B0105,M12,8.8,0,20.0,80.0,116.42,0,合格,benchmark,WS-001,一号装配工位,WS-001,张伟,总装一车间,M12-03,2026-08-03 17:22:21
E1006,M16,8.8,0,-10.0,180.0,115.68,2,过拧,extended,WS-002,二号装配工位,WS-002,李强,总装一车间,M16-06,2026-08-03 17:25:14
E0805,M12,8.8,0,-10.0,80.0,125.42,1,欠拧,extended,WS-001,一号装配工位,WS-001,张伟,总装一车间,M12-04,2026-08-03 17:26:50
E0536,M24,10.9,1,20.0,520.0,148.14,0,合格,extended,WS-004,四号装配工位,WS-004,刘洋,总装二车间,M24-02,2026-08-03 17:27:46
E1357,M12,8.8,0,-10.0,80.0,127.84,3,滑牙,extended,WS-001,一号装配工位,WS-001,张伟,总装一车间,M12-04,2026-08-03 17:29:37
E0378,M16,12.9,2,50.0,180.0,187.09,0,合格,extended,WS-002,二号装配工位,WS-002,李强,总装一车间,M16-05,2026-08-03 17:32:36
B0716,M24,8.8,0,20.0,520.0,114.96,1,欠拧,benchmark,WS-004,四号装配工位,WS-004,刘洋,总装二车间,M24-05,2026-08-03 17:32:44
B1012,M24,8.8,0,20.0,520.0,164.12,3,滑牙,benchmark,WS-004,四号装配工位,WS-004,刘洋,总装二车间,M24-01,2026-08-03 17:35:26
E1702,M16,8.8,0,-10.0,180.0,170.98,4,虚拧,extended,WS-002,二号装配工位,WS-002,李强,总装一车间,M16-06,2026-08-03 17:38:31
E1367,M20,10.9,1,20.0,320.0,190.41,3,滑牙,extended,WS-003,三号装配工位,WS-003,王芳,总装二车间,M20-06,2026-08-03 17:38:54
B0591,M20,8.8,0,20.0,320.0,168.91,0,合格,benchmark,WS-003,三号装配工位,WS-003,王芳,总装二车间,M20-04,2026-08-03 17:39:00
E0084,M24,12.9,2,50.0,520.0,159.61,0,合格,extended,WS-004,四号装配工位,WS-004,刘洋,总装二车间,M24-03,2026-08-03 17:39:45
B0686,M16,8.8,0,20.0,180.0,136.83,0,合格,benchmark,WS-002,二号装配工位,WS-002,李强,总装一车间,M16-04,2026-08-03 17:39:49
B0860,M24,8.8,0,20.0,520.0,147.43,2,过拧,benchmark,WS-004,四号装配工位,WS-004,刘洋,总装二车间,M24-05,2026-08-03 17:40:09
E1783,M20,8.8,0,-10.0,320.0,127.98,4,虚拧,extended,WS-003,三号装配工位,WS-003,王芳,总装二车间,M20-02,2026-08-03 17:40:42
E1297,M12,8.8,0,-10.0,80.0,192.12,3,滑牙,extended,WS-001,一号装配工位,WS-001,张伟,总装一车间,M12-01,2026-08-03 17:40:51
E1335,M20,12.9,2,50.0,320.0,138.41,3,滑牙,extended,WS-003,三号装配工位,WS-003,王芳,总装二车间,M20-04,2026-08-03 17:41:48
E1096,M24,8.8,0,-10.0,520.0,187.73,2,过拧,extended,WS-004,四号装配工位,WS-004,刘洋,总装二车间,M24-04,2026-08-03 17:42:00
B0852,M24,8.8,0,20.0,520.0,175.78,2,过拧,benchmark,WS-004,四号装配工位,WS-004,刘洋,总装二车间,M24-03,2026-08-03 17:42:24
B1087,M20,8.8,0,20.0,320.0,182.79,4,虚拧,benchmark,WS-003,三号装配工位,WS-003,王芳,总装二车间,M20-02,2026-08-03 17:43:02
B0596,M24,8.8,0,20.0,520.0,138.86,0,合格,benchmark,WS-004,四号装配工位,WS-004,刘洋,总装二车间,M24-05,2026-08-03 17:44:45
E0060,M24,12.9,2,50.0,520.0,165.95,0,合格,extended,WS-004,四号装配工位,WS-004,刘洋,总装二车间,M24-03,2026-08-03 17:44:53
E1371,M20,12.9,2,50.0,320.0,175.72,3,滑牙,extended,WS-003,三号装配工位,WS-003,王芳,总装二车间,M20-01,2026-08-03 17:44:53
B1199,M20,8.8,0,20.0,320.0,149.34,4,虚拧,benchmark,WS-003,三号装配工位,WS-003,王芳,总装二车间,M20-06,2026-08-03 17:47:56
B0551,M20,8.8,0,20.0,320.0,162.34,0,合格,benchmark,WS-003,三号装配工位,WS-003,王芳,总装二车间,M20-06,2026-08-03 17:49:23
B0428,M24,8.8,0,20.0,520.0,168.79,0,合格,benchmark,WS-004,四号装配工位,WS-004,刘洋,总装二车间,M24-05,2026-08-03 17:53:49
B0472,M24,8.8,0,20.0,520.0,186.54,0,合格,benchmark,WS-004,四号装配工位,WS-004,刘洋,总装二车间,M24-04,2026-08-03 17:54:50
B0654,M16,8.8,0,20.0,180.0,132.61,0,合格,benchmark,WS-002,二号装配工位,WS-002,李强,总装一车间,M16-02,2026-08-03 17:54:58
B0092,M24,8.8,0,20.0,520.0,144.23,0,合格,benchmark,WS-004,四号装配工位,WS-004,刘洋,总装二车间,M24-05,2026-08-03 17:56:34
B0103,M20,8.8,0,20.0,320.0,159.1,0,合格,benchmark,WS-003,三号装配工位,WS-003,王芳,总装二车间,M20-02,2026-08-03 17:57:09
E0549,M12,12.9,2,50.0,80.0,190.55,0,合格,extended,WS-001,一号装配工位,WS-001,张伟,总装一车间,M12-06,2026-08-03 17:57:32
E0893,M12,10.9,1,20.0,80.0,187.04,1,欠拧,extended,WS-001,一号装配工位,WS-001,张伟,总装一车间,M12-02,2026-08-03 17:57:37
E1345,M12,8.8,0,-10.0,80.0,134.96,3,滑牙,extended,WS-001,一号装配工位,WS-001,张伟,总装一车间,M12-01,2026-08-03 17:58:51
E1332,M24,12.9,2,50.0,520.0,175.88,3,滑牙,extended,WS-004,四号装配工位,WS-004,刘洋,总装二车间,M24-03,2026-08-03 18:02:44
E0134,M16,10.9,1,20.0,180.0,143.23,0,合格,extended,WS-002,二号装配工位,WS-002,李强,总装一车间,M16-04,2026-08-03 18:08:06
B0291,M20,8.8,0,20.0,320.0,156.37,0,合格,benchmark,WS-003,三号装配工位,WS-003,王芳,总装二车间,M20-01,2026-08-03 18:08:49
E1735,M20,8.8,0,-10.0,320.0,162.03,4,虚拧,extended,WS-003,三号装配工位,WS-003,王芳,总装二车间,M20-02,2026-08-03 18:10:31
B0336,M24,8.8,0,20.0,520.0,169.2,0,合格,benchmark,WS-004,四号装配工位,WS-004,刘洋,总装二车间,M24-06,2026-08-03 18:11:38
B1001,M12,8.8,0,20.0,80.0,141.84,3,滑牙,benchmark,WS-001,一号装配工位,WS-001,张伟,总装一车间,M12-05,2026-08-03 18:11:51
B0837,M12,8.8,0,20.0,80.0,150.33,2,过拧,benchmark,WS-001,一号装配工位,WS-001,张伟,总装一车间,M12-06,2026-08-03 18:12:04
B0227,M20,8.8,0,20.0,320.0,162.57,0,合格,benchmark,WS-003,三号装配工位,WS-003,王芳,总装二车间,M20-03,2026-08-03 18:13:24
E1548,M24,12.9,2,50.0,520.0,142.19,4,虚拧,extended,WS-004,四号装配工位,WS-004,刘洋,总装二车间,M24-03,2026-08-03 18:14:44
E0961,M12,8.8,0,-10.0,80.0,161.39,2,过拧,extended,WS-001,一号装配工位,WS-001,张伟,总装一车间,M12-01,2026-08-03 18:15:30
E0019,M20,8.8,0,-10.0,320.0,158.36,0,合格,extended,WS-003,三号装配工位,WS-003,王芳,总装二车间,M20-05,2026-08-03 18:15:49
E1484,M24,10.9,1,20.0,520.0,174.5,3,滑牙,extended,WS-004,四号装配工位,WS-004,刘洋,总装二车间,M24-05,2026-08-03 18:23:21
E0959,M20,10.9,1,20.0,320.0,148.94,2,过拧,extended,WS-003,三号装配工位,WS-003,王芳,总装二车间,M20-06,2026-08-03 18:32:04
E0374,M16,10.9,1,20.0,180.0,144.41,0,合格,extended,WS-002,二号装配工位,WS-002,李强,总装一车间,M16-04,2026-08-03 18:32:50
B0885,M12,8.8,0,20.0,80.0,150.31,2,过拧,benchmark,WS-001,一号装配工位,WS-001,张伟,总装一车间,M12-06,2026-08-03 18:33:34
B0166,M16,8.8,0,20.0,180.0,142.91,0,合格,benchmark,WS-002,二号装配工位,WS-002,李强,总装一车间,M16-06,2026-08-03 18:36:34
E0226,M16,8.8,0,-10.0,180.0,145.77,0,合格,extended,WS-002,二号装配工位,WS-002,李强,总装一车间,M16-03,2026-08-03 18:39:14
E0996,M24,12.9,2,50.0,520.0,188.58,2,过拧,extended,WS-004,四号装配工位,WS-004,刘洋,总装二车间,M24-03,2026-08-03 18:45:21
E0643,M20,8.8,0,-10.0,320.0,151.3,1,欠拧,extended,WS-003,三号装配工位,WS-003,王芳,总装二车间,M20-05,2026-08-03 18:47:15
E0335,M20,10.9,1,20.0,320.0,121.47,0,合格,extended,WS-003,三号装配工位,WS-003,王芳,总装二车间,M20-06,2026-08-03 18:47:31
B0514,M16,8.8,0,20.0,180.0,158.35,0,合格,benchmark,WS-002,二号装配工位,WS-002,李强,总装一车间,M16-03,2026-08-03 18:47:34
E0765,M12,12.9,2,50.0,80.0,134.79,1,欠拧,extended,WS-001,一号装配工位,WS-001,张伟,总装一车间,M12-06,2026-08-03 18:49:02
B0741,M12,8.8,0,20.0,80.0,113.52,1,欠拧,benchmark,WS-001,一号装配工位,WS-001,张伟,总装一车间,M12-06,2026-08-03 18:49:56
E1673,M12,10.9,1,20.0,80.0,131.78,4,虚拧,extended,WS-001,一号装配工位,WS-001,张伟,总装一车间,M12-05,2026-08-03 18:54:52
E0764,M24,10.9,1,20.0,520.0,145.88,1,欠拧,extended,WS-004,四号装配工位,WS-004,刘洋,总装二车间,M24-05,2026-08-03 18:55:05
E1138,M16,8.8,0,-10.0,180.0,112.04,2,过拧,extended,WS-002,二号装配工位,WS-002,李强,总装一车间,M16-03,2026-08-03 18:58:56
B0867,M20,8.8,0,20.0,320.0,166.34,2,过拧,benchmark,WS-003,三号装配工位,WS-003,王芳,总装二车间,M20-01,2026-08-03 19:01:32
E1316,M24,10.9,1,20.0,520.0,147.98,3,滑牙,extended,WS-004,四号装配工位,WS-004,刘洋,总装二车间,M24-05,2026-08-03 19:01:34
B0849,M12,8.8,0,20.0,80.0,182.52,2,过拧,benchmark,WS-001,一号装配工位,WS-001,张伟,总装一车间,M12-03,2026-08-03 19:02:19
E1088,M24,10.9,1,20.0,520.0,111.76,2,过拧,extended,WS-004,四号装配工位,WS-004,刘洋,总装二车间,M24-02,2026-08-03 19:07:43
E0031,M20,8.8,0,-10.0,320.0,118.54,0,合格,extended,WS-003,三号装配工位,WS-003,王芳,总装二车间,M20-02,2026-08-03 19:08:45
B0149,M12,8.8,0,20.0,80.0,162.02,0,合格,benchmark,WS-001,一号装配工位,WS-001,张伟,总装一车间,M12-02,2026-08-03 19:09:38
B1025,M12,8.8,0,20.0,80.0,181.77,3,滑牙,benchmark,WS-001,一号装配工位,WS-001,张伟,总装一车间,M12-05,2026-08-03 19:10:32
E1745,M12,10.9,1,20.0,80.0,160.95,4,虚拧,extended,WS-001,一号装配工位,WS-001,张伟,总装一车间,M12-05,2026-08-03 19:11:44
E1784,M24,10.9,1,20.0,520.0,150.09,4,虚拧,extended,WS-004,四号装配工位,WS-004,刘洋,总装二车间,M24-02,2026-08-03 19:11:57
E0064,M24,8.8,0,-10.0,520.0,186.86,0,合格,extended,WS-004,四号装配工位,WS-004,刘洋,总装二车间,M24-04,2026-08-03 19:13:33
B0028,M24,8.8,0,20.0,520.0,125.86,0,合格,benchmark,WS-004,四号装配工位,WS-004,刘洋,总装二车间,M24-01,2026-08-03 19:14:19
E1172,M24,10.9,1,20.0,520.0,176.9,2,过拧,extended,WS-004,四号装配工位,WS-004,刘洋,总装二车间,M24-05,2026-08-03 19:15:49
E1134,M16,12.9,2,50.0,180.0,125.18,2,过拧,extended,WS-002,二号装配工位,WS-002,李强,总装一车间,M16-02,2026-08-03 19:15:53
E1126,M16,8.8,0,-10.0,180.0,136.58,2,过拧,extended,WS-002,二号装配工位,WS-002,李强,总装一车间,M16-06,2026-08-03 19:15:54
E0387,M20,12.9,2,50.0,320.0,195.75,0,合格,extended,WS-003,三号装配工位,WS-003,王芳,总装二车间,M20-01,2026-08-03 19:16:33
B0524,M24,8.8,0,20.0,520.0,113.52,0,合格,benchmark,WS-004,四号装配工位,WS-004,刘洋,总装二车间,M24-05,2026-08-03 19:22:32
B0794,M16,8.8,0,20.0,180.0,118.35,1,欠拧,benchmark,WS-002,二号装配工位,WS-002,李强,总装一车间,M16-01,2026-08-03 19:25:43
E0723,M20,12.9,2,50.0,320.0,172.97,1,欠拧,extended,WS-003,三号装配工位,WS-003,王芳,总装二车间,M20-01,2026-08-03 19:25:58
E0403,M20,8.8,0,-10.0,320.0,142.93,0,合格,extended,WS-003,三号装配工位,WS-003,王芳,总装二车间,M20-05,2026-08-03 19:28:06
B0433,M12,8.8,0,20.0,80.0,177.97,0,合格,benchmark,WS-001,一号装配工位,WS-001,张伟,总装一车间,M12-01,2026-08-03 19:28:07
B0605,M12,8.8,0,20.0,80.0,137.18,0,合格,benchmark,WS-001,一号装配工位,WS-001,张伟,总装一车间,M12-02,2026-08-03 19:28:33
B0302,M16,8.8,0,20.0,180.0,129.24,0,合格,benchmark,WS-002,二号装配工位,WS-002,李强,总装一车间,M16-04,2026-08-03 19:29:34
E1224,M24,12.9,2,50.0,520.0,185.61,3,滑牙,extended,WS-004,四号装配工位,WS-004,刘洋,总装二车间,M24-06,2026-08-03 19:30:57
E1410,M16,12.9,2,50.0,180.0,149.42,3,滑牙,extended,WS-002,二号装配工位,WS-002,李强,总装一车间,M16-05,2026-08-03 19:31:43
B1040,M24,8.8,0,20.0,520.0,184.66,3,滑牙,benchmark,WS-004,四号装配工位,WS-004,刘洋,总装二车间,M24-02,2026-08-03 19:33:23
E0881,M12,10.9,1,20.0,80.0,120.74,1,欠拧,extended,WS-001,一号装配工位,WS-001,张伟,总装一车间,M12-05,2026-08-03 19:33:38
E0787,M20,8.8,0,-10.0,320.0,169.65,1,欠拧,extended,WS-003,三号装配工位,WS-003,王芳,总装二车间,M20-05,2026-08-03 19:34:03
B0038,M16,8.8,0,20.0,180.0,171.52,0,合格,benchmark,WS-002,二号装配工位,WS-002,李强,总装一车间,M16-04,2026-08-03 19:35:21
B0553,M12,8.8,0,20.0,80.0,145.56,0,合格,benchmark,WS-001,一号装配工位,WS-001,张伟,总装一车间,M12-01,2026-08-03 19:37:54
E1206,M16,12.9,2,50.0,180.0,180.4,3,滑牙,extended,WS-002,二号装配工位,WS-002,李强,总装一车间,M16-02,2026-08-03 19:39:19
E0771,M20,12.9,2,50.0,320.0,110.96,1,欠拧,extended,WS-003,三号装配工位,WS-003,王芳,总装二车间,M20-01,2026-08-03 19:40:10
B0482,M16,8.8,0,20.0,180.0,179.78,0,合格,benchmark,WS-002,二号装配工位,WS-002,李强,总装一车间,M16-01,2026-08-03 19:43:07
B0334,M16,8.8,0,20.0,180.0,165.97,0,合格,benchmark,WS-002,二号装配工位,WS-002,李强,总装一车间,M16-06,2026-08-03 19:44:41
E1622,M16,10.9,1,20.0,180.0,137.32,4,虚拧,extended,WS-002,二号装配工位,WS-002,李强,总装一车间,M16-04,2026-08-03 19:45:40
E1255,M20,8.8,0,-10.0,320.0,144.3,3,滑牙,extended,WS-003,三号装配工位,WS-003,王芳,总装二车间,M20-02,2026-08-03 19:45:45
B0545,M12,8.8,0,20.0,80.0,142.05,0,合格,benchmark,WS-001,一号装配工位,WS-001,张伟,总装一车间,M12-05,2026-08-03 19:49:53
B0388,M24,8.8,0,20.0,520.0,147.58,0,合格,benchmark,WS-004,四号装配工位,WS-004,刘洋,总装二车间,M24-01,2026-08-03 19:50:24
E1086,M16,12.9,2,50.0,180.0,178.42,2,过拧,extended,WS-002,二号装配工位,WS-002,李强,总装一车间,M16-02,2026-08-03 19:54:45
B0090,M16,8.8,0,20.0,180.0,129.17,0,合格,benchmark,WS-002,二号装配工位,WS-002,李强,总装一车间,M16-05,2026-08-03 19:55:21
E1046,M16,10.9,1,20.0,180.0,195.64,2,过拧,extended,WS-002,二号装配工位,WS-002,李强,总装一车间,M16-04,2026-08-03 19:56:31
B0084,M24,8.8,0,20.0,520.0,164.28,0,合格,benchmark,WS-004,四号装配工位,WS-004,刘洋,总装二车间,M24-03,2026-08-03 19:57:10
B0101,M12,8.8,0,20.0,80.0,130.65,0,合格,benchmark,WS-001,一号装配工位,WS-001,张伟,总装一车间,M12-02,2026-08-03 19:57:25
B0582,M16,8.8,0,20.0,180.0,120.5,0,合格,benchmark,WS-002,二号装配工位,WS-002,李强,总装一车间,M16-02,2026-08-03 20:00:32
B0611,M20,8.8,0,20.0,320.0,160.12,0,合格,benchmark,WS-003,三号装配工位,WS-003,王芳,总装二车间,M20-03,2026-08-03 20:01:34
E0733,M12,8.8,0,-10.0,80.0,159.15,1,欠拧,extended,WS-001,一号装配工位,WS-001,张伟,总装一车间,M12-04,2026-08-03 20:04:10
E1590,M16,12.9,2,50.0,180.0,116.37,4,虚拧,extended,WS-002,二号装配工位,WS-002,李强,总装一车间,M16-02,2026-08-03 20:05:56
E1663,M20,8.8,0,-10.0,320.0,132.79,4,虚拧,extended,WS-003,三号装配工位,WS-003,王芳,总装二车间,M20-02,2026-08-03 20:07:53
E0665,M12,10.9,1,20.0,80.0,164.01,1,欠拧,extended,WS-001,一号装配工位,WS-001,张伟,总装一车间,M12-05,2026-08-03 20:08:05
B1097,M12,8.8,0,20.0,80.0,176.84,4,虚拧,benchmark,WS-001,一号装配工位,WS-001,张伟,总装一车间,M12-05,2026-08-03 20:09:10
E0450,M16,12.9,2,50.0,180.0,125.87,0,合格,extended,WS-002,二号装配工位,WS-002,李强,总装一车间,M16-05,2026-08-03 20:12:34
B1080,M24,8.8,0,20.0,520.0,178.5,4,虚拧,benchmark,WS-004,四号装配工位,WS-004,刘洋,总装二车间,M24-06,2026-08-03 20:12:50
B0816,M24,8.8,0,20.0,520.0,195.09,1,欠拧,benchmark,WS-004,四号装配工位,WS-004,刘洋,总装二车间,M24-06,2026-08-03 20:15:23
B0589,M12,8.8,0,20.0,80.0,175.34,0,合格,benchmark,WS-001,一号装配工位,WS-001,张伟,总装一车间,M12-04,2026-08-03 20:16:24
B1016,M24,8.8,0,20.0,520.0,155.06,3,滑牙,benchmark,WS-004,四号装配工位,WS-004,刘洋,总装二车间,M24-02,2026-08-03 20:17:29
E1584,M24,12.9,2,50.0,520.0,161.57,4,虚拧,extended,WS-004,四号装配工位,WS-004,刘洋,总装二车间,M24-06,2026-08-03 20:17:53
E1504,M24,8.8,0,-10.0,520.0,143.92,4,虚拧,extended,WS-004,四号装配工位,WS-004,刘洋,总装二车间,M24-04,2026-08-03 20:18:56
B0868,M24,8.8,0,20.0,520.0,137.65,2,过拧,benchmark,WS-004,四号装配工位,WS-004,刘洋,总装二车间,M24-01,2026-08-03 20:20:04
E0459,M20,12.9,2,50.0,320.0,131.0,0,合格,extended,WS-003,三号装配工位,WS-003,王芳,总装二车间,M20-01,2026-08-03 20:24:36
B1086,M16,8.8,0,20.0,180.0,148.8,4,虚拧,benchmark,WS-002,二号装配工位,WS-002,李强,总装一车间,M16-02,2026-08-03 20:24:46
E1008,M24,12.9,2,50.0,520.0,133.19,2,过拧,extended,WS-004,四号装配工位,WS-004,刘洋,总装二车间,M24-06,2026-08-03 20:25:13
E0769,M12,8.8,0,-10.0,80.0,181.48,1,欠拧,extended,WS-001,一号装配工位,WS-001,张伟,总装一车间,M12-01,2026-08-03 20:25:23
E0761,M12,10.9,1,20.0,80.0,122.89,1,欠拧,extended,WS-001,一号装配工位,WS-001,张伟,总装一车间,M12-05,2026-08-03 20:27:26
B0019,M20,8.8,0,20.0,320.0,164.75,0,合格,benchmark,WS-003,三号装配工位,WS-003,王芳,总装二车间,M20-05,2026-08-03 20:27:42
E1251,M20,12.9,2,50.0,320.0,146.55,3,滑牙,extended,WS-003,三号装配工位,WS-003,王芳,总装二车间,M20-01,2026-08-03 20:28:05
B0963,M20,8.8,0,20.0,320.0,168.28,3,滑牙,benchmark,WS-003,三号装配工位,WS-003,王芳,总装二车间,M20-01,2026-08-03 20:29:17
E1257,M12,12.9,2,50.0,80.0,146.59,3,滑牙,extended,WS-001,一号装配工位,WS-001,张伟,总装一车间,M12-03,2026-08-03 20:30:50
B1125,M12,8.8,0,20.0,80.0,129.31,4,虚拧,benchmark,WS-001,一号装配工位,WS-001,张伟,总装一车间,M12-06,2026-08-03 20:31:18
B0459,M20,8.8,0,20.0,320.0,187.51,0,合格,benchmark,WS-003,三号装配工位,WS-003,王芳,总装二车间,M20-01,2026-08-03 20:32:13
B0513,M12,8.8,0,20.0,80.0,122.09,0,合格,benchmark,WS-001,一号装配工位,WS-001,张伟,总装一车间,M12-03,2026-08-03 20:32:29
E0300,M24,12.9,2,50.0,520.0,153.31,0,合格,extended,WS-004,四号装配工位,WS-004,刘洋,总装二车间,M24-03,2026-08-03 20:34:00
B0093,M12,8.8,0,20.0,80.0,117.89,0,合格,benchmark,WS-001,一号装配工位,WS-001,张伟,总装一车间,M12-06,2026-08-03 20:36:06
B1024,M24,8.8,0,20.0,520.0,160.91,3,滑牙,benchmark,WS-004,四号装配工位,WS-004,刘洋,总装二车间,M24-04,2026-08-03 20:37:24
E1626,M16,12.9,2,50.0,180.0,161.75,4,虚拧,extended,WS-002,二号装配工位,WS-002,李强,总装一车间,M16-05,2026-08-03 20:38:06
B1093,M12,8.8,0,20.0,80.0,116.09,4,虚拧,benchmark,WS-001,一号装配工位,WS-001,张伟,总装一车间,M12-04,2026-08-03 20:41:31
E0968,M24,10.9,1,20.0,520.0,145.87,2,过拧,extended,WS-004,四号装配工位,WS-004,刘洋,总装二车间,M24-02,2026-08-03 20:43:09
B0590,M16,8.8,0,20.0,180.0,123.95,0,合格,benchmark,WS-002,二号装配工位,WS-002,李强,总装一车间,M16-04,2026-08-03 20:44:14
B1126,M16,8.8,0,20.0,180.0,126.31,4,虚拧,benchmark,WS-002,二号装配工位,WS-002,李强,总装一车间,M16-06,2026-08-03 20:44:18
E1239,M20,12.9,2,50.0,320.0,179.76,3,滑牙,extended,WS-003,三号装配工位,WS-003,王芳,总装二车间,M20-04,2026-08-03 20:47:19
B1144,M24,8.8,0,20.0,520.0,182.65,4,虚拧,benchmark,WS-004,四号装配工位,WS-004,刘洋,总装二车间,M24-04,2026-08-03 20:48:08
B0723,M20,8.8,0,20.0,320.0,193.81,1,欠拧,benchmark,WS-003,三号装配工位,WS-003,王芳,总装二车间,M20-01,2026-08-03 20:50:35
E0399,M20,12.9,2,50.0,320.0,169.73,0,合格,extended,WS-003,三号装配工位,WS-003,王芳,总装二车间,M20-04,2026-08-03 20:51:25
B0361,M12,8.8,0,20.0,80.0,146.57,0,合格,benchmark,WS-001,一号装配工位,WS-001,张伟,总装一车间,M12-01,2026-08-03 20:53:10
E0644,M24,10.9,1,20.0,520.0,167.97,1,欠拧,extended,WS-004,四号装配工位,WS-004,刘洋,总装二车间,M24-05,2026-08-03 20:53:50
E0836,M24,10.9,1,20.0,520.0,181.11,1,欠拧,extended,WS-004,四号装配工位,WS-004,刘洋,总装二车间,M24-05,2026-08-03 20:54:45
B0865,M12,8.8,0,20.0,80.0,134.94,2,过拧,benchmark,WS-001,一号装配工位,WS-001,张伟,总装一车间,M12-01,2026-08-03 20:55:16
B0775,M20,8.8,0,20.0,320.0,132.46,1,欠拧,benchmark,WS-003,三号装配工位,WS-003,王芳,总装二车间,M20-02,2026-08-03 20:56:10
E0684,M24,12.9,2,50.0,520.0,147.78,1,欠拧,extended,WS-004,四号装配工位,WS-004,刘洋,总装二车间,M24-03,2026-08-03 20:56:47
B0477,M12,8.8,0,20.0,80.0,188.41,0,合格,benchmark,WS-001,一号装配工位,WS-001,张伟,总装一车间,M12-06,2026-08-03 20:58:57
E1421,M12,10.9,1,20.0,80.0,170.5,3,滑牙,extended,WS-001,一号装配工位,WS-001,张伟,总装一车间,M12-02,2026-08-03 20:59:50
E0949,M12,8.8,0,-10.0,80.0,159.14,2,过拧,extended,WS-001,一号装配工位,WS-001,张伟,总装一车间,M12-04,2026-08-03 21:00:23
E0457,M12,8.8,0,-10.0,80.0,165.3,0,合格,extended,WS-001,一号装配工位,WS-001,张伟,总装一车间,M12-01,2026-08-03 21:00:43
E0663,M20,12.9,2,50.0,320.0,160.3,1,欠拧,extended,WS-003,三号装配工位,WS-003,王芳,总装二车间,M20-04,2026-08-03 21:02:57
B1163,M20,8.8,0,20.0,320.0,144.91,4,虚拧,benchmark,WS-003,三号装配工位,WS-003,王芳,总装二车间,M20-03,2026-08-03 21:03:15
B0650,M16,8.8,0,20.0,180.0,143.7,0,合格,benchmark,WS-002,二号装配工位,WS-002,李强,总装一车间,M16-01,2026-08-03 21:05:46
E1719,M20,12.9,2,50.0,320.0,150.79,4,虚拧,extended,WS-003,三号装配工位,WS-003,王芳,总装二车间,M20-04,2026-08-03 21:09:21
B0856,M24,8.8,0,20.0,520.0,121.86,2,过拧,benchmark,WS-004,四号装配工位,WS-004,刘洋,总装二车间,M24-04,2026-08-03 21:09:26
E0348,M24,12.9,2,50.0,520.0,170.47,0,合格,extended,WS-004,四号装配工位,WS-004,刘洋,总装二车间,M24-03,2026-08-03 21:09:33
B0297,M12,8.8,0,20.0,80.0,184.16,0,合格,benchmark,WS-001,一号装配工位,WS-001,张伟,总装一车间,M12-03,2026-08-03 21:11:02
B1007,M20,8.8,0,20.0,320.0,164.24,3,滑牙,benchmark,WS-003,三号装配工位,WS-003,王芳,总装二车间,M20-06,2026-08-03 21:12:58
B1158,M16,8.8,0,20.0,180.0,159.5,4,虚拧,benchmark,WS-002,二号装配工位,WS-002,李强,总装一车间,M16-02,2026-08-03 21:13:11
B0780,M24,8.8,0,20.0,520.0,144.24,1,欠拧,benchmark,WS-004,四号装配工位,WS-004,刘洋,总装二车间,M24-03,2026-08-03 21:14:18
E1119,M20,12.9,2,50.0,320.0,195.37,2,过拧,extended,WS-003,三号装配工位,WS-003,王芳,总装二车间,M20-04,2026-08-03 21:15:04
E1455,M20,12.9,2,50.0,320.0,194.74,3,滑牙,extended,WS-003,三号装配工位,WS-003,王芳,总装二车间,M20-04,2026-08-03 21:15:51
B0560,M24,8.8,0,20.0,520.0,178.7,0,合格,benchmark,WS-004,四号装配工位,WS-004,刘洋,总装二车间,M24-02,2026-08-03 21:16:53
B0882,M16,8.8,0,20.0,180.0,115.69,2,过拧,benchmark,WS-002,二号装配工位,WS-002,李强,总装一车间,M16-05,2026-08-03 21:16:53
E0696,M24,12.9,2,50.0,520.0,172.23,1,欠拧,extended,WS-004,四号装配工位,WS-004,刘洋,总装二车间,M24-06,2026-08-03 21:17:45
E1473,M12,12.9,2,50.0,80.0,171.21,3,滑牙,extended,WS-001,一号装配工位,WS-001,张伟,总装一车间,M12-03,2026-08-03 21:18:31
E0656,M24,10.9,1,20.0,520.0,183.15,1,欠拧,extended,WS-004,四号装配工位,WS-004,刘洋,总装二车间,M24-02,2026-08-03 21:20:21
E0265,M12,8.8,0,-10.0,80.0,141.43,0,合格,extended,WS-001,一号装配工位,WS-001,张伟,总装一车间,M12-01,2026-08-03 21:20:34
B1150,M16,8.8,0,20.0,180.0,110.89,4,虚拧,benchmark,WS-002,二号装配工位,WS-002,李强,总装一车间,M16-06,2026-08-03 21:20:42
E1440,M24,12.9,2,50.0,520.0,156.19,3,滑牙,extended,WS-004,四号装配工位,WS-004,刘洋,总装二车间,M24-06,2026-08-03 21:21:16
E1312,M24,8.8,0,-10.0,520.0,182.15,3,滑牙,extended,WS-004,四号装配工位,WS-004,刘洋,总装二车间,M24-04,2026-08-03 21:22:17
E0110,M16,10.9,1,20.0,180.0,144.03,0,合格,extended,WS-002,二号装配工位,WS-002,李强,总装一车间,M16-04,2026-08-03 21:24:00
E0114,M16,12.9,2,50.0,180.0,179.35,0,合格,extended,WS-002,二号装配工位,WS-002,李强,总装一车间,M16-05,2026-08-03 21:26:26
E0352,M24,8.8,0,-10.0,520.0,158.58,0,合格,extended,WS-004,四号装配工位,WS-004,刘洋,总装二车间,M24-04,2026-08-03 21:26:33
B0146,M16,8.8,0,20.0,180.0,106.7,0,合格,benchmark,WS-002,二号装配工位,WS-002,李强,总装一车间,M16-01,2026-08-03 21:26:42
E1177,M12,8.8,0,-10.0,80.0,181.45,2,过拧,extended,WS-001,一号装配工位,WS-001,张伟,总装一车间,M12-01,2026-08-03 21:28:00
E0950,M16,10.9,1,20.0,180.0,116.36,2,过拧,extended,WS-002,二号装配工位,WS-002,李强,总装一车间,M16-04,2026-08-03 21:29:12
B1127,M20,8.8,0,20.0,320.0,150.43,4,虚拧,benchmark,WS-003,三号装配工位,WS-003,王芳,总装二车间,M20-06,2026-08-03 21:29:48
B0643,M20,8.8,0,20.0,320.0,155.11,0,合格,benchmark,WS-003,三号装配工位,WS-003,王芳,总装二车间,M20-05,2026-08-03 21:30:06
B0835,M20,8.8,0,20.0,320.0,115.85,2,过拧,benchmark,WS-003,三号装配工位,WS-003,王芳,总装二车间,M20-05,2026-08-03 21:30:46
E0201,M12,12.9,2,50.0,80.0,135.42,0,合格,extended,WS-001,一号装配工位,WS-001,张伟,总装一车间,M12-03,2026-08-03 21:31:55
B0125,M12,8.8,0,20.0,80.0,140.83,0,合格,benchmark,WS-001,一号装配工位,WS-001,张伟,总装一车间,M12-02,2026-08-03 21:33:56
E0360,M24,12.9,2,50.0,520.0,179.66,0,合格,extended,WS-004,四号装配工位,WS-004,刘洋,总装二车间,M24-06,2026-08-03 21:35:43
E1472,M24,10.9,1,20.0,520.0,121.39,3,滑牙,extended,WS-004,四号装配工位,WS-004,刘洋,总装二车间,M24-02,2026-08-03 21:36:22
B0151,M20,8.8,0,20.0,320.0,112.52,0,合格,benchmark,WS-003,三号装配工位,WS-003,王芳,总装二车间,M20-02,2026-08-03 21:36:29
E0147,M20,12.9,2,50.0,320.0,139.01,0,合格,extended,WS-003,三号装配工位,WS-003,王芳,总装二车间,M20-01,2026-08-03 21:36:30
E1794,M16,12.9,2,50.0,180.0,174.07,4,虚拧,extended,WS-002,二号装配工位,WS-002,李强,总装一车间,M16-05,2026-08-03 21:38:54
B1042,M16,8.8,0,20.0,180.0,186.82,3,滑牙,benchmark,WS-002,二号装配工位,WS-002,李强,总装一车间,M16-03,2026-08-03 21:40:17
B0232,M24,8.8,0,20.0,520.0,138.13,0,合格,benchmark,WS-004,四号装配工位,WS-004,刘洋,总装二车间,M24-04,2026-08-03 21:40:34
E0953,M12,10.9,1,20.0,80.0,138.52,2,过拧,extended,WS-001,一号装配工位,WS-001,张伟,总装一车间,M12-05,2026-08-03 21:40:34
B0610,M16,8.8,0,20.0,180.0,145.35,0,合格,benchmark,WS-002,二号装配工位,WS-002,李强,总装一车间,M16-03,2026-08-03 21:44:42
E0092,M24,10.9,1,20.0,520.0,128.32,0,合格,extended,WS-004,四号装配工位,WS-004,刘洋,总装二车间,M24-05,2026-08-03 21:47:06
B0037,M12,8.8,0,20.0,80.0,163.05,0,合格,benchmark,WS-001,一号装配工位,WS-001,张伟,总装一车间,M12-04,2026-08-03 21:47:49
B0006,M16,8.8,0,20.0,180.0,159.81,0,合格,benchmark,WS-002,二号装配工位,WS-002,李强,总装一车间,M16-02,2026-08-03 21:49:08
E0506,M16,10.9,1,20.0,180.0,171.53,0,合格,extended,WS-002,二号装配工位,WS-002,李强,总装一车间,M16-01,2026-08-03 21:50:48
E0047,M20,10.9,1,20.0,320.0,117.44,0,合格,extended,WS-003,三号装配工位,WS-003,王芳,总装二车间,M20-06,2026-08-03 21:54:27
E1282,M16,8.8,0,-10.0,180.0,148.02,3,滑牙,extended,WS-002,二号装配工位,WS-002,李强,总装一车间,M16-03,2026-08-03 21:56:25
E1669,M12,8.8,0,-10.0,80.0,142.16,4,虚拧,extended,WS-001,一号装配工位,WS-001,张伟,总装一车间,M12-04,2026-08-03 21:56:44
E0998,M16,10.9,1,20.0,180.0,174.48,2,过拧,extended,WS-002,二号装配工位,WS-002,李强,总装一车间,M16-04,2026-08-03 21:57:39
E0898,M16,8.8,0,-10.0,180.0,164.68,1,欠拧,extended,WS-002,二号装配工位,WS-002,李强,总装一车间,M16-03,2026-08-03 21:57:55
B0668,M24,8.8,0,20.0,520.0,183.78,0,合格,benchmark,WS-004,四号装配工位,WS-004,刘洋,总装二车间,M24-05,2026-08-03 21:58:18
E1132,M24,8.8,0,-10.0,520.0,136.92,2,过拧,extended,WS-004,四号装配工位,WS-004,刘洋,总装二车间,M24-01,2026-08-03 21:58:39
E0219,M20,12.9,2,50.0,320.0,188.8,0,合格,extended,WS-003,三号装配工位,WS-003,王芳,总装二车间,M20-01,2026-08-03 21:59:22
E0535,M20,8.8,0,-10.0,320.0,112.98,0,合格,extended,WS-003,三号装配工位,WS-003,王芳,总装二车间,M20-02,2026-08-03 22:00:22
E0389,M12,10.9,1,20.0,80.0,110.42,0,合格,extended,WS-001,一号装配工位,WS-001,张伟,总装一车间,M12-02,2026-08-03 22:03:19
E1647,M20,12.9,2,50.0,320.0,142.64,4,虚拧,extended,WS-003,三号装配工位,WS-003,王芳,总装二车间,M20-04,2026-08-03 22:06:12
E0286,M16,8.8,0,-10.0,180.0,155.92,0,合格,extended,WS-002,二号装配工位,WS-002,李强,总装一车间,M16-06,2026-08-03 22:07:08
E1703,M20,10.9,1,20.0,320.0,136.87,4,虚拧,extended,WS-003,三号装配工位,WS-003,王芳,总装二车间,M20-06,2026-08-03 22:08:13
E1401,M12,12.9,2,50.0,80.0,116.0,3,滑牙,extended,WS-001,一号装配工位,WS-001,张伟,总装一车间,M12-03,2026-08-03 22:09:16
E0309,M12,12.9,2,50.0,80.0,118.28,0,合格,extended,WS-001,一号装配工位,WS-001,张伟,总装一车间,M12-06,2026-08-03 22:09:20
B0829,M12,8.8,0,20.0,80.0,149.09,2,过拧,benchmark,WS-001,一号装配工位,WS-001,张伟,总装一车间,M12-04,2026-08-03 22:10:04
E0321,M12,12.9,2,50.0,80.0,143.14,0,合格,extended,WS-001,一号装配工位,WS-001,张伟,总装一车间,M12-03,2026-08-03 22:12:20
E1706,M16,10.9,1,20.0,180.0,180.0,4,虚拧,extended,WS-002,二号装配工位,WS-002,李强,总装一车间,M16-01,2026-08-03 22:13:04
B0427,M20,8.8,0,20.0,320.0,192.26,0,合格,benchmark,WS-003,三号装配工位,WS-003,王芳,总装二车间,M20-05,2026-08-03 22:13:50
E0080,M24,10.9,1,20.0,520.0,109.04,0,合格,extended,WS-004,四号装配工位,WS-004,刘洋,总装二车间,M24-02,2026-08-03 22:18:46
E0534,M16,12.9,2,50.0,180.0,160.37,0,合格,extended,WS-002,二号装配工位,WS-002,李强,总装一车间,M16-02,2026-08-03 22:19:16
E1358,M16,10.9,1,20.0,180.0,127.04,3,滑牙,extended,WS-002,二号装配工位,WS-002,李强,总装一车间,M16-04,2026-08-03 22:21:44
E0125,M12,10.9,1,20.0,80.0,180.1,0,合格,extended,WS-001,一号装配工位,WS-001,张伟,总装一车间,M12-02,2026-08-03 22:22:35
E0014,M16,10.9,1,20.0,180.0,166.91,0,合格,extended,WS-002,二号装配工位,WS-002,李强,总装一车间,M16-04,2026-08-03 22:24:34
E1618,M16,8.8,0,-10.0,180.0,159.15,4,虚拧,extended,WS-002,二号装配工位,WS-002,李强,总装一车间,M16-03,2026-08-03 22:26:44
B0504,M24,8.8,0,20.0,520.0,182.98,0,合格,benchmark,WS-004,四号装配工位,WS-004,刘洋,总装二车间,M24-06,2026-08-03 22:27:33
B0492,M24,8.8,0,20.0,520.0,144.07,0,合格,benchmark,WS-004,四号装配工位,WS-004,刘洋,总装二车间,M24-03,2026-08-03 22:28:37
B1023,M20,8.8,0,20.0,320.0,189.43,3,滑牙,benchmark,WS-003,三号装配工位,WS-003,王芳,总装二车间,M20-04,2026-08-03 22:32:00
E1679,M20,10.9,1,20.0,320.0,121.97,4,虚拧,extended,WS-003,三号装配工位,WS-003,王芳,总装二车间,M20-06,2026-08-03 22:43:15
E0905,M12,10.9,1,20.0,80.0,113.87,2,过拧,extended,WS-001,一号装配工位,WS-001,张伟,总装一车间,M12-05,2026-08-03 22:43:25
E1597,M12,8.8,0,-10.0,80.0,125.6,4,虚拧,extended,WS-001,一号装配工位,WS-001,张伟,总装一车间,M12-04,2026-08-03 22:43:45
E1556,M24,10.9,1,20.0,520.0,167.69,4,虚拧,extended,WS-004,四号装配工位,WS-004,刘洋,总装二车间,M24-05,2026-08-03 22:44:29
B0921,M12,8.8,0,20.0,80.0,179.28,2,过拧,benchmark,WS-001,一号装配工位,WS-001,张伟,总装一车间,M12-03,2026-08-03 22:50:01
E1190,M16,10.9,1,20.0,180.0,131.31,2,过拧,extended,WS-002,二号装配工位,WS-002,李强,总装一车间,M16-04,2026-08-03 22:50:45
E0458,M16,10.9,1,20.0,180.0,149.64,0,合格,extended,WS-002,二号装配工位,WS-002,李强,总装一车间,M16-01,2026-08-03 22:55:11
E0208,M24,8.8,0,-10.0,520.0,130.12,0,合格,extended,WS-004,四号装配工位,WS-004,刘洋,总装二车间,M24-04,2026-08-03 22:57:02
E0743,M20,10.9,1,20.0,320.0,176.47,1,欠拧,extended,WS-003,三号装配工位,WS-003,王芳,总装二车间,M20-06,2026-08-03 22:57:03
E1510,M16,8.8,0,-10.0,180.0,118.84,4,虚拧,extended,WS-002,二号装配工位,WS-002,李强,总装一车间,M16-06,2026-08-03 22:57:07
B0396,M24,8.8,0,20.0,520.0,123.99,0,合格,benchmark,WS-004,四号装配工位,WS-004,刘洋,总装二车间,M24-03,2026-08-03 22:58:06
E0698,M16,10.9,1,20.0,180.0,115.9,1,欠拧,extended,WS-002,二号装配工位,WS-002,李强,总装一车间,M16-01,2026-08-03 22:58:09
B0558,M16,8.8,0,20.0,180.0,121.52,0,合格,benchmark,WS-002,二号装配工位,WS-002,李强,总装一车间,M16-02,2026-08-03 23:00:01
E0045,M12,12.9,2,50.0,80.0,110.08,0,合格,extended,WS-001,一号装配工位,WS-001,张伟,总装一车间,M12-06,2026-08-03 23:00:01
E1186,M16,8.8,0,-10.0,180.0,170.53,2,过拧,extended,WS-002,二号装配工位,WS-002,李强,总装一车间,M16-03,2026-08-03 23:00:21
E0942,M16,12.9,2,50.0,180.0,123.14,2,过拧,extended,WS-002,二号装配工位,WS-002,李强,总装一车间,M16-02,2026-08-03 23:00:27
E0624,M24,12.9,2,50.0,520.0,132.37,1,欠拧,extended,WS-004,四号装配工位,WS-004,刘洋,总装二车间,M24-06,2026-08-03 23:07:23
E1027,M20,8.8,0,-10.0,320.0,194.78,2,过拧,extended,WS-003,三号装配工位,WS-003,王芳,总装二车间,M20-05,2026-08-03 23:11:48
B0781,M12,8.8,0,20.0,80.0,130.34,1,欠拧,benchmark,WS-001,一号装配工位,WS-001,张伟,总装一车间,M12-04,2026-08-03 23:12:40
E0801,M12,12.9,2,50.0,80.0,124.47,1,欠拧,extended,WS-001,一号装配工位,WS-001,张伟,总装一车间,M12-03,2026-08-03 23:13:31
E1478,M16,10.9,1,20.0,180.0,139.76,3,滑牙,extended,WS-002,二号装配工位,WS-002,李强,总装一车间,M16-04,2026-08-03 23:13:35
E0516,M24,12.9,2,50.0,520.0,124.54,0,合格,extended,WS-004,四号装配工位,WS-004,刘洋,总装二车间,M24-03,2026-08-03 23:14:32
E1452,M24,12.9,2,50.0,520.0,136.45,3,滑牙,extended,WS-004,四号装配工位,WS-004,刘洋,总装二车间,M24-03,2026-08-03 23:16:15
E0693,M12,12.9,2,50.0,80.0,147.98,1,欠拧,extended,WS-001,一号装配工位,WS-001,张伟,总装一车间,M12-06,2026-08-03 23:17:16
E0001,M12,8.8,0,-10.0,80.0,132.76,0,合格,extended,WS-001,一号装配工位,WS-001,张伟,总装一车间,M12-01,2026-08-03 23:17:22
E1104,M24,12.9,2,50.0,520.0,139.48,2,过拧,extended,WS-004,四号装配工位,WS-004,刘洋,总装二车间,M24-06,2026-08-03 23:17:34
B0812,M24,8.8,0,20.0,520.0,122.2,1,欠拧,benchmark,WS-004,四号装配工位,WS-004,刘洋,总装二车间,M24-05,2026-08-03 23:18:08
E0513,M12,12.9,2,50.0,80.0,129.99,0,合格,extended,WS-001,一号装配工位,WS-001,张伟,总装一车间,M12-03,2026-08-03 23:21:34
E0434,M16,10.9,1,20.0,180.0,179.75,0,合格,extended,WS-002,二号装配工位,WS-002,李强,总装一车间,M16-01,2026-08-03 23:23:14
E1451,M20,10.9,1,20.0,320.0,139.11,3,滑牙,extended,WS-003,三号装配工位,WS-003,王芳,总装二车间,M20-03,2026-08-03 23:24:07
E0171,M20,12.9,2,50.0,320.0,145.53,0,合格,extended,WS-003,三号装配工位,WS-003,王芳,总装二车间,M20-01,2026-08-03 23:24:42
E0592,M24,8.8,0,-10.0,520.0,176.78,0,合格,extended,WS-004,四号装配工位,WS-004,刘洋,总装二车间,M24-04,2026-08-03 23:26:04
B1141,M12,8.8,0,20.0,80.0,139.33,4,虚拧,benchmark,WS-001,一号装配工位,WS-001,张伟,总装一车间,M12-04,2026-08-03 23:26:43
E1501,M12,8.8,0,-10.0,80.0,127.6,4,虚拧,extended,WS-001,一号装配工位,WS-001,张伟,总装一车间,M12-04,2026-08-03 23:26:49
B0517,M12,8.8,0,20.0,80.0,132.86,0,合格,benchmark,WS-001,一号装配工位,WS-001,张伟,总装一车间,M12-04,2026-08-03 23:28:39
E0615,M20,12.9,2,50.0,320.0,129.99,1,欠拧,extended,WS-003,三号装配工位,WS-003,王芳,总装二车间,M20-04,2026-08-03 23:37:12
B0904,M24,8.8,0,20.0,520.0,132.89,2,过拧,benchmark,WS-004,四号装配工位,WS-004,刘洋,总装二车间,M24-04,2026-08-03 23:39:30
E1557,M12,12.9,2,50.0,80.0,172.41,4,虚拧,extended,WS-001,一号装配工位,WS-001,张伟,总装一车间,M12-06,2026-08-03 23:39:36
E1040,M24,10.9,1,20.0,520.0,183.93,2,过拧,extended,WS-004,四号装配工位,WS-004,刘洋,总装二车间,M24-02,2026-08-03 23:42:32
B0375,M20,8.8,0,20.0,320.0,165.86,0,合格,benchmark,WS-003,三号装配工位,WS-003,王芳,总装二车间,M20-04,2026-08-03 23:48:47
B1004,M24,8.8,0,20.0,520.0,153.73,3,滑牙,benchmark,WS-004,四号装配工位,WS-004,刘洋,总装二车间,M24-05,2026-08-03 23:49:15
E0124,M24,8.8,0,-10.0,520.0,140.19,0,合格,extended,WS-004,四号装配工位,WS-004,刘洋,总装二车间,M24-01,2026-08-03 23:49:55
E0891,M20,12.9,2,50.0,320.0,149.56,1,欠拧,extended,WS-003,三号装配工位,WS-003,王芳,总装二车间,M20-01,2026-08-03 23:53:21
E0175,M20,8.8,0,-10.0,320.0,176.3,0,合格,extended,WS-003,三号装配工位,WS-003,王芳,总装二车间,M20-02,2026-08-03 23:53:32
E0552,M24,12.9,2,50.0,520.0,113.05,0,合格,extended,WS-004,四号装配工位,WS-004,刘洋,总装二车间,M24-06,2026-08-03 23:54:18
B0035,M20,8.8,0,20.0,320.0,113.84,0,合格,benchmark,WS-003,三号装配工位,WS-003,王芳,总装二车间,M20-03,2026-08-03 23:55:41
E0712,M24,8.8,0,-10.0,520.0,118.2,1,欠拧,extended,WS-004,四号装配工位,WS-004,刘洋,总装二车间,M24-04,2026-08-03 23:56:06
E1298,M16,10.9,1,20.0,180.0,156.99,3,滑牙,extended,WS-002,二号装配工位,WS-002,李强,总装一车间,M16-01,2026-08-03 23:57:44
B0565,M12,8.8,0,20.0,80.0,116.94,0,合格,benchmark,WS-001,一号装配工位,WS-001,张伟,总装一车间,M12-04,2026-08-04 00:00:59
E0492,M24,12.9,2,50.0,520.0,114.5,0,合格,extended,WS-004,四号装配工位,WS-004,刘洋,总装二车间,M24-03,2026-08-04 00:03:18
E0406,M16,8.8,0,-10.0,180.0,185.65,0,合格,extended,WS-002,二号装配工位,WS-002,李强,总装一车间,M16-06,2026-08-04 00:04:53
E1252,M24,8.8,0,-10.0,520.0,175.43,3,滑牙,extended,WS-004,四号装配工位,WS-004,刘洋,总装二车间,M24-01,2026-08-04 00:05:56
B0362,M16,8.8,0,20.0,180.0,159.39,0,合格,benchmark,WS-002,二号装配工位,WS-002,李强,总装一车间,M16-01,2026-08-04 00:08:13
E0189,M12,12.9,2,50.0,80.0,172.43,0,合格,extended,WS-001,一号装配工位,WS-001,张伟,总装一车间,M12-06,2026-08-04 00:08:34
B0358,M16,8.8,0,20.0,180.0,144.25,0,合格,benchmark,WS-002,二号装配工位,WS-002,李强,总装一车间,M16-06,2026-08-04 00:12:02
B0389,M12,8.8,0,20.0,80.0,157.91,0,合格,benchmark,WS-001,一号装配工位,WS-001,张伟,总装一车间,M12-02,2026-08-04 00:13:03
E1271,M20,10.9,1,20.0,320.0,132.22,3,滑牙,extended,WS-003,三号装配工位,WS-003,王芳,总装二车间,M20-06,2026-08-04 00:14:54
E0842,M16,10.9,1,20.0,180.0,136.68,1,欠拧,extended,WS-002,二号装配工位,WS-002,李强,总装一车间,M16-01,2026-08-04 00:15:32
E1100,M24,10.9,1,20.0,520.0,120.49,2,过拧,extended,WS-004,四号装配工位,WS-004,刘洋,总装二车间,M24-05,2026-08-04 00:17:53
B0048,M24,8.8,0,20.0,520.0,166.01,0,合格,benchmark,WS-004,四号装配工位,WS-004,刘洋,总装二车间,M24-06,2026-08-04 00:18:16
B0364,M24,8.8,0,20.0,520.0,117.3,0,合格,benchmark,WS-004,四号装配工位,WS-004,刘洋,总装二车间,M24-01,2026-08-04 00:19:41
B0579,M20,8.8,0,20.0,320.0,164.33,0,合格,benchmark,WS-003,三号装配工位,WS-003,王芳,总装二车间,M20-01,2026-08-04 00:20:07
E0861,M12,12.9,2,50.0,80.0,153.67,1,欠拧,extended,WS-001,一号装配工位,WS-001,张伟,总装一车间,M12-06,2026-08-04 00:23:20
E1246,M16,8.8,0,-10.0,180.0,163.62,3,滑牙,extended,WS-002,二号装配工位,WS-002,李强,总装一车间,M16-06,2026-08-04 00:24:17
E0104,M24,10.9,1,20.0,520.0,134.35,0,合格,extended,WS-004,四号装配工位,WS-004,刘洋,总装二车间,M24-02,2026-08-04 00:29:08
E0678,M16,12.9,2,50.0,180.0,129.28,1,欠拧,extended,WS-002,二号装配工位,WS-002,李强,总装一车间,M16-02,2026-08-04 00:31:14
B0304,M24,8.8,0,20.0,520.0,138.16,0,合格,benchmark,WS-004,四号装配工位,WS-004,刘洋,总装二车间,M24-04,2026-08-04 00:31:24
E0357,M12,12.9,2,50.0,80.0,147.69,0,合格,extended,WS-001,一号装配工位,WS-001,张伟,总装一车间,M12-06,2026-08-04 00:33:45
E1778,M16,10.9,1,20.0,180.0,189.06,4,虚拧,extended,WS-002,二号装配工位,WS-002,李强,总装一车间,M16-01,2026-08-04 00:33:58
E0184,M24,8.8,0,-10.0,520.0,158.56,0,合格,extended,WS-004,四号装配工位,WS-004,刘洋,总装二车间,M24-04,2026-08-04 00:35:01
B0828,M24,8.8,0,20.0,520.0,184.17,2,过拧,benchmark,WS-004,四号装配工位,WS-004,刘洋,总装二车间,M24-03,2026-08-04 00:35:11
E0432,M24,12.9,2,50.0,520.0,111.56,0,合格,extended,WS-004,四号装配工位,WS-004,刘洋,总装二车间,M24-06,2026-08-04 00:36:20
E0271,M20,8.8,0,-10.0,320.0,115.77,0,合格,extended,WS-003,三号装配工位,WS-003,王芳,总装二车间,M20-02,2026-08-04 00:38:27
B0095,M20,8.8,0,20.0,320.0,147.84,0,合格,benchmark,WS-003,三号装配工位,WS-003,王芳,总装二车间,M20-06,2026-08-04 00:39:44
B0740,M24,8.8,0,20.0,520.0,116.5,1,欠拧,benchmark,WS-004,四号装配工位,WS-004,刘洋,总装二车间,M24-05,2026-08-04 00:40:56
E1638,M16,12.9,2,50.0,180.0,158.38,4,虚拧,extended,WS-002,二号装配工位,WS-002,李强,总装一车间,M16-02,2026-08-04 00:43:20
B0179,M20,8.8,0,20.0,320.0,143.4,0,合格,benchmark,WS-003,三号装配工位,WS-003,王芳,总装二车间,M20-03,2026-08-04 00:50:41
E0626,M16,10.9,1,20.0,180.0,183.3,1,欠拧,extended,WS-002,二号装配工位,WS-002,李强,总装一车间,M16-01,2026-08-04 00:55:05
E0115,M20,8.8,0,-10.0,320.0,158.71,0,合格,extended,WS-003,三号装配工位,WS-003,王芳,总装二车间,M20-05,2026-08-04 00:58:56
E0228,M24,12.9,2,50.0,520.0,197.11,0,合格,extended,WS-004,四号装配工位,WS-004,刘洋,总装二车间,M24-03,2026-08-04 00:59:01
B0220,M24,8.8,0,20.0,520.0,114.87,0,合格,benchmark,WS-004,四号装配工位,WS-004,刘洋,总装二车间,M24-01,2026-08-04 00:59:14
B0592,M24,8.8,0,20.0,520.0,151.89,0,合格,benchmark,WS-004,四号装配工位,WS-004,刘洋,总装二车间,M24-04,2026-08-04 00:59:27
E1739,M20,10.9,1,20.0,320.0,188.2,4,虚拧,extended,WS-003,三号装配工位,WS-003,王芳,总装二车间,M20-03,2026-08-04 00:59:28
B1037,M12,8.8,0,20.0,80.0,127.16,3,滑牙,benchmark,WS-001,一号装配工位,WS-001,张伟,总装一车间,M12-02,2026-08-04 01:00:02
E1578,M16,12.9,2,50.0,180.0,179.27,4,虚拧,extended,WS-002,二号装配工位,WS-002,李强,总装一车间,M16-05,2026-08-04 01:00:54
E0006,M16,12.9,2,50.0,180.0,184.42,0,合格,extended,WS-002,二号装配工位,WS-002,李强,总装一车间,M16-02,2026-08-04 01:02:22
E1789,M12,8.8,0,-10.0,80.0,131.62,4,虚拧,extended,WS-001,一号装配工位,WS-001,张伟,总装一车间,M12-04,2026-08-04 01:02:39
E0532,M24,8.8,0,-10.0,520.0,152.76,0,合格,extended,WS-004,四号装配工位,WS-004,刘洋,总装二车间,M24-01,2026-08-04 01:05:09
B0345,M12,8.8,0,20.0,80.0,177.08,0,合格,benchmark,WS-001,一号装配工位,WS-001,张伟,总装一车间,M12-03,2026-08-04 01:11:53
B0067,M20,8.8,0,20.0,320.0,179.68,0,合格,benchmark,WS-003,三号装配工位,WS-003,王芳,总装二车间,M20-05,2026-08-04 01:11:54
E1087,M20,8.8,0,-10.0,320.0,150.09,2,过拧,extended,WS-003,三号装配工位,WS-003,王芳,总装二车间,M20-02,2026-08-04 01:14:21
E0868,M24,8.8,0,-10.0,520.0,122.05,1,欠拧,extended,WS-004,四号装配工位,WS-004,刘洋,总装二车间,M24-01,2026-08-04 01:18:36
B1108,M24,8.8,0,20.0,520.0,148.56,4,虚拧,benchmark,WS-004,四号装配工位,WS-004,刘洋,总装二车间,M24-01,2026-08-04 01:18:41
E0087,M20,12.9,2,50.0,320.0,180.8,0,合格,extended,WS-003,三号装配工位,WS-003,王芳,总装二车间,M20-04,2026-08-04 01:21:46
B0202,M16,8.8,0,20.0,180.0,175.63,0,合格,benchmark,WS-002,二号装配工位,WS-002,李强,总装一车间,M16-03,2026-08-04 01:25:04
E0190,M16,8.8,0,-10.0,180.0,165.49,0,合格,extended,WS-002,二号装配工位,WS-002,李强,总装一车间,M16-06,2026-08-04 01:27:09
E0369,M12,12.9,2,50.0,80.0,165.98,0,合格,extended,WS-001,一号装配工位,WS-001,张伟,总装一车间,M12-03,2026-08-04 01:28:44
B0843,M20,8.8,0,20.0,320.0,161.37,2,过拧,benchmark,WS-003,三号装配工位,WS-003,王芳,总装二车间,M20-01,2026-08-04 01:28:45
B1154,M16,8.8,0,20.0,180.0,146.8,4,虚拧,benchmark,WS-002,二号装配工位,WS-002,李强,总装一车间,M16-01,2026-08-04 01:29:15
E1493,M12,10.9,1,20.0,80.0,160.02,3,滑牙,extended,WS-001,一号装配工位,WS-001,张伟,总装一车间,M12-02,2026-08-04 01:31:31
E0914,M16,10.9,1,20.0,180.0,147.4,2,过拧,extended,WS-002,二号装配工位,WS-002,李强,总装一车间,M16-01,2026-08-04 01:32:36
B0840,M24,8.8,0,20.0,520.0,157.75,2,过拧,benchmark,WS-004,四号装配工位,WS-004,刘洋,总装二车间,M24-06,2026-08-04 01:33:57
E1585,M12,8.8,0,-10.0,80.0,149.48,4,虚拧,extended,WS-001,一号装配工位,WS-001,张伟,总装一车间,M12-01,2026-08-04 01:38:08
E1694,M16,10.9,1,20.0,180.0,125.5,4,虚拧,extended,WS-002,二号装配工位,WS-002,李强,总装一车间,M16-04,2026-08-04 01:41:46
E0508,M24,8.8,0,-10.0,520.0,166.55,0,合格,extended,WS-004,四号装配工位,WS-004,刘洋,总装二车间,M24-01,2026-08-04 01:42:21
E0964,M24,8.8,0,-10.0,520.0,131.83,2,过拧,extended,WS-004,四号装配工位,WS-004,刘洋,总装二车间,M24-01,2026-08-04 01:42:44
E0901,M12,8.8,0,-10.0,80.0,127.05,2,过拧,extended,WS-001,一号装配工位,WS-001,张伟,总装一车间,M12-04,2026-08-04 01:45:04
E1433,M12,10.9,1,20.0,80.0,110.57,3,滑牙,extended,WS-001,一号装配工位,WS-001,张伟,总装一车间,M12-05,2026-08-04 01:46:00
B0943,M20,8.8,0,20.0,320.0,147.38,2,过拧,benchmark,WS-003,三号装配工位,WS-003,王芳,总装二车间,M20-02,2026-08-04 01:47:15
E0307,M20,8.8,0,-10.0,320.0,153.32,0,合格,extended,WS-003,三号装配工位,WS-003,王芳,总装二车间,M20-05,2026-08-04 01:49:13
E0913,M12,8.8,0,-10.0,80.0,195.33,2,过拧,extended,WS-001,一号装配工位,WS-001,张伟,总装一车间,M12-01,2026-08-04 01:50:09
B0529,M12,8.8,0,20.0,80.0,120.67,0,合格,benchmark,WS-001,一号装配工位,WS-001,张伟,总装一车间,M12-01,2026-08-04 01:53:57
E0154,M16,8.8,0,-10.0,180.0,170.82,0,合格,extended,WS-002,二号装配工位,WS-002,李强,总装一车间,M16-03,2026-08-04 01:54:05
E0751,M20,8.8,0,-10.0,320.0,169.03,1,欠拧,extended,WS-003,三号装配工位,WS-003,王芳,总装二车间,M20-02,2026-08-04 01:54:38
E1105,M12,8.8,0,-10.0,80.0,144.62,2,过拧,extended,WS-001,一号装配工位,WS-001,张伟,总装一车间,M12-01,2026-08-04 01:55:57
E1596,M24,12.9,2,50.0,520.0,147.67,4,虚拧,extended,WS-004,四号装配工位,WS-004,刘洋,总装二车间,M24-03,2026-08-04 01:56:01
E1331,M20,10.9,1,20.0,320.0,123.24,3,滑牙,extended,WS-003,三号装配工位,WS-003,王芳,总装二车间,M20-03,2026-08-04 01:56:05
B0324,M24,8.8,0,20.0,520.0,119.83,0,合格,benchmark,WS-004,四号装配工位,WS-004,刘洋,总装二车间,M24-03,2026-08-04 01:57:10
B0642,M16,8.8,0,20.0,180.0,175.27,0,合格,benchmark,WS-002,二号装配工位,WS-002,李强,总装一车间,M16-05,2026-08-04 01:58:37
E0748,M24,8.8,0,-10.0,520.0,188.72,1,欠拧,extended,WS-004,四号装配工位,WS-004,刘洋,总装二车间,M24-01,2026-08-04 02:00:47
B1170,M16,8.8,0,20.0,180.0,114.16,4,虚拧,benchmark,WS-002,二号装配工位,WS-002,李强,总装一车间,M16-05,2026-08-04 02:02:53
B0153,M12,8.8,0,20.0,80.0,143.8,0,合格,benchmark,WS-001,一号装配工位,WS-001,张伟,总装一车间,M12-03,2026-08-04 02:04:15
E1183,M20,8.8,0,-10.0,320.0,173.08,2,过拧,extended,WS-003,三号装配工位,WS-003,王芳,总装二车间,M20-02,2026-08-04 02:05:15
B0804,M24,8.8,0,20.0,520.0,169.4,1,欠拧,benchmark,WS-004,四号装配工位,WS-004,刘洋,总装二车间,M24-03,2026-08-04 02:07:40
E0364,M24,8.8,0,-10.0,520.0,164.28,0,合格,extended,WS-004,四号装配工位,WS-004,刘洋,总装二车间,M24-01,2026-08-04 02:09:11
E0330,M16,12.9,2,50.0,180.0,156.7,0,合格,extended,WS-002,二号装配工位,WS-002,李强,总装一车间,M16-05,2026-08-04 02:09:18
B1103,M20,8.8,0,20.0,320.0,115.87,4,虚拧,benchmark,WS-003,三号装配工位,WS-003,王芳,总装二车间,M20-06,2026-08-04 02:09:46
B0669,M12,8.8,0,20.0,80.0,172.08,0,合格,benchmark,WS-001,一号装配工位,WS-001,张伟,总装一车间,M12-06,2026-08-04 02:09:49
E0505,M12,8.8,0,-10.0,80.0,141.16,0,合格,extended,WS-001,一号装配工位,WS-001,张伟,总装一车间,M12-01,2026-08-04 02:14:00
B0715,M20,8.8,0,20.0,320.0,184.35,1,欠拧,benchmark,WS-003,三号装配工位,WS-003,王芳,总装二车间,M20-05,2026-08-04 02:14:54
B1081,M12,8.8,0,20.0,80.0,142.18,4,虚拧,benchmark,WS-001,一号装配工位,WS-001,张伟,总装一车间,M12-01,2026-08-04 02:15:58
B0969,M12,8.8,0,20.0,80.0,192.15,3,滑牙,benchmark,WS-001,一号装配工位,WS-001,张伟,总装一车间,M12-03,2026-08-04 02:16:22
E0772,M24,8.8,0,-10.0,520.0,134.81,1,欠拧,extended,WS-004,四号装配工位,WS-004,刘洋,总装二车间,M24-01,2026-08-04 02:17:16
B0530,M16,8.8,0,20.0,180.0,143.63,0,合格,benchmark,WS-002,二号装配工位,WS-002,李强,总装一车间,M16-01,2026-08-04 02:18:35
B1006,M16,8.8,0,20.0,180.0,184.15,3,滑牙,benchmark,WS-002,二号装配工位,WS-002,李强,总装一车间,M16-06,2026-08-04 02:18:58
E1425,M12,12.9,2,50.0,80.0,130.35,3,滑牙,extended,WS-001,一号装配工位,WS-001,张伟,总装一车间,M12-03,2026-08-04 02:20:06
B0733,M12,8.8,0,20.0,80.0,171.6,1,欠拧,benchmark,WS-001,一号装配工位,WS-001,张伟,总装一车间,M12-04,2026-08-04 02:21:24
E1761,M12,12.9,2,50.0,80.0,123.63,4,虚拧,extended,WS-001,一号装配工位,WS-001,张伟,总装一车间,M12-03,2026-08-04 02:21:51
E0814,M16,8.8,0,-10.0,180.0,152.81,1,欠拧,extended,WS-002,二号装配工位,WS-002,李强,总装一车间,M16-06,2026-08-04 02:22:24
B0061,M12,8.8,0,20.0,80.0,182.61,0,合格,benchmark,WS-001,一号装配工位,WS-001,张伟,总装一车间,M12-04,2026-08-04 02:25:19
E1631,M20,10.9,1,20.0,320.0,160.35,4,虚拧,extended,WS-003,三号装配工位,WS-003,王芳,总装二车间,M20-06,2026-08-04 02:26:56
B0527,M20,8.8,0,20.0,320.0,163.3,0,合格,benchmark,WS-003,三号装配工位,WS-003,王芳,总装二车间,M20-06,2026-08-04 02:28:55
E0790,M16,8.8,0,-10.0,180.0,127.02,1,欠拧,extended,WS-002,二号装配工位,WS-002,李强,总装一车间,M16-06,2026-08-04 02:30:44
E0966,M16,12.9,2,50.0,180.0,141.2,2,过拧,extended,WS-002,二号装配工位,WS-002,李强,总装一车间,M16-02,2026-08-04 02:31:08
E1424,M24,10.9,1,20.0,520.0,172.41,3,滑牙,extended,WS-004,四号装配工位,WS-004,刘洋,总装二车间,M24-02,2026-08-04 02:31:14
E0423,M20,12.9,2,50.0,320.0,117.93,0,合格,extended,WS-003,三号装配工位,WS-003,王芳,总装二车间,M20-04,2026-08-04 02:32:23
E0479,M20,10.9,1,20.0,320.0,136.84,0,合格,extended,WS-003,三号装配工位,WS-003,王芳,总装二车间,M20-06,2026-08-04 02:32:39
E0062,M16,10.9,1,20.0,180.0,169.47,0,合格,extended,WS-002,二号装配工位,WS-002,李强,总装一车间,M16-04,2026-08-04 02:34:42
B0452,M24,8.8,0,20.0,520.0,162.97,0,合格,benchmark,WS-004,四号装配工位,WS-004,刘洋,总装二车间,M24-05,2026-08-04 02:35:10
B0586,M16,8.8,0,20.0,180.0,167.63,0,合格,benchmark,WS-002,二号装配工位,WS-002,李强,总装一车间,M16-03,2026-08-04 02:35:19
E1333,M12,8.8,0,-10.0,80.0,129.77,3,滑牙,extended,WS-001,一号装配工位,WS-001,张伟,总装一车间,M12-04,2026-08-04 02:35:44
B0264,M24,8.8,0,20.0,520.0,119.86,0,合格,benchmark,WS-004,四号装配工位,WS-004,刘洋,总装二车间,M24-06,2026-08-04 02:36:31
B1067,M20,8.8,0,20.0,320.0,149.34,3,滑牙,benchmark,WS-003,三号装配工位,WS-003,王芳,总装二车间,M20-03,2026-08-04 02:38:48
B0577,M12,8.8,0,20.0,80.0,116.38,0,合格,benchmark,WS-001,一号装配工位,WS-001,张伟,总装一车间,M12-01,2026-08-04 02:39:31
B0499,M20,8.8,0,20.0,320.0,165.84,0,合格,benchmark,WS-003,三号装配工位,WS-003,王芳,总装二车间,M20-05,2026-08-04 02:42:21
B0024,M24,8.8,0,20.0,520.0,130.02,0,合格,benchmark,WS-004,四号装配工位,WS-004,刘洋,总装二车间,M24-06,2026-08-04 02:43:37
E1370,M16,10.9,1,20.0,180.0,140.86,3,滑牙,extended,WS-002,二号装配工位,WS-002,李强,总装一车间,M16-01,2026-08-04 02:43:38
B1182,M16,8.8,0,20.0,180.0,193.44,4,虚拧,benchmark,WS-002,二号装配工位,WS-002,李强,总装一车间,M16-02,2026-08-04 02:46:37
B0421,M12,8.8,0,20.0,80.0,176.41,0,合格,benchmark,WS-001,一号装配工位,WS-001,张伟,总装一车间,M12-04,2026-08-04 02:46:48
E1412,M24,10.9,1,20.0,520.0,115.73,3,滑牙,extended,WS-004,四号装配工位,WS-004,刘洋,总装二车间,M24-05,2026-08-04 02:46:49
B0438,M16,8.8,0,20.0,180.0,134.36,0,合格,benchmark,WS-002,二号装配工位,WS-002,李强,总装一车间,M16-02,2026-08-04 02:47:04
B0862,M16,8.8,0,20.0,180.0,179.12,2,过拧,benchmark,WS-002,二号装配工位,WS-002,李强,总装一车间,M16-06,2026-08-04 02:48:04
E1293,M12,12.9,2,50.0,80.0,119.68,3,滑牙,extended,WS-001,一号装配工位,WS-001,张伟,总装一车间,M12-06,2026-08-04 02:54:44
E1300,M24,8.8,0,-10.0,520.0,157.17,3,滑牙,extended,WS-004,四号装配工位,WS-004,刘洋,总装二车间,M24-01,2026-08-04 02:56:09
E0316,M24,8.8,0,-10.0,520.0,129.95,0,合格,extended,WS-004,四号装配工位,WS-004,刘洋,总装二车间,M24-01,2026-08-04 02:59:15
E1662,M16,12.9,2,50.0,180.0,144.48,4,虚拧,extended,WS-002,二号装配工位,WS-002,李强,总装一车间,M16-02,2026-08-04 03:00:33
E1213,M12,8.8,0,-10.0,80.0,159.53,3,滑牙,extended,WS-001,一号装配工位,WS-001,张伟,总装一车间,M12-04,2026-08-04 03:01:44
E1475,M20,10.9,1,20.0,320.0,131.44,3,滑牙,extended,WS-003,三号装配工位,WS-003,王芳,总装二车间,M20-03,2026-08-04 03:02:18
B0722,M16,8.8,0,20.0,180.0,122.35,1,欠拧,benchmark,WS-002,二号装配工位,WS-002,李强,总装一车间,M16-01,2026-08-04 03:02:56
E0551,M20,10.9,1,20.0,320.0,123.53,0,合格,extended,WS-003,三号装配工位,WS-003,王芳,总装二车间,M20-06,2026-08-04 03:03:04
B0693,M12,8.8,0,20.0,80.0,141.32,0,合格,benchmark,WS-001,一号装配工位,WS-001,张伟,总装一车间,M12-06,2026-08-04 03:03:31
B1143,M20,8.8,0,20.0,320.0,131.89,4,虚拧,benchmark,WS-003,三号装配工位,WS-003,王芳,总装二车间,M20-04,2026-08-04 03:03:37
E1533,M12,12.9,2,50.0,80.0,193.45,4,虚拧,extended,WS-001,一号装配工位,WS-001,张伟,总装一车间,M12-06,2026-08-04 03:04:01
E0073,M12,8.8,0,-10.0,80.0,152.9,0,合格,extended,WS-001,一号装配工位,WS-001,张伟,总装一车间,M12-01,2026-08-04 03:04:21
E0777,M12,12.9,2,50.0,80.0,170.14,1,欠拧,extended,WS-001,一号装配工位,WS-001,张伟,总装一车间,M12-03,2026-08-04 03:05:23
E1372,M24,8.8,0,-10.0,520.0,118.8,3,滑牙,extended,WS-004,四号装配工位,WS-004,刘洋,总装二车间,M24-01,2026-08-04 03:09:36
E0333,M12,12.9,2,50.0,80.0,134.99,0,合格,extended,WS-001,一号装配工位,WS-001,张伟,总装一车间,M12-06,2026-08-04 03:10:05
E1028,M24,10.9,1,20.0,520.0,172.15,2,过拧,extended,WS-004,四号装配工位,WS-004,刘洋,总装二车间,M24-05,2026-08-04 03:10:07
E1687,M20,8.8,0,-10.0,320.0,137.3,4,虚拧,extended,WS-003,三号装配工位,WS-003,王芳,总装二车间,M20-02,2026-08-04 03:10:12
B0470,M16,8.8,0,20.0,180.0,146.11,0,合格,benchmark,WS-002,二号装配工位,WS-002,李强,总装一车间,M16-04,2026-08-04 03:10:39
B0491,M20,8.8,0,20.0,320.0,133.25,0,合格,benchmark,WS-003,三号装配工位,WS-003,王芳,总装二车间,M20-03,2026-08-04 03:11:31
B0409,M12,8.8,0,20.0,80.0,180.19,0,合格,benchmark,WS-001,一号装配工位,WS-001,张伟,总装一车间,M12-01,2026-08-04 03:16:29
E0243,M20,12.9,2,50.0,320.0,114.47,0,合格,extended,WS-003,三号装配工位,WS-003,王芳,总装二车间,M20-01,2026-08-04 03:17:42
E1495,M20,8.8,0,-10.0,320.0,137.76,3,滑牙,extended,WS-003,三号装配工位,WS-003,王芳,总装二车间,M20-02,2026-08-04 03:18:58
E0566,M16,10.9,1,20.0,180.0,139.76,0,合格,extended,WS-002,二号装配工位,WS-002,李强,总装一车间,M16-04,2026-08-04 03:20:50
E1258,M16,8.8,0,-10.0,180.0,152.68,3,滑牙,extended,WS-002,二号装配工位,WS-002,李强,总装一车间,M16-03,2026-08-04 03:21:32
E1431,M20,12.9,2,50.0,320.0,189.6,3,滑牙,extended,WS-003,三号装配工位,WS-003,王芳,总装二车间,M20-04,2026-08-04 03:22:11
E1582,M16,8.8,0,-10.0,180.0,160.98,4,虚拧,extended,WS-002,二号装配工位,WS-002,李强,总装一车间,M16-06,2026-08-04 03:22:58
E0948,M24,12.9,2,50.0,520.0,123.96,2,过拧,extended,WS-004,四号装配工位,WS-004,刘洋,总装二车间,M24-03,2026-08-04 03:23:14
B0680,M24,8.8,0,20.0,520.0,139.27,0,合格,benchmark,WS-004,四号装配工位,WS-004,刘洋,总装二车间,M24-02,2026-08-04 03:23:15
B0348,M24,8.8,0,20.0,520.0,160.54,0,合格,benchmark,WS-004,四号装配工位,WS-004,刘洋,总装二车间,M24-03,2026-08-04 03:23:42
E0969,M12,12.9,2,50.0,80.0,191.2,2,过拧,extended,WS-001,一号装配工位,WS-001,张伟,总装一车间,M12-03,2026-08-04 03:23:53
B0754,M16,8.8,0,20.0,180.0,176.64,1,欠拧,benchmark,WS-002,二号装配工位,WS-002,李强,总装一车间,M16-03,2026-08-04 03:24:04
B0764,M24,8.8,0,20.0,520.0,136.88,1,欠拧,benchmark,WS-004,四号装配工位,WS-004,刘洋,总装二车间,M24-05,2026-08-04 03:24:07
E1678,M16,8.8,0,-10.0,180.0,176.8,4,虚拧,extended,WS-002,二号装配工位,WS-002,李强,总装一车间,M16-06,2026-08-04 03:24:17
E1449,M12,12.9,2,50.0,80.0,146.99,3,滑牙,extended,WS-001,一号装配工位,WS-001,张伟,总装一车间,M12-03,2026-08-04 03:24:42
E1089,M12,12.9,2,50.0,80.0,131.0,2,过拧,extended,WS-001,一号装配工位,WS-001,张伟,总装一车间,M12-03,2026-08-04 03:25:37
E1742,M16,10.9,1,20.0,180.0,158.86,4,虚拧,extended,WS-002,二号装配工位,WS-002,李强,总装一车间,M16-04,2026-08-04 03:26:24
E1753,M12,8.8,0,-10.0,80.0,149.73,4,虚拧,extended,WS-001,一号装配工位,WS-001,张伟,总装一车间,M12-01,2026-08-04 03:26:44
B0382,M16,8.8,0,20.0,180.0,145.61,0,合格,benchmark,WS-002,二号装配工位,WS-002,李强,总装一车间,M16-06,2026-08-04 03:27:01
E1591,M20,8.8,0,-10.0,320.0,161.07,4,虚拧,extended,WS-003,三号装配工位,WS-003,王芳,总装二车间,M20-02,2026-08-04 03:27:36
B0286,M16,8.8,0,20.0,180.0,114.84,0,合格,benchmark,WS-002,二号装配工位,WS-002,李强,总装一车间,M16-06,2026-08-04 03:31:24
E0247,M20,8.8,0,-10.0,320.0,156.56,0,合格,extended,WS-003,三号装配工位,WS-003,王芳,总装二车间,M20-02,2026-08-04 03:32:15
B0181,M12,8.8,0,20.0,80.0,161.5,0,合格,benchmark,WS-001,一号装配工位,WS-001,张伟,总装一车间,M12-04,2026-08-04 03:32:22
E1033,M12,8.8,0,-10.0,80.0,181.46,2,过拧,extended,WS-001,一号装配工位,WS-001,张伟,总装一车间,M12-01,2026-08-04 03:34:05
B0319,M20,8.8,0,20.0,320.0,114.9,0,合格,benchmark,WS-003,三号装配工位,WS-003,王芳,总装二车间,M20-02,2026-08-04 03:35:26
E0489,M12,12.9,2,50.0,80.0,121.92,0,合格,extended,WS-001,一号装配工位,WS-001,张伟,总装一车间,M12-03,2026-08-04 03:38:31
E0897,M12,12.9,2,50.0,80.0,112.83,1,欠拧,extended,WS-001,一号装配工位,WS-001,张伟,总装一车间,M12-03,2026-08-04 03:39:38
E1513,M12,8.8,0,-10.0,80.0,164.62,4,虚拧,extended,WS-001,一号装配工位,WS-001,张伟,总装一车间,M12-01,2026-08-04 03:40:48
E0710,M16,10.9,1,20.0,180.0,175.96,1,欠拧,extended,WS-002,二号装配工位,WS-002,李强,总装一车间,M16-04,2026-08-04 03:40:52
B0081,M12,8.8,0,20.0,80.0,126.77,0,合格,benchmark,WS-001,一号装配工位,WS-001,张伟,总装一车间,M12-03,2026-08-04 03:42:07
B0936,M24,8.8,0,20.0,520.0,126.54,2,过拧,benchmark,WS-004,四号装配工位,WS-004,刘洋,总装二车间,M24-06,2026-08-04 03:43:22
B1109,M12,8.8,0,20.0,80.0,160.35,4,虚拧,benchmark,WS-001,一号装配工位,WS-001,张伟,总装一车间,M12-02,2026-08-04 03:43:55
E0637,M12,8.8,0,-10.0,80.0,184.94,1,欠拧,extended,WS-001,一号装配工位,WS-001,张伟,总装一车间,M12-04,2026-08-04 03:46:19
E0674,M16,10.9,1,20.0,180.0,166.24,1,欠拧,extended,WS-002,二号装配工位,WS-002,李强,总装一车间,M16-01,2026-08-04 03:47:26
E0481,M12,8.8,0,-10.0,80.0,182.85,0,合格,extended,WS-001,一号装配工位,WS-001,张伟,总装一车间,M12-01,2026-08-04 03:52:07
E1628,M24,10.9,1,20.0,520.0,160.02,4,虚拧,extended,WS-004,四号装配工位,WS-004,刘洋,总装二车间,M24-05,2026-08-04 03:55:24
E1420,M24,8.8,0,-10.0,520.0,130.37,3,滑牙,extended,WS-004,四号装配工位,WS-004,刘洋,总装二车间,M24-01,2026-08-04 04:04:38
E1718,M16,10.9,1,20.0,180.0,135.01,4,虚拧,extended,WS-002,二号装配工位,WS-002,李强,总装一车间,M16-04,2026-08-04 04:05:23
E1021,M12,8.8,0,-10.0,80.0,157.63,2,过拧,extended,WS-001,一号装配工位,WS-001,张伟,总装一车间,M12-04,2026-08-04 04:06:17
B0926,M16,8.8,0,20.0,180.0,182.42,2,过拧,benchmark,WS-002,二号装配工位,WS-002,李强,总装一车间,M16-04,2026-08-04 04:06:49
B0694,M16,8.8,0,20.0,180.0,124.13,0,合格,benchmark,WS-002,二号装配工位,WS-002,李强,总装一车间,M16-06,2026-08-04 04:06:50
E1197,M12,12.9,2,50.0,80.0,179.46,2,过拧,extended,WS-001,一号装配工位,WS-001,张伟,总装一车间,M12-06,2026-08-04 04:09:13
E1544,M24,10.9,1,20.0,520.0,112.46,4,虚拧,extended,WS-004,四号装配工位,WS-004,刘洋,总装二车间,M24-02,2026-08-04 04:12:25
E0854,M16,10.9,1,20.0,180.0,151.49,1,欠拧,extended,WS-002,二号装配工位,WS-002,李强,总装一车间,M16-04,2026-08-04 04:13:21
B0383,M20,8.8,0,20.0,320.0,154.84,0,合格,benchmark,WS-003,三号装配工位,WS-003,王芳,总装二车间,M20-06,2026-08-04 04:14:11
B0949,M12,8.8,0,20.0,80.0,158.48,2,过拧,benchmark,WS-001,一号装配工位,WS-001,张伟,总装一车间,M12-04,2026-08-04 04:14:43
E1328,M24,10.9,1,20.0,520.0,135.66,3,滑牙,extended,WS-004,四号装配工位,WS-004,刘洋,总装二车间,M24-02,2026-08-04 04:18:08
B0571,M20,8.8,0,20.0,320.0,131.27,0,合格,benchmark,WS-003,三号装配工位,WS-003,王芳,总装二车间,M20-05,2026-08-04 04:18:59
E1708,M24,8.8,0,-10.0,520.0,119.49,4,虚拧,extended,WS-004,四号装配工位,WS-004,刘洋,总装二车间,M24-01,2026-08-04 04:19:00
B0640,M24,8.8,0,20.0,520.0,173.15,0,合格,benchmark,WS-004,四号装配工位,WS-004,刘洋,总装二车间,M24-04,2026-08-04 04:19:03
B0763,M20,8.8,0,20.0,320.0,136.6,1,欠拧,benchmark,WS-003,三号装配工位,WS-003,王芳,总装二车间,M20-05,2026-08-04 04:19:57
B0965,M12,8.8,0,20.0,80.0,153.37,3,滑牙,benchmark,WS-001,一号装配工位,WS-001,张伟,总装一车间,M12-02,2026-08-04 04:20:17
E0527,M20,10.9,1,20.0,320.0,136.0,0,合格,extended,WS-003,三号装配工位,WS-003,王芳,总装二车间,M20-06,2026-08-04 04:22:55
E0221,M12,10.9,1,20.0,80.0,115.15,0,合格,extended,WS-001,一号装配工位,WS-001,张伟,总装一车间,M12-02,2026-08-04 04:23:43
E0828,M24,12.9,2,50.0,520.0,122.56,1,欠拧,extended,WS-004,四号装配工位,WS-004,刘洋,总装二车间,M24-03,2026-08-04 04:24:15
B0776,M24,8.8,0,20.0,520.0,192.1,1,欠拧,benchmark,WS-004,四号装配工位,WS-004,刘洋,总装二车间,M24-02,2026-08-04 04:29:09
E0095,M20,10.9,1,20.0,320.0,141.71,0,合格,extended,WS-003,三号装配工位,WS-003,王芳,总装二车间,M20-06,2026-08-04 04:31:25
E0730,M16,8.8,0,-10.0,180.0,129.18,1,欠拧,extended,WS-002,二号装配工位,WS-002,李强,总装一车间,M16-03,2026-08-04 04:33:43
B0671,M20,8.8,0,20.0,320.0,135.25,0,合格,benchmark,WS-003,三号装配工位,WS-003,王芳,总装二车间,M20-06,2026-08-04 04:34:50
B0340,M24,8.8,0,20.0,520.0,152.01,0,合格,benchmark,WS-004,四号装配工位,WS-004,刘洋,总装二车间,M24-01,2026-08-04 04:36:31
E0922,M16,8.8,0,-10.0,180.0,180.98,2,过拧,extended,WS-002,二号装配工位,WS-002,李强,总装一车间,M16-03,2026-08-04 04:36:37
E1187,M20,10.9,1,20.0,320.0,175.31,2,过拧,extended,WS-003,三号装配工位,WS-003,王芳,总装二车间,M20-03,2026-08-04 04:36:51
E0632,M24,10.9,1,20.0,520.0,174.87,1,欠拧,extended,WS-004,四号装配工位,WS-004,刘洋,总装二车间,M24-02,2026-08-04 04:36:57
E0069,M12,12.9,2,50.0,80.0,136.05,0,合格,extended,WS-001,一号装配工位,WS-001,张伟,总装一车间,M12-06,2026-08-04 04:37:37
E0734,M16,10.9,1,20.0,180.0,146.94,1,欠拧,extended,WS-002,二号装配工位,WS-002,李强,总装一车间,M16-04,2026-08-04 04:37:50
B0293,M12,8.8,0,20.0,80.0,161.01,0,合格,benchmark,WS-001,一号装配工位,WS-001,张伟,总装一车间,M12-02,2026-08-04 04:40:17
E0965,M12,10.9,1,20.0,80.0,129.93,2,过拧,extended,WS-001,一号装配工位,WS-001,张伟,总装一车间,M12-02,2026-08-04 04:43:14
E0584,M24,10.9,1,20.0,520.0,136.84,0,合格,extended,WS-004,四号装配工位,WS-004,刘洋,总装二车间,M24-02,2026-08-04 04:45:09
E0240,M24,12.9,2,50.0,520.0,178.06,0,合格,extended,WS-004,四号装配工位,WS-004,刘洋,总装二车间,M24-06,2026-08-04 04:47:06
B0448,M24,8.8,0,20.0,520.0,157.08,0,合格,benchmark,WS-004,四号装配工位,WS-004,刘洋,总装二车间,M24-04,2026-08-04 04:48:17
E1189,M12,8.8,0,-10.0,80.0,142.0,2,过拧,extended,WS-001,一号装配工位,WS-001,张伟,总装一车间,M12-04,2026-08-04 04:48:40
E1343,M20,10.9,1,20.0,320.0,116.67,3,滑牙,extended,WS-003,三号装配工位,WS-003,王芳,总装二车间,M20-06,2026-08-04 04:52:03
B1083,M20,8.8,0,20.0,320.0,177.02,4,虚拧,benchmark,WS-003,三号装配工位,WS-003,王芳,总装二车间,M20-01,2026-08-04 04:58:36
B1054,M16,8.8,0,20.0,180.0,117.58,3,滑牙,benchmark,WS-002,二号装配工位,WS-002,李强,总装一车间,M16-06,2026-08-04 05:00:24
B0274,M16,8.8,0,20.0,180.0,136.31,0,合格,benchmark,WS-002,二号装配工位,WS-002,李强,总装一车间,M16-03,2026-08-04 05:00:58
E1570,M16,8.8,0,-10.0,180.0,141.1,4,虚拧,extended,WS-002,二号装配工位,WS-002,李强,总装一车间,M16-03,2026-08-04 05:01:36
B0684,M24,8.8,0,20.0,520.0,136.64,0,合格,benchmark,WS-004,四号装配工位,WS-004,刘洋,总装二车间,M24-03,2026-08-04 05:02:21
B0515,M20,8.8,0,20.0,320.0,180.98,0,合格,benchmark,WS-003,三号装配工位,WS-003,王芳,总装二车间,M20-03,2026-08-04 05:03:29
E0176,M24,10.9,1,20.0,520.0,183.47,0,合格,extended,WS-004,四号装配工位,WS-004,刘洋,总装二车间,M24-02,2026-08-04 05:03:47
E0610,M16,8.8,0,-10.0,180.0,135.86,1,欠拧,extended,WS-002,二号装配工位,WS-002,李强,总装一车间,M16-03,2026-08-04 05:04:18
B0195,M20,8.8,0,20.0,320.0,124.83,0,合格,benchmark,WS-003,三号装配工位,WS-003,王芳,总装二车间,M20-01,2026-08-04 05:05:52
E0248,M24,10.9,1,20.0,520.0,120.21,0,合格,extended,WS-004,四号装配工位,WS-004,刘洋,总装二车间,M24-02,2026-08-04 05:06:13
E0739,M20,8.8,0,-10.0,320.0,127.47,1,欠拧,extended,WS-003,三号装配工位,WS-003,王芳,总装二车间,M20-05,2026-08-04 05:06:22
B0683,M20,8.8,0,20.0,320.0,160.16,0,合格,benchmark,WS-003,三号装配工位,WS-003,王芳,总装二车间,M20-03,2026-08-04 05:06:56
B0451,M20,8.8,0,20.0,320.0,123.73,0,合格,benchmark,WS-003,三号装配工位,WS-003,王芳,总装二车间,M20-05,2026-08-04 05:08:25
B0649,M12,8.8,0,20.0,80.0,116.33,0,合格,benchmark,WS-001,一号装配工位,WS-001,张伟,总装一车间,M12-01,2026-08-04 05:09:19
E0917,M12,10.9,1,20.0,80.0,129.2,2,过拧,extended,WS-001,一号装配工位,WS-001,张伟,总装一车间,M12-02,2026-08-04 05:09:42
E1531,M20,8.8,0,-10.0,320.0,155.79,4,虚拧,extended,WS-003,三号装配工位,WS-003,王芳,总装二车间,M20-05,2026-08-04 05:11:44
B0751,M20,8.8,0,20.0,320.0,113.49,1,欠拧,benchmark,WS-003,三号装配工位,WS-003,王芳,总装二车间,M20-02,2026-08-04 05:12:48
E0023,M20,10.9,1,20.0,320.0,170.52,0,合格,extended,WS-003,三号装配工位,WS-003,王芳,总装二车间,M20-06,2026-08-04 05:13:46
E0500,M24,10.9,1,20.0,520.0,119.89,0,合格,extended,WS-004,四号装配工位,WS-004,刘洋,总装二车间,M24-05,2026-08-04 05:13:53
B0999,M20,8.8,0,20.0,320.0,184.12,3,滑牙,benchmark,WS-003,三号装配工位,WS-003,王芳,总装二车间,M20-04,2026-08-04 05:14:51
E1163,M20,10.9,1,20.0,320.0,178.03,2,过拧,extended,WS-003,三号装配工位,WS-003,王芳,总装二车间,M20-03,2026-08-04 05:15:08
B0200,M24,8.8,0,20.0,520.0,179.13,0,合格,benchmark,WS-004,四号装配工位,WS-004,刘洋,总装二车间,M24-02,2026-08-04 05:15:23
E1477,M12,8.8,0,-10.0,80.0,194.9,3,滑牙,extended,WS-001,一号装配工位,WS-001,张伟,总装一车间,M12-04,2026-08-04 05:16:31
E0177,M12,12.9,2,50.0,80.0,134.68,0,合格,extended,WS-001,一号装配工位,WS-001,张伟,总装一车间,M12-03,2026-08-04 05:17:17
E0943,M20,8.8,0,-10.0,320.0,189.16,2,过拧,extended,WS-003,三号装配工位,WS-003,王芳,总装二车间,M20-02,2026-08-04 05:17:46
B0503,M20,8.8,0,20.0,320.0,130.44,0,合格,benchmark,WS-003,三号装配工位,WS-003,王芳,总装二车间,M20-06,2026-08-04 05:18:29
E1313,M12,10.9,1,20.0,80.0,110.87,3,滑牙,extended,WS-001,一号装配工位,WS-001,张伟,总装一车间,M12-05,2026-08-04 05:18:32
E0169,M12,8.8,0,-10.0,80.0,145.59,0,合格,extended,WS-001,一号装配工位,WS-001,张伟,总装一车间,M12-01,2026-08-04 05:20:46
B0853,M12,8.8,0,20.0,80.0,149.96,2,过拧,benchmark,WS-001,一号装配工位,WS-001,张伟,总装一车间,M12-04,2026-08-04 05:20:58
B0337,M12,8.8,0,20.0,80.0,136.55,0,合格,benchmark,WS-001,一号装配工位,WS-001,张伟,总装一车间,M12-01,2026-08-04 05:21:04
E0010,M16,8.8,0,-10.0,180.0,131.09,0,合格,extended,WS-002,二号装配工位,WS-002,李强,总装一车间,M16-03,2026-08-04 05:21:04
E0043,M20,8.8,0,-10.0,320.0,186.63,0,合格,extended,WS-003,三号装配工位,WS-003,王芳,总装二车间,M20-05,2026-08-04 05:21:15
E1470,M16,12.9,2,50.0,180.0,125.59,3,滑牙,extended,WS-002,二号装配工位,WS-002,李强,总装一车间,M16-02,2026-08-04 05:22:39
E1614,M16,12.9,2,50.0,180.0,183.68,4,虚拧,extended,WS-002,二号装配工位,WS-002,李强,总装一车间,M16-02,2026-08-04 05:26:05
E1637,M12,10.9,1,20.0,80.0,171.11,4,虚拧,extended,WS-001,一号装配工位,WS-001,张伟,总装一车间,M12-02,2026-08-04 05:30:25
E1468,M24,8.8,0,-10.0,520.0,166.32,3,滑牙,extended,WS-004,四号装配工位,WS-004,刘洋,总装二车间,M24-01,2026-08-04 05:30:35
B0466,M16,8.8,0,20.0,180.0,125.86,0,合格,benchmark,WS-002,二号装配工位,WS-002,李强,总装一车间,M16-03,2026-08-04 05:34:07
B0609,M12,8.8,0,20.0,80.0,145.27,0,合格,benchmark,WS-001,一号装配工位,WS-001,张伟,总装一车间,M12-03,2026-08-04 05:37:22
B0064,M24,8.8,0,20.0,520.0,184.79,0,合格,benchmark,WS-004,四号装配工位,WS-004,刘洋,总装二车间,M24-04,2026-08-04 05:39:38
B0861,M12,8.8,0,20.0,80.0,151.02,2,过拧,benchmark,WS-001,一号装配工位,WS-001,张伟,总装一车间,M12-06,2026-08-04 05:42:36
E0367,M20,8.8,0,-10.0,320.0,124.67,0,合格,extended,WS-003,三号装配工位,WS-003,王芳,总装二车间,M20-02,2026-08-04 05:42:53
B0797,M12,8.8,0,20.0,80.0,168.79,1,欠拧,benchmark,WS-001,一号装配工位,WS-001,张伟,总装一车间,M12-02,2026-08-04 05:43:06
E1399,M20,8.8,0,-10.0,320.0,132.15,3,滑牙,extended,WS-003,三号装配工位,WS-003,王芳,总装二车间,M20-02,2026-08-04 05:43:50
E1606,M16,8.8,0,-10.0,180.0,168.76,4,虚拧,extended,WS-002,二号装配工位,WS-002,李强,总装一车间,M16-06,2026-08-04 05:45:00
B0208,M24,8.8,0,20.0,520.0,136.86,0,合格,benchmark,WS-004,四号装配工位,WS-004,刘洋,总装二车间,M24-04,2026-08-04 05:46:50
E1379,M20,10.9,1,20.0,320.0,120.05,3,滑牙,extended,WS-003,三号装配工位,WS-003,王芳,总装二车间,M20-03,2026-08-04 05:47:23
B0417,M12,8.8,0,20.0,80.0,182.1,0,合格,benchmark,WS-001,一号装配工位,WS-001,张伟,总装一车间,M12-03,2026-08-04 05:47:25
B0355,M20,8.8,0,20.0,320.0,180.87,0,合格,benchmark,WS-003,三号装配工位,WS-003,王芳,总装二车间,M20-05,2026-08-04 05:47:41
E0026,M16,10.9,1,20.0,180.0,171.55,0,合格,extended,WS-002,二号装配工位,WS-002,李强,总装一车间,M16-01,2026-08-04 05:49:36
E1389,M12,12.9,2,50.0,80.0,110.11,3,滑牙,extended,WS-001,一号装配工位,WS-001,张伟,总装一车间,M12-06,2026-08-04 05:51:25
E0033,M12,12.9,2,50.0,80.0,177.69,0,合格,extended,WS-001,一号装配工位,WS-001,张伟,总装一车间,M12-03,2026-08-04 05:51:55
E1411,M20,8.8,0,-10.0,320.0,188.16,3,滑牙,extended,WS-003,三号装配工位,WS-003,王芳,总装二车间,M20-05,2026-08-04 05:53:14
B0046,M16,8.8,0,20.0,180.0,193.16,0,合格,benchmark,WS-002,二号装配工位,WS-002,李强,总装一车间,M16-06,2026-08-04 05:53:24
E1342,M16,8.8,0,-10.0,180.0,190.95,3,滑牙,extended,WS-002,二号装配工位,WS-002,李强,总装一车间,M16-06,2026-08-04 05:54:13
E0755,M20,10.9,1,20.0,320.0,184.53,1,欠拧,extended,WS-003,三号装配工位,WS-003,王芳,总装二车间,M20-03,2026-08-04 05:54:29
B0959,M20,8.8,0,20.0,320.0,130.68,3,滑牙,benchmark,WS-003,三号装配工位,WS-003,王芳,总装二车间,M20-06,2026-08-04 05:56:43
E1640,M24,10.9,1,20.0,520.0,116.51,4,虚拧,extended,WS-004,四号装配工位,WS-004,刘洋,总装二车间,M24-02,2026-08-04 05:58:11
B0404,M24,8.8,0,20.0,520.0,142.24,0,合格,benchmark,WS-004,四号装配工位,WS-004,刘洋,总装二车间,M24-05,2026-08-04 05:58:17
B0441,M12,8.8,0,20.0,80.0,171.83,0,合格,benchmark,WS-001,一号装配工位,WS-001,张伟,总装一车间,M12-03,2026-08-04 06:03:52
E1763,M20,10.9,1,20.0,320.0,133.57,4,虚拧,extended,WS-003,三号装配工位,WS-003,王芳,总装二车间,M20-03,2026-08-04 06:04:39
B0947,M20,8.8,0,20.0,320.0,128.68,2,过拧,benchmark,WS-003,三号装配工位,WS-003,王芳,总装二车间,M20-03,2026-08-04 06:05:06
E1550,M16,10.9,1,20.0,180.0,172.44,4,虚拧,extended,WS-002,二号装配工位,WS-002,李强,总装一车间,M16-04,2026-08-04 06:09:28
B0325,M12,8.8,0,20.0,80.0,166.53,0,合格,benchmark,WS-001,一号装配工位,WS-001,张伟,总装一车间,M12-04,2026-08-04 06:12:40
E1188,M24,12.9,2,50.0,520.0,135.11,2,过拧,extended,WS-004,四号装配工位,WS-004,刘洋,总装二车间,M24-03,2026-08-04 06:14:34
B0012,M24,8.8,0,20.0,520.0,132.34,0,合格,benchmark,WS-004,四号装配工位,WS-004,刘洋,总装二车间,M24-03,2026-08-04 06:14:41
E0597,M12,12.9,2,50.0,80.0,188.0,0,合格,extended,WS-001,一号装配工位,WS-001,张伟,总装一车间,M12-06,2026-08-04 06:14:47
E1672,M24,8.8,0,-10.0,520.0,127.13,4,虚拧,extended,WS-004,四号装配工位,WS-004,刘洋,总装二车间,M24-04,2026-08-04 06:15:10
E1624,M24,8.8,0,-10.0,520.0,166.0,4,虚拧,extended,WS-004,四号装配工位,WS-004,刘洋,总装二车间,M24-04,2026-08-04 06:15:52
E0932,M24,10.9,1,20.0,520.0,110.91,2,过拧,extended,WS-004,四号装配工位,WS-004,刘洋,总装二车间,M24-05,2026-08-04 06:16:52
E1070,M16,10.9,1,20.0,180.0,179.14,2,过拧,extended,WS-002,二号装配工位,WS-002,李强,总装一车间,M16-04,2026-08-04 06:19:11
E0449,M12,10.9,1,20.0,80.0,179.27,0,合格,extended,WS-001,一号装配工位,WS-001,张伟,总装一车间,M12-05,2026-08-04 06:19:22
E0275,M20,10.9,1,20.0,320.0,166.71,0,合格,extended,WS-003,三号装配工位,WS-003,王芳,总装二车间,M20-03,2026-08-04 06:21:15
E1680,M24,12.9,2,50.0,520.0,143.33,4,虚拧,extended,WS-004,四号装配工位,WS-004,刘洋,总装二车间,M24-06,2026-08-04 06:21:28
E0050,M16,10.9,1,20.0,180.0,154.95,0,合格,extended,WS-002,二号装配工位,WS-002,李强,总装一车间,M16-01,2026-08-04 06:24:36
E0970,M16,8.8,0,-10.0,180.0,176.61,2,过拧,extended,WS-002,二号装配工位,WS-002,李强,总装一车间,M16-03,2026-08-04 06:25:50
E1336,M24,8.8,0,-10.0,520.0,129.03,3,滑牙,extended,WS-004,四号装配工位,WS-004,刘洋,总装二车间,M24-04,2026-08-04 06:27:41
E1427,M20,10.9,1,20.0,320.0,154.07,3,滑牙,extended,WS-003,三号装配工位,WS-003,王芳,总装二车间,M20-03,2026-08-04 06:28:49
E0546,M16,12.9,2,50.0,180.0,155.4,0,合格,extended,WS-002,二号装配工位,WS-002,李强,总装一车间,M16-05,2026-08-04 06:30:15
B0594,M16,8.8,0,20.0,180.0,120.09,0,合格,benchmark,WS-002,二号装配工位,WS-002,李强,总装一车间,M16-05,2026-08-04 06:31:44
B0914,M16,8.8,0,20.0,180.0,124.17,2,过拧,benchmark,WS-002,二号装配工位,WS-002,李强,总装一车间,M16-01,2026-08-04 06:33:43
B0851,M20,8.8,0,20.0,320.0,178.76,2,过拧,benchmark,WS-003,三号装配工位,WS-003,王芳,总装二车间,M20-03,2026-08-04 06:33:48
B0894,M16,8.8,0,20.0,180.0,174.9,2,过拧,benchmark,WS-002,二号装配工位,WS-002,李强,总装一车间,M16-02,2026-08-04 06:34:29
E0181,M12,8.8,0,-10.0,80.0,179.4,0,合格,extended,WS-001,一号装配工位,WS-001,张伟,总装一车间,M12-04,2026-08-04 06:35:48
E1030,M16,8.8,0,-10.0,180.0,129.07,2,过拧,extended,WS-002,二号装配工位,WS-002,李强,总装一车间,M16-06,2026-08-04 06:37:08
E1774,M16,8.8,0,-10.0,180.0,126.64,4,虚拧,extended,WS-002,二号装配工位,WS-002,李强,总装一车间,M16-06,2026-08-04 06:39:35
B1198,M16,8.8,0,20.0,180.0,133.24,4,虚拧,benchmark,WS-002,二号装配工位,WS-002,李强,总装一车间,M16-06,2026-08-04 06:41:24
E1355,M20,10.9,1,20.0,320.0,175.72,3,滑牙,extended,WS-003,三号装配工位,WS-003,王芳,总装二车间,M20-03,2026-08-04 06:41:42
E1490,M16,10.9,1,20.0,180.0,163.68,3,滑牙,extended,WS-002,二号装配工位,WS-002,李强,总装一车间,M16-01,2026-08-04 06:42:51
E0630,M16,12.9,2,50.0,180.0,141.8,1,欠拧,extended,WS-002,二号装配工位,WS-002,李强,总装一车间,M16-02,2026-08-04 06:43:49
B0141,M12,8.8,0,20.0,80.0,143.89,0,合格,benchmark,WS-001,一号装配工位,WS-001,张伟,总装一车间,M12-06,2026-08-04 06:45:25
E0476,M24,10.9,1,20.0,520.0,131.59,0,合格,extended,WS-004,四号装配工位,WS-004,刘洋,总装二车间,M24-05,2026-08-04 06:48:21
E0507,M20,12.9,2,50.0,320.0,156.21,0,合格,extended,WS-003,三号装配工位,WS-003,王芳,总装二车间,M20-01,2026-08-04 06:48:51
E0193,M12,8.8,0,-10.0,80.0,143.96,0,合格,extended,WS-001,一号装配工位,WS-001,张伟,总装一车间,M12-01,2026-08-04 06:50:50
B0555,M20,8.8,0,20.0,320.0,157.47,0,合格,benchmark,WS-003,三号装配工位,WS-003,王芳,总装二车间,M20-01,2026-08-04 06:52:42
E0628,M24,8.8,0,-10.0,520.0,196.06,1,欠拧,extended,WS-004,四号装配工位,WS-004,刘洋,总装二车间,M24-01,2026-08-04 06:53:20
E0028,M24,8.8,0,-10.0,520.0,143.27,0,合格,extended,WS-004,四号装配工位,WS-004,刘洋,总装二车间,M24-01,2026-08-04 06:53:22
E0257,M12,10.9,1,20.0,80.0,136.81,0,合格,extended,WS-001,一号装配工位,WS-001,张伟,总装一车间,M12-05,2026-08-04 06:53:28
E0370,M16,8.8,0,-10.0,180.0,154.72,0,合格,extended,WS-002,二号装配工位,WS-002,李强,总装一车间,M16-03,2026-08-04 06:53:41
E0003,M20,12.9,2,50.0,320.0,172.47,0,合格,extended,WS-003,三号装配工位,WS-003,王芳,总装二车间,M20-01,2026-08-04 06:54:11
E0046,M16,8.8,0,-10.0,180.0,145.35,0,合格,extended,WS-002,二号装配工位,WS-002,李强,总装一车间,M16-06,2026-08-04 06:57:32
E0835,M20,8.8,0,-10.0,320.0,127.36,1,欠拧,extended,WS-003,三号装配工位,WS-003,王芳,总装二车间,M20-05,2026-08-04 07:00:18
B0772,M24,8.8,0,20.0,520.0,111.13,1,欠拧,benchmark,WS-004,四号装配工位,WS-004,刘洋,总装二车间,M24-01,2026-08-04 07:02:14
E1179,M20,12.9,2,50.0,320.0,124.39,2,过拧,extended,WS-003,三号装配工位,WS-003,王芳,总装二车间,M20-01,2026-08-04 07:07:01
E0839,M20,10.9,1,20.0,320.0,154.32,1,欠拧,extended,WS-003,三号装配工位,WS-003,王芳,总装二车间,M20-06,2026-08-04 07:08:02
E0547,M20,8.8,0,-10.0,320.0,187.29,0,合格,extended,WS-003,三号装配工位,WS-003,王芳,总装二车间,M20-05,2026-08-04 07:08:15
E1453,M12,8.8,0,-10.0,80.0,117.78,3,滑牙,extended,WS-001,一号装配工位,WS-001,张伟,总装一车间,M12-04,2026-08-04 07:09:48
E0762,M16,12.9,2,50.0,180.0,145.55,1,欠拧,extended,WS-002,二号装配工位,WS-002,李强,总装一车间,M16-05,2026-08-04 07:10:46
B1082,M16,8.8,0,20.0,180.0,123.3,4,虚拧,benchmark,WS-002,二号装配工位,WS-002,李强,总装一车间,M16-01,2026-08-04 07:13:03
E1603,M20,8.8,0,-10.0,320.0,190.95,4,虚拧,extended,WS-003,三号装配工位,WS-003,王芳,总装二车间,M20-05,2026-08-04 07:13:14
B0265,M12,8.8,0,20.0,80.0,149.28,0,合格,benchmark,WS-001,一号装配工位,WS-001,张伟,总装一车间,M12-01,2026-08-04 07:15:26
B1088,M24,8.8,0,20.0,520.0,192.38,4,虚拧,benchmark,WS-004,四号装配工位,WS-004,刘洋,总装二车间,M24-02,2026-08-04 07:18:11
E1176,M24,12.9,2,50.0,520.0,141.12,2,过拧,extended,WS-004,四号装配工位,WS-004,刘洋,总装二车间,M24-06,2026-08-04 07:18:28
E1555,M20,8.8,0,-10.0,320.0,188.2,4,虚拧,extended,WS-003,三号装配工位,WS-003,王芳,总装二车间,M20-05,2026-08-04 07:20:00
B0347,M20,8.8,0,20.0,320.0,169.35,0,合格,benchmark,WS-003,三号装配工位,WS-003,王芳,总装二车间,M20-03,2026-08-04 07:22:46
E0420,M24,12.9,2,50.0,520.0,117.86,0,合格,extended,WS-004,四号装配工位,WS-004,刘洋,总装二车间,M24-03,2026-08-04 07:24:27
E0846,M16,12.9,2,50.0,180.0,168.46,1,欠拧,extended,WS-002,二号装配工位,WS-002,李强,总装一车间,M16-02,2026-08-04 07:24:36
E1060,M24,8.8,0,-10.0,520.0,174.65,2,过拧,extended,WS-004,四号装配工位,WS-004,刘洋,总装二车间,M24-01,2026-08-04 07:25:37
E1417,M12,8.8,0,-10.0,80.0,132.37,3,滑牙,extended,WS-001,一号装配工位,WS-001,张伟,总装一车间,M12-01,2026-08-04 07:26:53
B0356,M24,8.8,0,20.0,520.0,133.13,0,合格,benchmark,WS-004,四号装配工位,WS-004,刘洋,总装二车间,M24-05,2026-08-04 07:27:03
B0145,M12,8.8,0,20.0,80.0,113.43,0,合格,benchmark,WS-001,一号装配工位,WS-001,张伟,总装一车间,M12-01,2026-08-04 07:28:18
E0426,M16,12.9,2,50.0,180.0,137.52,0,合格,extended,WS-002,二号装配工位,WS-002,李强,总装一车间,M16-05,2026-08-04 07:30:07
E0798,M16,12.9,2,50.0,180.0,137.55,1,欠拧,extended,WS-002,二号装配工位,WS-002,李强,总装一车间,M16-02,2026-08-04 07:31:21
E1568,M24,10.9,1,20.0,520.0,167.32,4,虚拧,extended,WS-004,四号装配工位,WS-004,刘洋,总装二车间,M24-02,2026-08-04 07:32:06
B0511,M20,8.8,0,20.0,320.0,145.76,0,合格,benchmark,WS-003,三号装配工位,WS-003,王芳,总装二车间,M20-02,2026-08-04 07:36:35
E0222,M16,12.9,2,50.0,180.0,183.16,0,合格,extended,WS-002,二号装配工位,WS-002,李强,总装一车间,M16-02,2026-08-04 07:37:06
E1756,M24,8.8,0,-10.0,520.0,136.57,4,虚拧,extended,WS-004,四号装配工位,WS-004,刘洋,总装二车间,M24-01,2026-08-04 07:37:36
E0359,M20,10.9,1,20.0,320.0,169.39,0,合格,extended,WS-003,三号装配工位,WS-003,王芳,总装二车间,M20-06,2026-08-04 07:39:11
B1056,M24,8.8,0,20.0,520.0,141.51,3,滑牙,benchmark,WS-004,四号装配工位,WS-004,刘洋,总装二车间,M24-06,2026-08-04 07:40:24
B1117,M12,8.8,0,20.0,80.0,112.93,4,虚拧,benchmark,WS-001,一号装配工位,WS-001,张伟,总装一车间,M12-04,2026-08-04 07:41:02
B0161,M12,8.8,0,20.0,80.0,119.45,0,合格,benchmark,WS-001,一号装配工位,WS-001,张伟,总装一车间,M12-05,2026-08-04 07:43:10
B0691,M20,8.8,0,20.0,320.0,124.88,0,合格,benchmark,WS-003,三号装配工位,WS-003,王芳,总装二车间,M20-05,2026-08-04 07:45:34
E1320,M24,12.9,2,50.0,520.0,178.07,3,滑牙,extended,WS-004,四号装配工位,WS-004,刘洋,总装二车间,M24-06,2026-08-04 07:45:38
E0973,M12,8.8,0,-10.0,80.0,137.81,2,过拧,extended,WS-001,一号装配工位,WS-001,张伟,总装一车间,M12-04,2026-08-04 07:45:56
B0810,M16,8.8,0,20.0,180.0,184.83,1,欠拧,benchmark,WS-002,二号装配工位,WS-002,李强,总装一车间,M16-05,2026-08-04 07:47:11
E0146,M16,10.9,1,20.0,180.0,176.9,0,合格,extended,WS-002,二号装配工位,WS-002,李强,总装一车间,M16-01,2026-08-04 07:49:32
B0401,M12,8.8,0,20.0,80.0,120.49,0,合格,benchmark,WS-001,一号装配工位,WS-001,张伟,总装一车间,M12-05,2026-08-04 07:51:28
B1169,M12,8.8,0,20.0,80.0,154.72,4,虚拧,benchmark,WS-001,一号装配工位,WS-001,张伟,总装一车间,M12-05,2026-08-04 07:52:15
E1018,M16,8.8,0,-10.0,180.0,186.18,2,过拧,extended,WS-002,二号装配工位,WS-002,李强,总装一车间,M16-03,2026-08-04 07:53:59
E0136,M24,8.8,0,-10.0,520.0,168.31,0,合格,extended,WS-004,四号装配工位,WS-004,刘洋,总装二车间,M24-04,2026-08-04 07:54:34
B0820,M24,8.8,0,20.0,520.0,125.44,1,欠拧,benchmark,WS-004,四号装配工位,WS-004,刘洋,总装二车间,M24-01,2026-08-04 07:56:07
E1062,M16,12.9,2,50.0,180.0,138.44,2,过拧,extended,WS-002,二号装配工位,WS-002,李强,总装一车间,M16-02,2026-08-04 07:57:30
